log_b,f_n,r_um,dust_ppb,sza,at_node,bba_direct,bba_sur,rf_direct,rf_sur,dalpha_direct,dalpha_sur
1.492299648474697,0.4887588869265054,1220.0,55338.577634113666,40.0,True,0.622522621458281,0.6216658202664193,0.12837947338320635,0.12853366559897877,0.0001419780964741099,0.00014214862153321455
2.2889020334999435,0.37863518428009496,4930.0,124724.14405392687,40.0,True,0.4791258351541704,0.4781642591751754,0.535577566838326,0.547087143684442,0.0005923087348003402,0.0006050374660279275
4.220078126778037,0.9193719823421763,1660.0,409007.19399474916,40.0,True,0.4590687955715092,0.45584661739924565,56.340089532744905,56.3704689637471,0.06230792552921022,0.06234152290791876
4.988040775710923,0.20693393436227234,12500.0,62973.568087824315,40.0,True,0.24969496284026127,0.24929995840556876,126.61384725087024,126.73852895404995,0.1400254460172432,0.1401633346564166
4.3618377245104405,0.5191057824896211,4930.0,826914.9013935864,40.0,True,0.3344036688453783,0.33039542293052443,41.55379453152744,42.30425100215721,0.04595538907728767,0.046785337809579566
1.8274334018446952,0.03648819681251817,17000.0,108315.90528720664,40.0,True,0.350428962829557,0.34965260291112205,0.09448497441678994,0.09773238796752762,0.00010449331547776573,0.00010808471200127164
1.288461435108072,0.6923467685724215,6000.0,650804.4839983428,40.0,True,0.386932109959661,0.38565519718998253,0.046465286150106457,0.0474314303752632,5.138713149278205e-05,5.2455614750987656e-05
5.232178753233189,0.8478975301555076,2270.0,32954.314125312034,40.0,True,0.22918160419828132,0.22955177628244738,306.9164975862829,306.2996516815249,0.33942669303316686,0.33874450759442487
2.221854894786998,0.3449379858252466,410.0,38897.06506127841,40.0,True,0.711916652065392,0.7110412783592148,0.6727584785082131,0.679640472788289,0.0007440205637882708,0.0007516315347798273
2.7737843002433773,0.04627134023545832,8000.0,209420.90222543676,40.0,True,0.41775014187861914,0.4161781068204017,1.0257143315251693,1.0365390585272098,0.0011343633407925146,0.0011463346793102705
2.5475979519312997,0.3199221087051691,890.0,616048.3923011987,40.0,True,0.5320963771412766,0.5316182607476929,0.8207564061594307,0.8437447404086649,0.0009076952034817344,0.0009331185819378405
4.668412708223299,0.8795719019998004,8000.0,273406.88674274954,40.0,True,0.2916618866646583,0.289677570298599,105.97263760677262,107.05581565786767,0.11719781184052147,0.11839572575763159
3.8991634700870033,0.2153064938477751,3610.0,338207.1153852823,40.0,True,0.45278029258439983,0.4505894562395077,17.324529599522336,17.82804871430171,0.01915963409124963,0.019716488575621242
5.400732451914437,0.12255966521645023,1420.0,85972.03803045703,40.0,True,0.2771715842161973,0.2783120949462879,290.7759420042075,288.67065201666554,0.3215764456596065,0.31924815238124893
3.6145126319480654,0.9668198220713627,17000.0,161408.42467048546,40.0,True,0.3329592845425587,0.332120566180163,10.576886957255027,10.95974885132059,0.011697245963382716,0.01212066258521014
5.707385033370515,0.6167286231454477,350.0,1097596.2350593433,40.0,True,0.3074525177891075,0.3072365036745445,216.71919407494528,216.11439499655194,0.23967522091572122,0.23900635836599513
3.2294383056627245,0.26366688008515166,2650.0,65275.1453396598,40.0,True,0.5448739471145261,0.5445280639263186,5.079365061823463,5.12750725123155,0.0056173978890081,0.00567063955009401
4.04893538161566,0.7456043633512405,560.0,413786.54456119536,40.0,True,0.5649511875159416,0.5616294079486949,35.4222254603077,35.78424092920903,0.03917433224483938,0.03957469427947222
2.9915880927675453,0.7518920627628859,760.0,96107.25611169082,40.0,True,0.6458690434930718,0.6442489436272748,4.753054259769252,4.745393062395599,0.005256522545671029,0.005248049834332068
3.370788864163463,0.41687097894852815,10500.0,518453.2304199822,40.0,True,0.3503970943781695,0.3487148260710781,4.284021198120181,4.4290654051967016,0.004737807056960588,0.004898215102597694
1.8838064905607728,0.6459407210213491,3090.0,911959.5733051224,40.0,True,0.402305283903562,0.3991195821036721,0.17366591548768226,0.17917871969990493,0.0001920615146143775,0.00019815826378820776
4.871946698050902,0.5527298511754696,1420.0,164412.16055858773,40.0,True,0.38573849149220235,0.3842318995421388,177.40705704264985,177.8610796761871,0.19619893738623295,0.19670105246403333
1.1843890347331447,0.8029577034551538,410.0,40998.43329389082,40.0,True,0.7119943670300056,0.7110274516384741,0.08316739085571842,0.08523383555904375,9.197691446487758e-05,9.426224776400541e-05
5.996936186465549,0.13068166290643435,650.0,222720.44081107044,40.0,True,0.22727017048893058,0.22717492729946126,362.84780215600995,360.87831081137983,0.40128253296499133,0.39910442282975067
1.0,0.6369616873214543,890.0,30000.0,40.0,True,0.6557063028564684,0.6557063028618549,0.04831914176921619,0.0483191369492831,5.3437357163620975e-05,5.343735183313545e-05
1.0,0.04097352393619469,300.0,1200000.0,40.0,True,0.5552164562617733,0.5552164562629265,0.009547364815125584,0.009547363783134932,1.0558671468835776e-05,1.0558670327531294e-05
6.0,0.8132702392002724,14500.0,30000.0,40.0,True,0.0451118635886986,0.04511779465565174,298.0825906492186,298.07728339541745,0.32965705262024797,0.3296511831944563
6.0,0.6066357757671799,6500.0,1200000.0,40.0,True,0.0630723152459156,0.06307705285418343,233.96357091420595,233.95933159441972,0.25874621204848847,0.25874152367784997
1.492299648474697,0.4887588869265054,1220.0,55338.577634113666,45.0,False,0.6260250655112204,0.625570430373491,0.11630288184458318,0.11589331719299381,0.00014062349725520997,0.00014056462032744556
2.2889020334999435,0.37863518428009496,4930.0,124724.14405392687,45.0,False,0.48342947412085335,0.48302970516454613,0.48984446113657804,0.49763820945800435,0.0005922780256483184,0.000604154723180359
4.220078126778037,0.9193719823421763,1660.0,409007.19399474916,45.0,False,0.4637608169742143,0.4612007422391008,51.14811220270961,50.92591037478093,0.06184392253975695,0.06178017880990183
4.988040775710923,0.20693393436227234,12500.0,62973.568087824315,45.0,False,0.2537341950529792,0.25416851967848825,116.43222776567055,115.8753876788947,0.1407798912799368,0.1407559888126383
4.3618377245104405,0.5191057824896211,4930.0,826914.9013935864,45.0,False,0.3387936595818785,0.33557344484292295,37.96940141607376,38.44539286313647,0.04590935264141003,0.04666976236612453
1.8274334018446952,0.03648819681251817,17000.0,108315.90528720664,45.0,False,0.3553791568663476,0.3553154970405744,0.08711445065622098,0.0895699360839676,0.00010533134277028903,0.00010883042983631166
1.288461435108072,0.6923467685724215,6000.0,650804.4839983428,45.0,False,0.39125147494077084,0.3906638577472316,0.04251764874770329,0.04316341595119236,5.140870429986776e-05,5.2404812495687966e-05
5.232178753233189,0.8478975301555076,2270.0,32954.314125312034,45.0,False,0.2348584119769864,0.2361903689633132,279.2735641511932,277.30434092267456,0.33767370729771085,0.33648678401890114
2.221854894786998,0.3449379858252466,410.0,38897.06506127841,45.0,False,0.7147017417982452,0.7141359419606776,0.6069606373773383,0.6105391692666349,0.0007338848889257162,0.0007402090176817367
2.7737843002433773,0.04627134023545832,8000.0,209420.90222543676,45.0,False,0.4222238673904394,0.42128408845307874,0.9410158856854102,0.945554913207891,0.0011377959231880762,0.0011483022524799548
2.5475979519312997,0.3199221087051691,890.0,616048.3923011987,45.0,False,0.5366128737161812,0.536683582589673,0.7428509000354915,0.7601534261222331,0.000898191771737568,0.0009218925481228746
4.668412708223299,0.8795719019998004,8000.0,273406.88674274954,45.0,False,0.29585153906877437,0.29467143248385574,97.15509838804117,97.59371124235696,0.11747163522360031,0.11851134037431406
3.8991634700870033,0.2153064938477751,3610.0,338207.1153852823,45.0,False,0.45706712665233595,0.4554940510456241,15.809450360257435,16.182677122170293,0.019115435181674172,0.019642000370860797
5.400732451914437,0.12255966521645023,1420.0,85972.03803045703,45.0,False,0.2833347154584504,0.28536552516965596,263.9403013387467,260.7736307487896,0.3191340373701774,0.31635242862849855
3.6145126319480654,0.9668198220713627,17000.0,161408.42467048546,45.0,False,0.33778283256509106,0.33767672632249934,9.747678340371033,10.040313108687382,0.011786058923059083,0.012198775533767588
5.707385033370515,0.6167286231454477,350.0,1097596.2350593433,45.0,False,0.31431937928139064,0.31499133033488913,196.63263895500526,195.16333231818567,0.2377513688897618,0.2367498277664371
3.2294383056627245,0.26366688008515166,2650.0,65275.1453396598,45.0,False,0.5488881466668393,0.5490279082734457,4.625926813098291,4.645671663405118,0.005593275043466409,0.005637624263254166
4.04893538161566,0.7456043633512405,560.0,413786.54456119536,45.0,False,0.5694340408367612,0.5666632497011534,32.00792738723705,32.192663742010346,0.038701248135011086,0.03903617244537959
2.9915880927675453,0.7518920627628859,760.0,96107.25611169082,45.0,False,0.6492546179475776,0.648030928902033,4.296193615437086,4.270027590067268,0.005194589863178062,0.005177871536185886
3.370788864163463,0.41687097894852815,10500.0,518453.2304199822,45.0,False,0.3548449870784696,0.35388009838656426,3.9339362358868106,4.043760059453021,0.0047565792239667145,0.0049112851870275805
1.8838064905607728,0.6459407210213491,3090.0,911959.5733051224,45.0,False,0.4067943614806846,0.4043211627152725,0.15824009138606737,0.1624179547621906,0.000191330384112311,0.00019710791818056798
4.871946698050902,0.5527298511754696,1420.0,164412.16055858773,45.0,False,0.3911689318830344,0.39042607942752566,160.95417985101665,160.59427430575778,0.19461202774613956,0.19481138640769563
1.1843890347331447,0.8029577034551538,410.0,40998.43329389082,45.0,False,0.7147781146822454,0.714121953722648,0.07502913273347576,0.07656356190771087,9.071881000426063e-05,9.282400490483422e-05
5.996936186465549,0.13068166290643435,650.0,222720.44081107044,45.0,False,0.23401626286543786,0.2349182807382244,329.3404653956451,325.99545999660177,0.39821032202351314,0.39547399038897796
1.0,0.6153851114812539,1420.0,30000.0,45.0,False,0.6192762037356249,0.6196738199874667,0.040748613437077454,0.04055283058466905,4.926973810915382e-05,4.91899846484295e-05
1.0,0.997209935789211,20000.0,1200000.0,45.0,False,0.2519009222270111,0.252749794332904,0.014104174025752848,0.014020753738190214,1.7053560891533794e-05,1.7032774722622916e-05
6.0,0.6855419844806947,4930.0,30000.0,45.0,False,0.07823288451244906,0.07937852048032326,345.8910584313861,344.04457199519777,0.41822188353790246,0.41762189496251173
6.0,0.6884467305709401,1660.0,1200000.0,45.0,False,0.12236670271505792,0.12348353433897567,238.60998962421502,237.37648393422097,0.2885067909652083,0.28810355084993444
1.492299648474697,0.4887588869265054,1220.0,55338.577634113666,50.0,True,0.6303137393885166,0.6294750404805628,0.10312850638521956,0.10325296878700885,0.00013881309016961583,0.00013898061912167656
2.2889020334999435,0.37863518428009496,4930.0,124724.14405392687,50.0,True,0.4888543086541122,0.4878951511539169,0.43876554397783135,0.4481892752315667,0.0005905874442902276,0.0006032719803327905
4.220078126778037,0.9193719823421763,1660.0,409007.19399474916,50.0,True,0.4697232689820264,0.466554867078956,45.45613828684586,45.481351785814766,0.061184896823821354,0.061218834711884905
4.988040775710923,0.20693393436227234,12500.0,62973.568087824315,50.0,True,0.25944868855033243,0.2590370809514077,104.8991149097551,105.01224640373945,0.141196365651696,0.14134864296886002
4.3618377245104405,0.5191057824896211,4930.0,826914.9013935864,50.0,True,0.34471369035250854,0.3407514667553214,33.97409207790626,34.58653472411573,0.04572982652754816,0.046554186922669494
1.8274334018446952,0.03648819681251817,17000.0,108315.90528720664,50.0,True,0.361762952231765,0.3609783911700268,0.07870483228257938,0.08140748420040758,0.00010593832261680071,0.00010957614767135168
1.288461435108072,0.6923467685724215,6000.0,650804.4839983428,50.0,True,0.39693695092651193,0.3956725183044807,0.03810222852012097,0.03889540152712152,5.128638306338251e-05,5.2354010240388284e-05
5.232178753233189,0.8478975301555076,2270.0,32954.314125312034,50.0,True,0.24246672004927022,0.242828961644179,248.8071442602002,248.30903016382416,0.33489953225954744,0.3342290604433774
2.221854894786998,0.3449379858252466,410.0,38897.06506127841,50.0,True,0.718080621019451,0.7172306055621404,0.5359444426782443,0.5414378657449809,0.0007213922401775627,0.0007287865005836462
2.7737843002433773,0.04627134023545832,8000.0,209420.90222543676,50.0,True,0.42796496733335293,0.42639007008575575,0.8456810761511516,0.8545707678885721,0.0011383041177771987,0.0011502698256496391
2.5475979519312997,0.3199221087051691,890.0,616048.3923011987,50.0,True,0.5422179438861803,0.5417489044316531,0.6581296012818788,0.6765621118358013,0.0008858559760846889,0.0009106665143079086
4.668412708223299,0.8795719019998004,8000.0,273406.88674274954,50.0,True,0.3016425806034441,0.29966529466911246,87.24735717792336,88.13160682684625,0.11743673678120409,0.11862695499099653
3.8991634700870033,0.2153064938477751,3610.0,338207.1153852823,50.0,True,0.4625706320735802,0.4603986458517405,14.126920648993003,14.537305530038877,0.019015125677692597,0.01956751216610035
5.400732451914437,0.12255966521645023,1420.0,85972.03803045703,50.0,True,0.29133061271607436,0.2924189553930241,234.55135712003016,232.8766094809137,0.31571094963491936,0.3134567048757482
3.6145126319480654,0.9668198220713627,17000.0,161408.42467048546,50.0,True,0.344080358617418,0.3432328864648357,8.802491069401416,9.120877366054174,0.011848333980227027,0.012276888482325037
5.707385033370515,0.6167286231454477,350.0,1097596.2350593433,50.0,True,0.3229838635095668,0.3227461569952338,174.6831716148325,174.21226963981943,0.23512714090814665,0.2344932971668791
3.2294383056627245,0.26366688008515166,2650.0,65275.1453396598,50.0,True,0.5538699166255555,0.553527752620573,4.124744538324287,4.1638360755786845,0.005551990963451988,0.005604608976414321
4.04893538161566,0.7456043633512405,560.0,413786.54456119536,50.0,True,0.574939576179401,0.5716970914536119,28.310250020804038,28.60108655481167,0.0381061786562,0.03849765061128696
2.9915880927675453,0.7518920627628859,760.0,96107.25611169082,50.0,True,0.6533919686716818,0.651812914176791,3.8007239663522734,3.7946621177389366,0.005115852610919735,0.005107693238039703
3.370788864163463,0.41687097894852815,10500.0,518453.2304199822,50.0,True,0.36072817451136685,0.3590453707020504,3.5388374945373573,3.6584547137093413,0.004763348034828476,0.004924355271457466
1.8838064905607728,0.6459407210213491,3090.0,911959.5733051224,50.0,True,0.4126602538286887,0.409522743326873,0.1411750547395801,0.14565718982447626,0.000190024526584964,0.0001960575725729282
4.871946698050902,0.5527298511754696,1420.0,164412.16055858773,50.0,True,0.39811291210197586,0.3966202593129125,142.95068934207723,143.32746893532845,0.19241456727132894,0.19292172035135793
1.1843890347331447,0.8029577034551538,410.0,40998.43329389082,50.0,True,0.7181553902979231,0.7172164558068219,0.06624574614452217,0.06789328825637798,8.916813648559715e-05,9.138576204566304e-05
5.996936186465549,0.13068166290643435,650.0,222720.44081107044,50.0,True,0.24275859011060016,0.24266163417698755,292.68686673528526,291.11260918182376,0.39396254098576206,0.39184355794820525
1.0,0.5436249914654229,14500.0,30000.0,50.0,True,0.38937706141762507,0.3893770614194546,0.019682915348003337,0.019682914002585192,2.6493608787442785e-05,2.64936069764823e-05
1.0,0.8158535541215322,300.0,1200000.0,50.0,True,0.5660905978659541,0.5660905978665671,0.013410829267259219,0.013410828816349432,1.8051251953283233e-05,1.8051251346349387e-05
6.0,0.8574042765875693,350.0,30000.0,50.0,True,0.2796843162184761,0.27972055034237453,332.617897766965,332.5912515593398,0.4477105298343691,0.4476746634909942
6.0,0.7296554464299441,650.0,1200000.0,50.0,True,0.20055506748217347,0.20058238936271316,214.79002924365878,214.76993700950914,0.2891117959719392,0.28908475141162815
1.492299648474697,0.4887588869265054,1220.0,55338.577634113666,55.0,False,0.6357839622902528,0.6359182841924542,0.08895537483998711,0.08862408462628052,0.0001363182982291724,0.00013594780809557042
2.2889020334999435,0.37863518428009496,4930.0,124724.14405392687,55.0,False,0.49599682072477475,0.49644467633293293,0.3824144859184034,0.3880417926026064,0.0005860252068225461,0.0005961285449202027
4.220078126778037,0.9193719823421763,1660.0,409007.19399474916,55.0,False,0.47761406229334935,0.4760538818551558,39.300540849163454,39.11457310218335,0.060225510349216034,0.06002127766436609
4.988040775710923,0.20693393436227234,12500.0,62973.568087824315,55.0,False,0.2678813308028583,0.2697504419629677,91.98291040341522,91.3863356308689,0.14095779861436214,0.14051349062711488
4.3618377245104405,0.5191057824896211,4930.0,826914.9013935864,55.0,False,0.35304717218946696,0.3511298345126388,29.580339800335352,29.91978499796621,0.04532993750940566,0.04595766657979792
1.8274334018446952,0.03648819681251817,17000.0,108315.90528720664,55.0,False,0.37037172542015706,0.37141038017643563,0.06921387215292317,0.07102213563352075,0.00010606573557483036,0.00010924794639873093
1.288461435108072,0.6923467685724215,6000.0,650804.4839983428,55.0,False,0.4047595868904259,0.40527162430059027,0.03322773967512595,0.03369153775471278,5.0919339440285346e-05,5.176271257183175e-05
5.232178753233189,0.8478975301555076,2270.0,32954.314125312034,55.0,False,0.2530700310985042,0.25584448441506935,215.67103050285868,214.01792730700683,0.33050175898158113,0.32853304246845316
2.221854894786998,0.3449379858252466,410.0,38897.06506127841,55.0,False,0.7223421490740382,0.7222247591146445,0.46037241923835515,0.46316352907765856,0.0007054906446643305,0.0007100747644942494
2.7737843002433773,0.04627134023545832,8000.0,209420.90222543676,55.0,False,0.43567082507122706,0.43571674986079634,0.7396318789570496,0.7418723526163331,0.0011334375155726659,0.001140216509415704
2.5475979519312997,0.3199221087051691,890.0,616048.3923011987,55.0,False,0.549450479987228,0.5502902741177461,0.5672650086522232,0.5804019305975734,0.0008692965519343432,0.0008902465372860439
4.668412708223299,0.8795719019998004,8000.0,273406.88674274954,55.0,False,0.3100017491443217,0.31017445058657,76.24633151210935,76.4774342716852,0.1168425199336676,0.11753335923699051
3.8991634700870033,0.2153064938477751,3610.0,338207.1153852823,55.0,False,0.4699510163544401,0.4693387328329085,12.282182771570744,12.560373605948538,0.018821642390601908,0.019289089613323568
5.400732451914437,0.12255966521645023,1420.0,85972.03803045703,55.0,False,0.30211786123421275,0.3054022127198667,202.79932447405568,200.30894800007678,0.31077671072779245,0.3073822628662426
3.6145126319480654,0.9668198220713627,17000.0,161408.42467048546,55.0,False,0.3526848246186943,0.35373565839911125,7.7368796849705594,7.9535055752249635,0.01185626247043753,0.01223329192311361
5.707385033370515,0.6167286231454477,350.0,1097596.2350593433,55.0,False,0.3343418484268633,0.33623254236832434,151.0167065319476,149.8501959125504,0.2314232330046401,0.22995161652439491
3.2294383056627245,0.26366688008515166,2650.0,65275.1453396598,55.0,False,0.5603171261353174,0.5611677128622443,3.5780437119742095,3.5907142470471327,0.005483118144162563,0.005512502480376645
4.04893538161566,0.7456043633512405,560.0,413786.54456119536,55.0,False,0.581961543107736,0.5799950487006459,24.361150276676582,24.50331865215815,0.037331870666559096,0.03757571475933079
2.9915880927675453,0.7518920627628859,760.0,96107.25611169082,55.0,False,0.65865357313092,0.658015206909972,3.2708792509931146,3.2509857627066086,0.005012408682561806,0.004985369337541855
3.370788864163463,0.41687097894852815,10500.0,518453.2304199822,55.0,False,0.36887388064443954,0.36907154899609546,3.098124680259785,3.179465647494821,0.004747673593355114,0.004887563570415986
1.8838064905607728,0.6459407210213491,3090.0,911959.5733051224,55.0,False,0.4206596210129994,0.41931244757834335,0.12254184317909465,0.1256812138948513,0.00018778736590215823,0.00019296610185543702
4.871946698050902,0.5527298511754696,1420.0,164412.16055858773,55.0,False,0.4073492534702232,0.407710886291062,123.51811170341215,123.20977037800427,0.18928343361126582,0.18905120615568455
1.1843890347331447,0.8029577034551538,410.0,40998.43329389082,55.0,False,0.7224148938513238,0.7222104542923953,0.056899396270886665,0.058073065113633485,8.719460610296847e-05,8.903032932219651e-05
5.996936186465549,0.13068166290643435,650.0,222720.44081107044,55.0,False,0.254542842614159,0.2568807281801222,253.12266378656355,250.46798065207147,0.38789393932280464,0.3843709625493708
1.0,0.13509650502241122,6000.0,30000.0,55.0,False,0.4932859624878044,0.494676832781728,0.01631817849932252,0.01620633701404517,2.500654206931155e-05,2.490301796430842e-05
1.0,0.5253543224757259,1040.0,1200000.0,55.0,False,0.46245863650126895,0.4640742547718082,0.012724691178952207,0.012662166104858414,1.949975760460499e-05,1.9425482869677787e-05
6.0,0.4858353588317891,12500.0,30000.0,55.0,False,0.07069099027979643,0.07378746921410069,222.17888840475814,220.6459557746151,0.34047462589265864,0.33905200942455516
6.0,0.9340435159562497,1420.0,1200000.0,55.0,False,0.14761470531281218,0.15044808939655419,188.64631789539152,187.49950968174295,0.28908815312123715,0.2879612600545075
1.492299648474697,0.4887588869265054,1220.0,55338.577634113666,60.0,True,0.6431650662986866,0.6423615279043458,0.07390536771724104,0.07399520046555219,0.00013275363363773635,0.00013291499706946427
2.2889020334999435,0.37863518428009496,4930.0,124724.14405392687,60.0,True,0.505931216497713,0.504994201511949,0.3210041203446285,0.3278943099736461,0.000576608502260294,0.0005889851095076151
4.220078126778037,0.9193719823421763,1660.0,409007.19399474916,60.0,True,0.48860470184376453,0.4855528966313556,32.72887827350012,32.74779441855193,0.058789742205432635,0.05882372061684727
4.988040775710923,0.20693393436227234,12500.0,62973.568087824315,60.0,True,0.28084900319827655,0.2804638029745278,77.68847071043284,77.76042485799834,0.13954908956041687,0.13967833828536974
4.3618377245104405,0.5191057824896211,4930.0,826914.9013935864,60.0,True,0.3653426029646326,0.3615082022699562,24.80656636917276,25.25303527181669,0.04455916972340705,0.045361146236926345
1.8274334018446952,0.03648819681251817,17000.0,108315.90528720664,60.0,True,0.3826191839478969,0.3818423691828445,0.058625654869444786,0.060636787066633904,0.00010530721852419714,0.00010891974512611019
1.288461435108072,0.6923467685724215,6000.0,650804.4839983428,60.0,True,0.4160945408852606,0.4148707302966998,0.0279077771572196,0.02848767398230404,5.01297664676774e-05,5.1171414903275224e-05
5.232178753233189,0.8478975301555076,2270.0,32954.314125312034,60.0,True,0.26851452427280437,0.2688600071859597,180.08511155110367,179.7268244501895,0.32348060311306664,0.32283702449352897
2.221854894786998,0.3449379858252466,410.0,38897.06506127841,60.0,True,0.7280266387950363,0.7272189126671487,0.38097766426901497,0.38488919241033626,0.0006843368868690528,0.0006913630284048525
2.7737843002433773,0.04627134023545832,8000.0,209420.90222543676,60.0,True,0.44658846138523933,0.44504342963583693,0.6230550996320692,0.629173937344094,0.001119172138472201,0.0011301631931817685
2.5475979519312997,0.3199221087051691,890.0,616048.3923011987,60.0,True,0.5592828949867633,0.5588316438038391,0.4710502959128699,0.48424174935934544,0.0008461312126585393,0.0008698265602641792
4.668412708223299,0.8795719019998004,8000.0,273406.88674274954,60.0,True,0.3226165104800505,0.32068360650402755,64.17703699128276,64.82326171652414,0.11527897255436664,0.11643976348298452
3.8991634700870033,0.2153064938477751,3610.0,338207.1153852823,60.0,True,0.48038726701781737,0.47827881981407655,10.28478266938262,10.5834416818582,0.018474196295980894,0.01901066706054678
5.400732451914437,0.12255966521645023,1420.0,85972.03803045703,60.0,True,0.317375297582532,0.31838547004670925,168.9273835190564,167.7412865192399,0.3034383655172397,0.30130782085673696
3.6145126319480654,0.9668198220713627,17000.0,161408.42467048546,60.0,True,0.36507747939694485,0.36423843033338676,6.549445893284725,6.786133784395753,0.01176454116260982,0.012189695363902181
5.707385033370515,0.6167286231454477,350.0,1097596.2350593433,60.0,True,0.349975124576745,0.3497189277414149,125.81484516113986,125.48812218528137,0.2259968169648125,0.22540993588191072
3.2294383056627245,0.26366688008515166,2650.0,65275.1453396598,60.0,True,0.5691390023606809,0.5688076731039156,2.989261554864791,3.017592418515581,0.005369506242363431,0.005420395984338969
4.04893538161566,0.7456043633512405,560.0,413786.54456119536,60.0,True,0.5913955539634678,0.5882930059476799,20.19681835264773,20.405550749504634,0.036278840185106354,0.03665377890737462
2.9915880927675453,0.7518920627628859,760.0,96107.25611169082,60.0,True,0.6657243613919284,0.6642174996431529,2.711574244759219,2.7073094076742805,0.0048707062151090675,0.004863045437044006
3.370788864163463,0.41687097894852815,10500.0,518453.2304199822,60.0,True,0.38074610247373214,0.3790977272901405,2.612342210739829,2.7004765812803004,0.004692459174383441,0.0048507718693745075
1.8838064905607728,0.6459407210213491,3090.0,911959.5733051224,60.0,True,0.432128757163168,0.4291021518298137,0.10245227470608284,0.10570523796522631,0.00018403144672414842,0.00018987463113794584
4.871946698050902,0.5527298511754696,1420.0,164412.16055858773,60.0,True,0.4202534539624776,0.41880151326921156,102.81074832014902,103.09207182068008,0.18467536037075402,0.18518069196001116
1.1843890347331447,0.8029577034551538,410.0,40998.43329389082,60.0,True,0.7280966828018037,0.7272044527779685,0.04708103581698815,0.048252841970888985,8.457002208616997e-05,8.667489659872998e-05
5.996936186465549,0.13068166290643435,650.0,222720.44081107044,60.0,True,0.2711982025865414,0.27109982218325684,210.94054920083525,209.8233521223192,0.37890514928617103,0.3768983671505364
1.0,0.8631789223498866,3090.0,30000.0,60.0,True,0.5675668312127005,0.5675668312157018,0.026392456153322405,0.026392454498856424,4.7407848214532624e-05,4.74078452426731e-05
1.0,0.2997118905373848,1660.0,1200000.0,60.0,True,0.4408940747093663,0.44089407470938063,0.00922819048331099,0.009228190475436666,1.6576276614275202e-05,1.657627660013083e-05
6.0,0.028319671145462966,480.0,30000.0,60.0,True,0.31619645854102507,0.3162946541909429,222.72558563507297,222.67145722746966,0.4000741990794676,0.39997697010930866
6.0,0.6706244146936303,4220.0,1200000.0,60.0,True,0.11561900494562308,0.11563522518615746,146.87533714328427,146.86639605687355,0.2638270439589453,0.2638109833973602
