PROMBIO 2024;;;Location;Sample type;;;;;;;;;;
Sample unique ID;Sample;date;Randomized grid or under radiometer;Chisel (C) vs ice screw (IS);sample labelling in the field;photo name weathering crust;photo name microscope images;ice algae (cells/ml);snow algae (cells/ml);ice+snow algae (cells/ml);% snow algae ;mineral/cell ratio (qualitative measurement);Ice algae characteristics;other observations
2024_0;QAS-L;01-09-2024;randomized grid;C;1;IMG_0594.jpg;QASL_Array_1 of 20C_1.jpg, QASL_Array_1 of 20C_2.jpg, QASL_Array_1 of 20C_3.jpg, QASL_Array_1 of 20C_4.jpg, QASL_Array_1 of 20C_5.jpg, QASL_Array_1 of 20C_6.jpg, QASL_Array_1 of 20C_7.jpg, QASL_Array_1 of 20C_8.jpg, QASL_Array_1 of 20C_9.jpg, QASL_Array_1 of 20C_10.jpg;4,00E+04;9,38E+02;4,09E+04;2,3;balanced;mainly single cells;
2024_1;QAS-L;01-09-2024;randomized grid;C;2;IMG_0610.jpg;QASL_Array_2 of 20C_1.jpg, QASL_Array_2 of 20C_2.jpg, QASL_Array_2 of 20C_3.jpg, QASL_Array_2 of 20C_4.jpg, QASL_Array_2 of 20C_5.jpg, QASL_Array_2 of 20C_6.jpg;4,03E+04;2,50E+03;4,28E+04;5,8;balanced;single cells and short chains;
2024_2;QAS-L;01-09-2024;randomized grid;C;3;IMG_0608.jpg;QASL_Array_3 of 20C_1.jpg, QASL_Array_3 of 20C_2.jpg, QASL_Array_3 of 20C_3.jpg, QASL_Array_3 of 20C_4.jpg, QASL_Array_3 of 20C_5.jpg, QASL_Array_3 of 20C_6.jpg;6,78E+04;5,63E+03;7,34E+04;7,7;more minerals;single cells;
2024_3;QAS-L;01-09-2024;randomized grid;C;4;IMG_0611.jpg;QASL_Array_4 of 20C_1.jpg, QASL_Array_4 of 20C_2.jpg, QASL_Array_4 of 20C_3.jpg, QASL_Array_4 of 20C_4.jpg, QASL_Array_4 of 20C_5.jpg, QASL_Array_4 of 20C_6.jpg;2,32E+05;4,69E+03;2,37E+05;2,0;more cells;single cells and some long chains;
2024_4;QAS-L;01-09-2024;randomized grid;C;5;IMG_0597.jpg;QASL_Array_5 of 20C_1.jpg, QASL_Array_5 of 20C_2.jpg, QASL_Array_5 of 20C_3.jpg, QASL_Array_5 of 20C_4.jpg, QASL_Array_5 of 20C_5.jpg, QASL_Array_5 of 20C_6.jpg, QASL_Array_5 of 20C_7.jpg, QASL_Array_5 of 20C_8.jpg, QASL_Array_5 of 20C_9.jpg, QASL_Array_5 of 20C_10.jpg;5,31E+04;1,25E+03;5,44E+04;2,3;more cells to balanced;single cells, few short chains;
2024_5;QAS-L;01-09-2024;randomized grid;C;6;IMG_0612.jpg;QASL_Array_6 of 20C_1.jpg, QASL_Array_6 of 20C_2.jpg, QASL_Array_6 of 20C_3.jpg, QASL_Array_6 of 20C_4.jpg, QASL_Array_6 of 20C_5.jpg, QASL_Array_6 of 20C_6.jpg, QASL_Array_6 of 20C_7.jpg, QASL_Array_6 of 20C_8.jpg, QASL_Array_6 of 20C_9.jpg, QASL_Array_6 of 20C_10.jpg;5,13E+04;1,25E+03;5,25E+04;2,4;more cells;mainly single cells;
2024_6;QAS-L;01-09-2024;randomized grid;C;7;IMG_0599.jpg;QASL_Array_7 of 20C_1.jpg, QASL_Array_7 of 20C_2.jpg, QASL_Array_7 of 20C_3.jpg, QASL_Array_7 of 20C_4.jpg, QASL_Array_7 of 20C_5.jpg, QASL_Array_7 of 20C_6.jpg;4,34E+04;2,50E+03;4,59E+04;5,4;balanced;single cells;
2024_7;QAS-L;01-09-2024;randomized grid;C;8;IMG_0606.jpg;QASL_Array_8 of 20C_1.jpg, QASL_Array_8 of 20C_2.jpg, QASL_Array_8 of 20C_3.jpg, QASL_Array_8 of 20C_4.jpg, QASL_Array_8 of 20C_5.jpg, QASL_Array_8 of 20C_6.jpg;9,91E+04;5,31E+03;1,04E+05;5,1;balanced;long chains and single cells;big minerals
2024_8;QAS-L;01-09-2024;randomized grid;C;9;IMG_0591.jpg;QASL_Array_9 of 20C_1.jpg, QASL_Array_9 of 20C_2.jpg, QASL_Array_9 of 20C_3.jpg, QASL_Array_9 of 20C_4.jpg, QASL_Array_9 of 20C_5.jpg, QASL_Array_9 of 20C_6.jpg;6,13E+04;3,13E+03;6,44E+04;4,9;more cells;single cells and long chains;
2024_9;QAS-L;01-09-2024;randomized grid;C;10;IMG_0590.jpg;QASL_Array_10 of 20C_1.jpg, QASL_Array_10 of 20C_2.jpg, QASL_Array_10 of 20C_3.jpg, QASL_Array_10 of 20C_4.jpg, QASL_Array_10 of 20C_5.jpg, QASL_Array_10 of 20C_6.jpg;5,88E+04;1,88E+03;6,06E+04;3,1;balanced;single cells;
2024_10;QAS-L;01-09-2024;randomized grid;C;11;IMG_0609.jpg;QASL_Array_11 of 20C_1.jpg, QASL_Array_11 of 20C_2.jpg, QASL_Array_11 of 20C_3.jpg, QASL_Array_11 of 20C_4.jpg, QASL_Array_11 of 20C_5.jpg, QASL_Array_11 of 20C_6.jpg;1,44E+05;9,69E+03;1,53E+05;6,3;balanced;single cells, some short chains;
2024_11;QAS-L;01-09-2024;randomized grid;C;12;IMG_0604.jpg;QASL_Array_12_1.jpg, QASL_Array_12_2.jpg, QASL_Array_12_3.jpg, QASL_Array_12_4.jpg, QASL_Array_12_5.jpg, QASL_Array_12_6.jpg, QASL_Array_12_7.jpg, QASL_Array_12_8.jpg, QASL_Array_12_9.jpg, QASL_Array_12_10.jpg, QASL_Array_12_11.jpg;3,47E+04;9,38E+02;3,56E+04;2,6;balanced;mostly small single cells;
2024_12;QAS-L;01-09-2024;randomized grid;C;13;IMG_0592.jpg;QASL_Array_13 of 20C_1.jpg, QASL_Array_13 of 20C_2.jpg, QASL_Array_13 of 20C_3.jpg, QASL_Array_13 of 20C_4.jpg, QASL_Array_13 of 20C_5.jpg, QASL_Array_13 of 20C_6.jpg;2,50E+04;1,25E+03;2,63E+04;4,8;balanced to more cells;chains and single cells;
2024_13;QAS-L;01-09-2024;randomized grid;C;14;IMG_0607.jpg;QASL_Array_14 of 20C_1.jpg, QASL_Array_14 of 20C_2.jpg, QASL_Array_14 of 20C_3.jpg, QASL_Array_14 of 20C_4.jpg, QASL_Array_14 of 20C_5.jpg, QASL_Array_14 of 20C_6.jpg, QASL_Array_14 of 20C_7.jpg, QASL_Array_14 of 20C_8.jpg, QASL_Array_14 of 20C_9.jpg, QASL_Array_14 of 20C_10.jpg;6,59E+04;1,56E+03;6,75E+04;2,3;more cells;single cells;
2024_14;QAS-L;01-09-2024;randomized grid;C;15;IMG_0603.jpg;QASL_Array_15 of 20C_1.jpg, QASL_Array_15 of 20C_2.jpg, QASL_Array_15 of 20C_3.jpg, QASL_Array_15 of 20C_4.jpg, QASL_Array_15 of 20C_5.jpg, QASL_Array_15 of 20C_6.jpg, QASL_Array_15 of 20C_7.jpg, QASL_Array_15 of 20C_8.jpg, QASL_Array_15 of 20C_9.jpg, QASL_Array_15 of 20C_10.jpg;2,38E+04;6,88E+03;3,06E+04;22,4;more minerals;single cells;
2024_15;QAS-L;01-09-2024;randomized grid;C;16;IMG_0601.jpg;QASL_Array_16 of 20C_1.jpg, QASL_Array_16 of 20C_2.jpg, QASL_Array_16 of 20C_3.jpg, QASL_Array_16 of 20C_4.jpg, QASL_Array_16 of 20C_5.jpg, QASL_Array_16 of 20C_6.jpg;7,09E+04;4,06E+03;7,50E+04;5,4;balanced;single cells and chains;
2024_16;QAS-L;01-09-2024;randomized grid;C;17;IMG_0600.jpg;QASL_Array_17 of 20C_1.jpg, QASL_Array_17 of 20C_2.jpg, QASL_Array_17 of 20C_3.jpg, QASL_Array_17 of 20C_4.jpg, QASL_Array_17 of 20C_5.jpg, QASL_Array_17 of 20C_6.jpg;3,00E+04;1,56E+03;3,16E+04;5,0;balanced;single cells, few short chains (4 cells/chain);
2024_17;QAS-L;01-09-2024;randomized grid;C;18;IMG_0605.jpg;QASL_Array_18 of 20C_1.jpg, QASL_Array_18 of 20C_2.jpg, QASL_Array_18 of 20C_3.jpg, QASL_Array_18 of 20C_4.jpg, QASL_Array_18 of 20C_5.jpg, QASL_Array_18 of 20C_6.jpg, QASL_Array_18 of 20C_7.jpg, QASL_Array_18 of 20C_8.jpg, QASL_Array_18 of 20C_9.jpg, QASL_Array_18 of 20C_10.jpg;1,28E+05;4,38E+03;1,32E+05;3,3;balanced;single cells;
2024_18;QAS-L;01-09-2024;randomized grid;C;19;IMG_0593.jpg;QASL_Array_19 of 20C_1.jpg, QASL_Array_19 of 20C_2.jpg, QASL_Array_19 of 20C_3.jpg, QASL_Array_19 of 20C_4.jpg, QASL_Array_19 of 20C_5.jpg, QASL_Array_19 of 20C_6.jpg, QASL_Array_19 of 20C_7.jpg, QASL_Array_19 of 20C_8.jpg, QASL_Array_19 of 20C_9.jpg, QASL_Array_19 of 20C_10.jpg;8,50E+04;1,56E+03;8,66E+04;1,8;balanced;single cells and short (2cell) chains;
2024_19;QAS-L;01-09-2024;randomized grid;C;20;IMG_0598.jpg;QASL_Array_20 of 20C_1.jpg, QASL_Array_20 of 20C_2.jpg, QASL_Array_20 of 20C_3.jpg, QASL_Array_20 of 20C_4.jpg, QASL_Array_20 of 20C_5.jpg, QASL_Array_20 of 20C_6.jpg;1,29E+05;5,63E+03;1,34E+05;4,2;balanced;single cells;
2024_20;QAS-L;01-09-2024;randomized grid;IS;1;no image available;QASL_Array_1 of 5IS_1.jpg, QASL_Array_1 of 5IS_2.jpg, QASL_Array_1 of 5IS_3.jpg, QASL_Array_1 of 5IS_4.jpg, QASL_Array_1 of 5IS_5.jpg, QASL_Array_1 of 5IS_6.jpg;4,97E+04;1,88E+03;5,16E+04;3,6;balanced;single cells;
2024_21;QAS-L;01-09-2024;randomized grid;IS;2;IMG_0605.jpg;QASL_Array_2 of 5IS_1.jpg, QASL_Array_2 of 5IS_2.jpg, QASL_Array_2 of 5IS_3.jpg, QASL_Array_2 of 5IS_4.jpg, QASL_Array_2 of 5IS_5.jpg, QASL_Array_2 of 5IS_6.jpg, QASL_Array_2 of 5IS_7.jpg, QASL_Array_2 of 5IS_8.jpg, QASL_Array_2 of 5IS_9.jpg, QASL_Array_2 of 5IS_10.jpg;3,96E+05;5,63E+03;4,01E+05;1,4;many more minerals;mainly single, some long chains;
2024_22;QAS-L;01-09-2024;randomized grid;IS;3;IMG_0608.jpg;QASL_Array_3 of 5IS_1.jpg, QASL_Array_3 of 5IS_2.jpg, QASL_Array_3 of 5IS_3.jpg, QASL_Array_3 of 5IS_4.jpg, QASL_Array_3 of 5IS_5.jpg, QASL_Array_3 of 5IS_6.jpg, QASL_Array_3 of 5IS_7.jpg, QASL_Array_3 of 5IS_8.jpg, QASL_Array_3 of 5IS_9.jpg, QASL_Array_3 of 5IS_10.jpg;1,72E+04;3,13E+03;2,03E+04;15,4;balanced;single cells;
2024_23;QAS-L;01-09-2024;randomized grid;IS;4;no image available;QASL_Array_4 of 5IS_1.jpg, QASL_Array_4 of 5IS_2.jpg, QASL_Array_4 of 5IS_3.jpg, QASL_Array_4 of 5IS_4.jpg, QASL_Array_4 of 5IS_5.jpg, QASL_Array_4 of 5IS_6.jpg;3,09E+04;1,78E+04;4,88E+04;36,5;many more minerals;single cells;
2024_24;QAS-L;01-09-2024;randomized grid;IS;5;no image available;QASL_Array_5 of 5IS_1.jpg, QASL_Array_5 of 5IS_2.jpg, QASL_Array_5 of 5IS_3.jpg, QASL_Array_5 of 5IS_4.jpg, QASL_Array_5 of 5IS_5.jpg, QASL_Array_5 of 5IS_6.jpg;1,88E+04;3,13E+03;2,19E+04;14,3;balanced;single cells, few short chains;
2024_25;QAS-L;01-09-2024;under radiometer;C;1;IMG_0582.jpg;QASL_Albedo_1 of 5C_1.jpg, QASL_Albedo_1 of 5C_2.jpg, QASL_Albedo_1 of 5C_3.jpg, QASL_Albedo_1 of 5C_4.jpg, QASL_Albedo_1 of 5C_5.jpg, QASL_Albedo_1 of 5C_6.jpg;1,19E+04;3,75E+03;1,56E+04;24,0;more minerals;single cells;
2024_26;QAS-L;01-09-2024;under radiometer;C;2;IMG_0584.jpg;no image available;2,49E+05;1,88E+03;2,51E+05;0,7;some more minerals;mostly single cells;
2024_27;QAS-L;01-09-2024;under radiometer;C;3;IMG_0586.jpg;QASL_Albedo_3 of 5C_1.jpg, QASL_Albedo_3 of 5C_2.jpg, QASL_Albedo_3 of 5C_3.jpg, QASL_Albedo_3 of 5C_4.jpg, QASL_Albedo_3 of 5C_5.jpg, QASL_Albedo_3 of 5C_6.jpg, QASL_Albedo_3 of 5C_7.jpg, QASL_Albedo_3 of 5C_8.jpg, QASL_Albedo_3 of 5C_9.jpg, QASL_Albedo_3 of 5C_10.jpg;6,56E+04;9,38E+03;7,50E+04;12,5;more minerals;mainly single cells, one very long chain;
2024_28;QAS-L;01-09-2024;under radiometer;C;4;IMG_0585.jpg;QASL_Albedo_4 of 5C_1.jpg, QASL_Albedo_4 of 5C_2.jpg, QASL_Albedo_4 of 5C_3.jpg, QASL_Albedo_4 of 5C_4.jpg, QASL_Albedo_4 of 5C_5.jpg, QASL_Albedo_4 of 5C_6.jpg;6,38E+04;1,19E+04;7,56E+04;15,7;balanced;single cells;
2024_29;QAS-L;01-09-2024;under radiometer;C;5;IMG_0583.jpg;QASL_Albedo_5 of 5C_1.jpg, QASL_Albedo_5 of 5C_2.jpg, QASL_Albedo_5 of 5C_3.jpg, QASL_Albedo_5 of 5C_4.jpg, QASL_Albedo_5 of 5C_5.jpg, QASL_Albedo_5 of 5C_6.jpg;3,56E+04;8,44E+03;4,41E+04;19,1;balanced;single cells;
2024_30;QAS-L;01-09-2024;under radiometer;IS;1;IMG_0582.jpg;QASL_Albedo_1 of 5IS_1.jpg, QASL_Albedo_1 of 5IS_2.jpg, QASL_Albedo_1 of 5IS_3.jpg, QASL_Albedo_1 of 5IS_4.jpg, QASL_Albedo_1 of 5IS_5.jpg, QASL_Albedo_1 of 5IS_7.jpg, QASL_Albedo_1 of 5IS_9.jpg, QASL_Albedo_1 of 5IS_10.jpg, QASL_Albedo_1 of 5IS_11.jpg, QASL_Albedo_1 of 5IS_12.jpg;2,66E+04;5,94E+03;3,25E+04;18,3;more cells;single cells;
2024_31;QAS-L;01-09-2024;under radiometer;IS;2;IMG_0584.jpg;QASL_Albedo_2 of 5IS_1.jpg, QASL_Albedo_2 of 5IS_2.jpg, QASL_Albedo_2 of 5IS_3.jpg, QASL_Albedo_2 of 5IS_4.jpg, QASL_Albedo_2 of 5IS_5.jpg, QASL_Albedo_2 of 5IS_6.jpg;4,41E+04;1,81E+04;6,22E+04;29,1;more minerals;single cells;
2024_32;QAS-L;01-09-2024;under radiometer;IS;3;IMG_0586.jpg;QASL_Albedo_3 of 5IS_1.jpg, QASL_Albedo_3 of 5IS_2.jpg, QASL_Albedo_3 of 5IS_3.jpg, QASL_Albedo_3 of 5IS_4.jpg, QASL_Albedo_3 of 5IS_5.jpg, QASL_Albedo_3 of 5IS_6.jpg, QASL_Albedo_3 of 5IS_7.jpg, QASL_Albedo_3 of 5IS_8.jpg, QASL_Albedo_3 of 5IS_9.jpg, QASL_Albedo_3 of 5IS_10.jpg;5,75E+04;2,50E+03;6,00E+04;4,2;balanced;mostly single cells;
2024_33;QAS-L;01-09-2024;under radiometer;IS;4;IMG_0585.jpg;QASL_Albedo_4 of 5IS_1.jpg, QASL_Albedo_4 of 5IS_2.jpg, QASL_Albedo_4 of 5IS_3.jpg, QASL_Albedo_4 of 5IS_4.jpg, QASL_Albedo_4 of 5IS_5.jpg, QASL_Albedo_4 of 5IS_6.jpg, QASL_Albedo_4 of 5IS_7.jpg, QASL_Albedo_4 of 5IS_8.jpg, QASL_Albedo_4 of 5IS_9.jpg, QASL_Albedo_4 of 5IS_10.jpg;8,75E+05;2,85E+05;1,16E+06;24,6;many minerals;single cells and chains;very low sample volume, only one square counted because of very high density
2024_34;QAS-L;01-09-2024;under radiometer;IS;5;IMG_0583.jpg;QASL_Albedo_5 of 5IS_1.jpg, QASL_Albedo_5 of 5IS_2.jpg, QASL_Albedo_5 of 5IS_3.jpg, QASL_Albedo_5 of 5IS_4.jpg, QASL_Albedo_5 of 5IS_5.jpg, QASL_Albedo_5 of 5IS_6.jpg;9,94E+04;1,47E+04;1,14E+05;12,9;many minerals;single cells and a few chains;
2024_35;QAS-U;27-08-2024;under radiometer;Chisel;1;QASU R1 Before.JPG, QASU R1 After.JPG;QASU_NetRad_KASUR1_1.jpg, QASU_NetRad_KASUR1_2.jpg, QASU_NetRad_KASUR1_3.jpg, QASU_NetRad_KASUR1_4.jpg;1,88E+03;6,25E+02;2,50E+03;25,0;more minerals;2 single cells and one chain of 4;
2024_36;QAS-U;27-08-2024;under radiometer;Chisel;2;QASU R2 Before.JPG, QASU R2 After.JPG;QASL_Albedo_4or7 of 5C_1.jpg, QASL_Albedo_4or7 of 5C_2.jpg, QASL_Albedo_4or7 of 5C_3.jpg, QASL_Albedo_4or7 of 5C_4.jpg, QASL_Albedo_4or7 of 5C_5.jpg, QASL_Albedo_4or7 of 5C_6.jpg, QASL_Albedo_4or7 of 5C_7.jpg, QASL_Albedo_4or7 of 5C_8.jpg, QASL_Albedo_4or7 of 5C_9.jpg, QASL_Albedo_4or7 of 5C_10.jpg;0,00E+00;0,00E+00;0,00E+00;;few minerals;no cells;
2024_37;QAS-U;27-08-2024;under radiometer;Chisel;3;QASU R3 Before.JPG, QASU R3 After.JPG;QASU_NetRad_KASUR3_1.jpg, QASU_NetRad_KASUR3_2.jpg;6,25E+02;3,13E+02;9,38E+02;33,3;some few minerals;single cells;
2024_38;QAS-U;27-08-2024;under radiometer;Chisel;4;QASU R4 Before.JPG, QASU R4 After.JPG;QASU_NetRad_KASUR4_1.jpg, QASU_NetRad_KASUR4_2.jpg;3,44E+03;3,13E+02;3,75E+03;8,3;more minerals;single cells;
2024_39;QAS-U;27-08-2024;under radiometer;Chisel;5;QASU R5 Before.JPG, QASU R5 After.JPG;no image available;6,25E+02;3,13E+02;9,38E+02;33,3;more minerals ;single cells;
2024_40;QAS-U;27-08-2024;randomized grid;Chisel;C1;QAS SQ1.JPG;QASU_KASUSQ_C1_1.jpg, QASU_KASUSQ_C1_2.jpg, QASU_KASUSQ_C1_3.jpg, QASU_KASUSQ_C1_4.jpg, QASU_KASUSQ_C1_5.jpg, QASU_KASUSQ_C1_6.jpg;8,75E+03;2,19E+03;1,09E+04;20,0;more minerals;only single cells;
2024_41;QAS-U;27-08-2024;randomized grid;Chisel;C2;no image available;QASU_KASUSQ_C2_1.jpg, QASU_KASUSQ_C2_2.jpg, QASU_KASUSQ_C2_3.jpg, QASU_KASUSQ_C2_4.jpg;7,81E+03;2,81E+03;1,06E+04;26,5;more minerals;only single cells;
2024_42;QAS-U;27-08-2024;randomized grid;Chisel;C3;QASU SQ3.JPG;QASU_KASUSQ_C3_1.jpg;0,00E+00;9,38E+02;9,38E+02;100,0;more minerals;very few cells, no ice algae;
2024_43;QAS-U;27-08-2024;randomized grid;Chisel;C4;QASU SQ4.JPG;QASU_KASUSQ_C4_1.jpg, QASU_KASUSQ_C4_2.jpg, QASU_KASUSQ_C4_3.jpg, QASU_KASUSQ_C4_4.jpg, QASU_KASUSQ_C4_5.jpg, QASU_KASUSQ_C4_6.jpg;6,06E+04;4,06E+03;6,47E+04;6,3;balanced;chains (4-6 cells) and single cells;
2024_44;QAS-U;27-08-2024;randomized grid;Chisel;C5;QASU SQ5.JPG;QASU_KASUSQ_C5_1.jpg, QASU_KASUSQ_C5_2.jpg, QASU_KASUSQ_C5_3.jpg, QASU_KASUSQ_C5_4.jpg;7,81E+03;9,38E+02;8,75E+03;10,7;more minerals;single cells and one very long chain;
2024_45;QAS-U;27-08-2024;randomized grid;Chisel;C6;QASU SQ6.JPG;QASU_KASUSQ_C6_1.jpg, QASU_KASUSQ_C6_2.jpg, QASU_KASUSQ_C6_3.jpg, QASU_KASUSQ_C6_4.jpg, QASU_KASUSQ_C6_5.jpg, QASU_KASUSQ_C6_6.jpg;2,06E+04;6,25E+02;2,13E+04;2,9;balanced;chains and single cells;
2024_46;QAS-U;27-08-2024;randomized grid;Chisel;C7;QASU SQ7.JPG;QASU_KASUSQ_C7_1.jpg, QASU_KASUSQ_C7_2.jpg, QASU_KASUSQ_C7_3.jpg, QASU_KASUSQ_C7_4.jpg, QASU_KASUSQ_C7_5.jpg, QASU_KASUSQ_C7_6.jpg;8,47E+04;2,50E+03;8,72E+04;2,9;balanced;single cells and chains;
2024_47;QAS-U;27-08-2024;randomized grid;Chisel;C8;QASU SQ8.JPG;QASU_KASUSQ_C8_1.jpg, QASU_KASUSQ_C8_2.jpg, QASU_KASUSQ_C8_3.jpg, QASU_KASUSQ_C8_4.jpg, QASU_KASUSQ_C8_5.jpg, QASU_KASUSQ_C8_6.jpg;1,22E+04;1,56E+03;1,38E+04;11,4;more minerals;more cells in chains (4-6 cells) than single cells;
2024_48;QAS-U;27-08-2024;randomized grid;Chisel;C9;QASU SQ9.JPG;QASU_KASUSQ_C9_1.jpg, QASU_KASUSQ_C9_2.jpg, QASU_KASUSQ_C9_3.jpg, QASU_KASUSQ_C9_4.jpg, QASU_KASUSQ_C9_5.jpg, QASU_KASUSQ_C9_6.jpg, QASU_KASUSQ_C9_7.jpg;3,13E+04;1,88E+03;3,31E+04;5,7;balanced;single cells and long chains;
2024_49;QAS-U;27-08-2024;randomized grid;Chisel;C10;QASU SQ10.JPG;QASU_KASUSQ_C10_1.jpg, QASU_KASUSQ_C10_2.jpg, QASU_KASUSQ_C10_3.jpg, QASU_KASUSQ_C10_4.jpg;2,50E+03;3,44E+03;5,94E+03;57,9;more minerals;single cells;
2024_50;QAS-U;27-08-2024;randomized grid;Chisel;C11;QASU SQ11.JPG;QASU_KASUSQ_C11_1.jpg, QASU_KASUSQ_C11_2.jpg, QASU_KASUSQ_C11_3.jpg, QASU_KASUSQ_C11_4.jpg, QASU_KASUSQ_C11_5.jpg, QASU_KASUSQ_C11_6.jpg;8,13E+03;4,06E+03;1,22E+04;33,3;more minerals;single cells;
2024_51;QAS-U;27-08-2024;randomized grid;Chisel;C12;QASU SQ12.JPG;no image available;0,00E+00;0,00E+00;0,00E+00;;some minerals;no cells;
2024_52;QAS-U;27-08-2024;randomized grid;Chisel;C13;QASU SQ13.JPG;QASU_KASUSQ_C13_1.jpg, QASU_KASUSQ_C13_2.jpg, QASU_KASUSQ_C13_3.jpg;5,00E+03;1,56E+03;6,56E+03;23,8;more minerals;single cells;
2024_53;QAS-U;27-08-2024;randomized grid;Chisel;C14;QASU SQ14.JPG;QASU_KASUSQ_C14_1.jpg, QASU_KASUSQ_C14_2.jpg, QASU_KASUSQ_C14_3.jpg, QASU_KASUSQ_C14_4.jpg, QASU_KASUSQ_C14_5.jpg, QASU_KASUSQ_C14_6.jpg;1,63E+04;2,19E+03;1,84E+04;11,9;balanced;single cells and chains;
2024_54;QAS-U;27-08-2024;randomized grid;Chisel;C15;QASU SQ15.JPG;QASU_KASUSQ_C15_1.jpg, QASU_KASUSQ_C15_2.jpg, QASU_KASUSQ_C15_3.jpg, QASU_KASUSQ_C15_4.jpg, QASU_KASUSQ_C15_5.jpg, QASU_KASUSQ_C15_6.jpg;3,03E+04;3,13E+03;3,34E+04;9,3;balanced;single cells and chains;
2024_55;QAS-U;27-08-2024;randomized grid;Chisel;C16;QASU SQ16.JPG;QASU_KASUSQ_C16_1.jpg, QASU_KASUSQ_C16_2.jpg, QASU_KASUSQ_C16_3.jpg, QASU_KASUSQ_C16_4.jpg, QASU_KASUSQ_C16_5.jpg, QASU_KASUSQ_C16_6.jpg;2,06E+04;3,13E+03;2,38E+04;13,2;balanced;single cells and chains;
2024_56;QAS-U;27-08-2024;randomized grid;Chisel;C17;QASU SQ17.JPG;QASU_KASUSQ_C17_1.jpg, QASU_KASUSQ_C17_2.jpg, QASU_KASUSQ_C17_3.jpg;2,19E+03;1,88E+03;4,06E+03;46,2;more minerals;single cells, one long chain outside the grid;
2024_57;QAS-U;27-08-2024;randomized grid;Chisel;C18;QASU SQ18.JPG;QASU_KASUSQ_C18_1.jpg, QASU_KASUSQ_C18_2.jpg, QASU_KASUSQ_C18_3.jpg, QASU_KASUSQ_C18_4.jpg, QASU_KASUSQ_C18_5.jpg, QASU_KASUSQ_C18_6.jpg;1,88E+04;3,13E+03;2,19E+04;14,3;more minerals;mostly single cells;
2024_58;QAS-U;27-08-2024;randomized grid;Chisel;C19;QASU SQ19.JPG;QASU_KASUSQ_C19_1.jpg, QASU_KASUSQ_C19_2.jpg, QASU_KASUSQ_C19_3.jpg, QASU_KASUSQ_C19_4.jpg, QASU_KASUSQ_C19_5.jpg, QASU_KASUSQ_C19_6.jpg;2,44E+04;1,88E+03;2,63E+04;7,1;balanced;mostly single cells, few chains;
2024_59;QAS-U;27-08-2024;randomized grid;Chisel;C20;QASU SQ20.JPG;QASU_KASUSQ_C20_1.jpg, QASU_KASUSQ_C20_2.jpg, QASU_KASUSQ_C20_3.jpg, QASU_KASUSQ_C20_4.jpg, QASU_KASUSQ_C20_5.jpg, QASU_KASUSQ_C20_6.jpg;1,59E+04;6,25E+03;2,22E+04;28,2;balanced;single cells and one long chain (10 cells);
2024_60;QAS-U;27-08-2024;randomized grid;ice screw;1;no image available;no image available;no counts;;;;;;almost no liquid in the falcon tube
2024_61;QAS-U;27-08-2024;randomized grid;ice screw;2;no image available;no image available;no counts;;;;;;almost no liquid in the falcon tube
2024_62;QAS-U;27-08-2024;randomized grid;ice screw;3;no image available;QASU_KASUSQ_IS3_1.jpg, QASU_KASUSQ_IS3_2.jpg, QASU_KASUSQ_IS3_3.jpg, QASU_KASUSQ_IS3_4.jpg, QASU_KASUSQ_IS3_5.jpg, QASU_KASUSQ_IS3_6.jpg;3,72E+04;7,50E+03;4,47E+04;16,8;more minerals;mostly single cells, some longer chains ;
2024_63;QAS-U;27-08-2024;randomized grid;ice screw;4;no image available;QASU_KASUSQ_IS4_1.jpg, QASU_KASUSQ_IS4_2.jpg, QASU_KASUSQ_IS4_3.jpg, QASU_KASUSQ_IS4_4.jpg, QASU_KASUSQ_IS4_5.jpg, QASU_KASUSQ_IS4_6.jpg, QASU_KASUSQ_IS4_7.jpg;5,38E+04;7,81E+03;6,16E+04;12,7;more minerals;single cells and some chains (4-6 cells);
2024_64;QAS-U;27-08-2024;randomized grid;ice screw;5;no image available;QASU_KASUSQ_IS5_1.jpg, QASU_KASUSQ_IS5_2.jpg, QASU_KASUSQ_IS5_3.jpg, QASU_KASUSQ_IS5_4.jpg, QASU_KASUSQ_IS5_5.jpg, QASU_KASUSQ_IS5_6.jpg, QASU_KASUSQ_IS5_7.jpg, QASU_KASUSQ_IS5_8.jpg, QASU_KASUSQ_IS5_9.jpg;6,72E+04;5,00E+03;7,22E+04;6,9;balanced;mostly single cells but also some chains;
2024_65;QAS-M ;01-09-2024;randomized grid;C;1;IMG_0626.jpg;QASM_AC1_1.jpg;3,13E+02;0,00E+00;3,13E+02;0,0;more few minerals;single cell;
2024_66;QAS-M ;01-09-2024;randomized grid;C;2;IMG_0625.jpg;QASM_AC2_2.jpg, QASM_AC2_3.jpg;9,38E+02;3,13E+02;1,25E+03;25,0;almost no minerals;one chain  ;
2024_67;QAS-M ;01-09-2024;randomized grid;C;3;IMG_0631.jpg;QASM_AC3_1.jpg, QASM_AC3_2.jpg, QASM_AC3_3.jpg, QASM_AC3_4.jpg, QASM_AC3_5.jpg, QASM_AC3_6.jpg;5,34E+04;1,56E+03;5,50E+04;2,8;balanced;mostly single cells;
2024_68;QAS-M ;01-09-2024;randomized grid;C;4;IMG_0630.jpg;QASM_AC4_1.jpg, QASM_AC4_2.jpg, QASM_AC4_3.jpg, QASM_AC4_4.jpg, QASM_AC4_5.jpg, QASM_AC4_6.jpg;2,63E+04;7,50E+03;3,38E+04;22,2;balanced;single cells and chains;
2024_69;QAS-M ;01-09-2024;randomized grid;C;5;no image available;no image available;no counts;;;;;;
2024_70;QAS-M ;01-09-2024;randomized grid;C;6;no image available;no image available;no counts;;;;;;no sample in the tube
2024_71;QAS-M ;01-09-2024;randomized grid;C;7;IMG_0640.jpg;QASM_AC7_1.jpg, QASM_AC7_2.jpg, QASM_AC7_3.jpg, QASM_AC7_4.jpg, QASM_AC7_5.jpg, QASM_AC7_6.jpg;3,91E+04;0,00E+00;3,91E+04;0,0;more cells;single cells and chains;
2024_72;QAS-M ;01-09-2024;randomized grid;C;8;IMG_0636.jpg;QASM_AC8_1.jpg, QASM_AC8_2.jpg, QASM_AC8_3.jpg, QASM_AC8_4.jpg, QASM_AC8_5.jpg, QASM_AC8_6.jpg;2,93E+05;9,38E+03;3,03E+05;3,1;balanced ratio;single cells and chains;very little liquid left
2024_73;QAS-M ;01-09-2024;randomized grid;C;9;IMG_0628.jpg;no image available;no counts;;;;;;missing
2024_74;QAS-M ;01-09-2024;randomized grid;C;10;IMG_0637.jpg;QASM_AC10_1.jpg, QASM_AC10_2.jpg, QASM_AC10_3.jpg, QASM_AC10_4.jpg, QASM_AC10_5.jpg, QASM_AC10_6.jpg;5,38E+04;2,19E+03;5,59E+04;3,9;balanced;mostly single cells;
2024_75;QAS-M ;01-09-2024;randomized grid;C;11;IMG_0629.jpg;QASM_AC11_1.jpg, QASM_AC11_2.jpg, QASM_AC11_3.jpg, QASM_AC11_4.jpg, QASM_AC11_5.jpg, QASM_AC11_6.jpg;1,10E+05;9,69E+03;1,20E+05;8,1;balanced;mostly single cells;
2024_76;QAS-M ;01-09-2024;randomized grid;C;12;no image available;no image available;no counts;;;;;;no sample in the tube
2024_77;QAS-M ;01-09-2024;randomized grid;C;13;IMG_0633.jpg;no image available;no counts;;;;;;no sample in the tube, lid half open
2024_78;QAS-M ;01-09-2024;randomized grid;C;14;IMG_0632.jpg;no image available;no counts;;;;;;no sample in the tube
2024_79;QAS-M ;01-09-2024;randomized grid;C;15;IMG_0634.jpg;QASM_AC15_1.jpg, QASM_AC15_2.jpg, QASM_AC15_3.jpg, QASM_AC15_4.jpg, QASM_AC15_5.jpg, QASM_AC15_6.jpg;5,44E+04;1,56E+03;5,59E+04;2,8;balanced;single cells and some chains  ;
2024_80;QAS-M ;01-09-2024;randomized grid;C;16;IMG_0635.jpg;QASM_AC16_1.jpg, QASM_AC16_2.jpg, QASM_AC16_3.jpg, QASM_AC16_4.jpg, QASM_AC16_5.jpg, QASM_AC16_6.jpg, QASM_AC16_7.jpg;1,19E+05;4,69E+03;1,23E+05;3,8;balanced;single cells and chains;
2024_81;QAS-M ;01-09-2024;randomized grid;C;17;IMG_0627.jpg;QASM_AC17_1.jpg;0,00E+00;6,25E+02;6,25E+02;;very few minerals;;
2024_82;QAS-M ;01-09-2024;randomized grid;C;18;no image available;no image available;no counts;;;;;;no sample in the tube
2024_83;QAS-M ;01-09-2024;randomized grid;C;19;IMG_0641.jpg;QASM_AC19_1.jpg, QASM_AC19_2.jpg;3,13E+02;3,13E+02;6,25E+02;50,0;more minerals but only few;single cells;
2024_84;QAS-M ;01-09-2024;randomized grid;C;20;IMG_0638.jpg, IMG_0639.jpg;QASM_AC20_1.jpg, QASM_AC20_2.jpg;3,75E+03;6,25E+02;4,38E+03;14,3;balanced;single cells, one chain outside the grid;
2024_85;QAS-M ;01-09-2024;randomized grid;IS;1;IMG_0634.jpg;QASM_AIS1_1.jpg, QASM_AIS1_2.jpg, QASM_AIS1_3.jpg, QASM_AIS1_4.jpg, QASM_AIS1_5.jpg, QASM_AIS1_6.jpg;6,88E+03;1,56E+03;8,44E+03;18,5;more minerals;single cells;
2024_86;QAS-M ;01-09-2024;randomized grid;IS;2;IMG_0630.jpg;QASM_AIS2_1.jpg, QASM_AIS2_2.jpg, QASM_AIS2_3.jpg, QASM_AIS2_4.jpg, QASM_AIS2_5.jpg;2,09E+04;1,88E+03;2,28E+04;8,2;balanced;single cells;
2024_87;QAS-M ;01-09-2024;randomized grid;IS;3;IMG_0625.jpg;QASM_AIS3_1.jpg, QASM_AIS3_2.jpg;3,13E+02;0,00E+00;3,13E+02;0,0;more few  minerals;single cell;little sample in tube
2024_88;QAS-M ;01-09-2024;randomized grid;IS;4;IMG_0631.jpg;QASM_AIS4_1.jpg, QASM_AIS4_2.jpg, QASM_AIS4_3.jpg, QASM_AIS4_4.jpg, QASM_AIS4_5.jpg, QASM_AIS4_6.jpg;3,16E+04;6,25E+02;3,22E+04;1,9;more minerals;single cells and chains;
2024_89;QAS-M ;01-09-2024;randomized grid;IS;5;IMG_0628.jpg;QASM_AIS5_1.jpg, QASM_AIS5_2.jpg, QASM_AIS5_3.jpg, QASM_AIS5_4.jpg;6,56E+03;0,00E+00;6,56E+03;0,0;more minerals;mostly single cells;very little sample in tube
2024_90;QAS-M ;01-09-2024;under radiometer;C;1;no image;QASM_Albedo_1 of 5C_1.jpg, QASM_Albedo_1 of 5C_2.jpg;2,19E+03;3,13E+02;2,50E+03;12,5;more cells;one 4 cell chain, one 2 cell chain, one single cell;
2024_91;QAS-M ;01-09-2024;under radiometer;C;2;no image;QASM_Albedo_2 of 5C_1.jpg;0,00E+00;3,13E+02;3,13E+02;;few minerals;one chain of 4 cells outside the grid;
2024_92;QAS-M ;01-09-2024;under radiometer;C;3;no image;no image available;no counts;;;;;;no sample in the tube
2024_93;QAS-M ;01-09-2024;under radiometer;C;4;no image;QASM_Albedo_4 of 5C_1.jpg, QASM_Albedo_4 of 5C_2.jpg, QASM_Albedo_4 of 5C_3.jpg, QASM_Albedo_4 of 5C_4.jpg;5,94E+03;0,00E+00;5,94E+03;0,0;more cells;short chains and single cells;
2024_94;QAS-M ;01-09-2024;under radiometer;C;5;no image;QASM_Albedo_5 of 5C_1.jpg, QASM_Albedo_5 of 5C_2.jpg, QASM_Albedo_5 of 5C_3.jpg, QASM_Albedo_5 of 5C_4.jpg, QASM_Albedo_5 of 5C_5.jpg;1,66E+04;3,13E+02;1,69E+04;1,9;more cells;mostly chains (around 8 cells);
2024_95;QAS-M ;01-09-2024;under radiometer;IS;1;no image;no image available;0,00E+00;6,25E+02;6,25E+02;;more minerals;no ice algae cells;
2024_96;QAS-M ;01-09-2024;under radiometer;IS;2;no image;QASM_Albedo_2 of 5IS_1.jpg;0,00E+00;0,00E+00;0,00E+00;;few minerals;no cells;
2024_97;QAS-M ;01-09-2024;under radiometer;IS;3;no image;QASM_Albedo_3 of 5IS_1.jpg, QASM_Albedo_3 of 5IS_2.jpg, QASM_Albedo_3 of 5IS_3.jpg, QASM_Albedo_3 of 5IS_4.jpg, QASM_Albedo_3 of 5IS_5.jpg, QASM_Albedo_3 of 5IS_6.jpg;1,84E+04;3,13E+02;1,88E+04;1,7;balanced;single cells and short chains;
2024_98;QAS-M ;01-09-2024;under radiometer;IS;4;no image;QASM_Albedo_4 of 5IS_1.jpg, QASM_Albedo_4 of 5IS_2.jpg, QASM_Albedo_4 of 5IS_3.jpg, QASM_Albedo_4 of 5IS_4.jpg;3,75E+03;0,00E+00;3,75E+03;0,0;balanced;2 4-cell chains, 4 single cells;
2024_99;QAS-M ;01-09-2024;under radiometer;IS;5;no image;QASM_Albedo_5 of 5IS_1.jpg, QASM_Albedo_5 of 5IS_2.jpg, QASM_Albedo_5 of 5IS_3.jpg, QASM_Albedo_5 of 5IS_4.jpg, QASM_Albedo_5 of 5IS_5.jpg, QASM_Albedo_5 of 5IS_6.jpg;1,56E+04;9,38E+02;1,66E+04;5,7;balanced;single cells and chains;
2024_100;TAS-A;09-09-2024;under radiometer;IS;1;IMG_718.jpg;no image available;0,00E+00;0,00E+00;0,00E+00;;very few minerals;no cells;
2024_101;TAS-A;09-09-2024;under radiometer;IS;2;IMG_718.jpg;TASA_bystation_no2_1.jpg, TASA_bystation_no2_2.jpg, TASA_bystation_no2_3.jpg, TASA_bystation_no2_4.jpg;2,19E+03;0,00E+00;2,19E+03;0,0;very few minerals;single cells;
2024_102;TAS-A;09-09-2024;under radiometer;IS;3;IMG_718.jpg;TASA_bystation_no3_1.jpg, TASA_bystation_no3_2.jpg, TASA_bystation_no3_3.jpg, TASA_bystation_no3_4.jpg;1,88E+03;6,25E+02;2,50E+03;25,0;more minerals;big and elongated single cells;
2024_103;TAS-A;09-09-2024;under radiometer;IS;4;IMG_718.jpg;no image available;0,00E+00;0,00E+00;0,00E+00;;almost no minerals;;
2024_104;TAS-A;09-09-2024;under radiometer;IS;5;IMG_718.jpg;no image available;0,00E+00;0,00E+00;0,00E+00;;very few minerals;;
2024_105;TAS-A;09-09-2024;Dark ice;IS;1;IMG_719.jpg;TASA_dark ice_no1_1.jpg, TASA_dark ice_no1_2.jpg;9,38E+02;3,13E+02;1,25E+03;25,0;more minerals;one single cell, 2 in a chain;
2024_106;TAS-A;09-09-2024;Dark ice;IS;2;IMG_719.jpg;TASA_dark ice_no2_1.jpg, TASA_dark ice_no2_2.jpg, TASA_dark ice_no2_3.jpg, TASA_dark ice_no2_4.jpg, TASA_dark ice_no2_5.jpg, TASA_dark ice_no2_6.jpg;6,25E+02;9,38E+02;1,56E+03;60,0;more minerals;single cells;
2024_107;TAS-A;09-09-2024;Dark ice;IS;3;IMG_719.jpg;TASA_dark ice_no3_1.jpg, TASA_dark ice_no3_2.jpg;6,25E+02;6,25E+02;1,25E+03;50,0;more minerals;single cells;
2024_108;TAS-A;09-09-2024;Dark ice;IS;4;IMG_719.jpg;TASA_dark ice_no4_1.jpg, TASA_dark ice_no4_2.jpg;3,13E+02;9,38E+02;1,25E+03;75,0;some more minerals;;
2024_109;TAS-A;09-09-2024;Dark ice;IS;5;IMG_719.jpg;TASA_dark ice_no5_1.jpg, TASA_dark ice_no5_2.jpg, TASA_dark ice_no5_3.jpg, TASA_dark ice_no5_4.jpg;9,38E+02;1,25E+03;2,19E+03;57,1;some more minerals;single cells;
2024_110;TAS-A;09-09-2024;average ice in the area;IS;1;IMG_720.jpg;TASA_group 3_no1_1.jpg, TASA_group 3_no1_2.jpg, TASA_group 3_no1_3.jpg, TASA_group 3_no1_4.jpg;9,38E+02;0,00E+00;9,38E+02;0,0;very few minerals;single cells;
2024_111;TAS-A;09-09-2024;average ice in the area;IS;2;IMG_720.jpg;TASA_group 3_no2_1.jpg, TASA_group 3_no2_2.jpg;0,00E+00;0,00E+00;0,00E+00;;more minerals;2 snow algae outside the grid;
2024_112;TAS-A;09-09-2024;average ice in the area;IS;3;IMG_720.jpg;TASA_group 3_no3_1.jpg, TASA_group 3_no3_2.jpg, TASA_group 3_no3_3.jpg, TASA_group 3_no3_4.jpg, TASA_group 3_no3_5.jpg, TASA_group 3_no3_6.jpg, TASA_group 3_no3_7.jpg;5,03E+04;3,75E+03;5,41E+04;6,9;balanced;long chains and single cells, some single cells elongated and bigger than normal ice algae single cells;
2024_113;TAS-A;09-09-2024;average ice in the area;IS;4;IMG_720.jpg;TASA_group 3_no4_1.jpg, TASA_group 3_no4_2.jpg, TASA_group 3_no4_3.jpg, TASA_group 3_no4_4.jpg, TASA_group 3_no4_5.jpg, TASA_group 3_no4_6.jpg;5,63E+03;9,38E+02;6,56E+03;14,3;balanced;single cells and short chains;
2024_114;TAS-A;09-09-2024;average ice in the area;IS;5;IMG_720.jpg;TASA_group 3_no5_1.jpg, TASA_group 3_no5_2.jpg, TASA_group 3_no5_3.jpg, TASA_group 3_no5_4.jpg, TASA_group 3_no5_5.jpg, TASA_group 3_no5_6.jpg;3,88E+04;5,00E+03;4,38E+04;11,4;balanced;single cells and short chains;
2024_115;KAN-L;23-08-2024;under radiometer;IS;;no image;no image available;0,00E+00;0,00E+00;0,00E+00;;very few minerals;;
2024_116;KAN-L;23-08-2024;average ice in the area;IS;;no image;no image available;0,00E+00;0,00E+00;0,00E+00;;very few minerals;;
2024_117;KAN-L;23-08-2024;Dark ice;IS;;no image;KANL_2024_dark_1.jpg, KANL_2024_dark_2.jpg, KANL_2024_dark_3.jpg, KANL_2024_dark_4.jpg, KANL_2024_dark_5.jpg, KANL_2024_dark_6.jpg;1,41E+04;0,00E+00;1,41E+04;0,0;amost no minerals;single cells (big and oval);
