case,cells_per_mL,optics,d_bba,rf_noon_W_m2
Cook Hbio,2.9e+04,tier D (ours),0.09287,73.07
Cook Hbio,2.9e+04,"measured extract MAC, packaged",0.08831,69.48
Cook Hbio,2.9e+04,ice_algae_empirical_Chevrollier2023,0.09072,71.38
Cook Lbio,4730,tier D (ours),0.0188,14.8
Cook Lbio,4730,"measured extract MAC, packaged",0.01795,14.13
Cook Lbio,4730,ice_algae_empirical_Chevrollier2023,0.019,14.95
Williamson high,8989,tier D (ours),0.03427,26.97
Williamson high,8989,"measured extract MAC, packaged",0.03269,25.72
Williamson high,8989,ice_algae_empirical_Chevrollier2023,0.03436,27.04
