pair,quantity,max_d_q025,max_d_q975,max_d_p_exceed
T-B3-C - T-CAM-C,B2,0.0001975,0.011419,
T-B3-C - T-CAM-C,B4,0.011951,0.0016819,
T-B3-C - T-CAM-C,B8,0.00057262,1.375e-06,
T-B3-C - T-CAM-C,absorbed_algal_W,2.8864,2.6993,0.050673
T-B3-C - T-CAM-C,bba,0.0036694,0.0039247,0.049479
T-B3-D - T-B3-C,B2,0.00072588,1.7e-05,
T-B3-D - T-B3-C,B4,0.0019404,0.0028208,
T-B3-D - T-B3-C,B8,0.000439,0.00056233,
T-B3-D - T-B3-C,absorbed_algal_W,0.66208,0.29864,0.09375
T-B3-D - T-B3-C,bba,0.00040507,0.0009003,0.083333
T-B3-D - T-CAM-D,B2,0.0011131,0.009916,
T-B3-D - T-CAM-D,B4,0.018653,0.0090745,
T-B3-D - T-CAM-D,B8,0.0033705,0.0016614,
T-B3-D - T-CAM-D,absorbed_algal_W,3.192,4.6635,0.056315
T-B3-D - T-CAM-D,bba,0.0063422,0.0043414,0.049262
T-B3-D - T-MEAS,B2,0.00044762,0.010257,
T-B3-D - T-MEAS,B4,0.0011005,0.0056515,
T-B3-D - T-MEAS,B8,0.000545,0.001372,
T-B3-D - T-MEAS,absorbed_algal_W,3.8204,0.33575,0.071398
T-B3-D - T-MEAS,bba,0.00045725,0.0051948,0.075738
T-CAM-D - T-CAM-C,B2,0.0002338,4.1e-06,
T-CAM-D - T-CAM-C,B4,0.00060292,0.0015354,
T-CAM-D - T-CAM-C,B8,0.0012682,0.0033506,
T-CAM-D - T-CAM-C,absorbed_algal_W,0.75208,0.102,0.15625
T-CAM-D - T-CAM-C,bba,0.000138,0.0010228,0.13542
T-CAM-D - T-MEAS,B2,8.8625e-05,0.0033658,
T-CAM-D - T-MEAS,B4,0.00040837,0.019533,
T-CAM-D - T-MEAS,B8,1e-06,0.005131,
T-CAM-D - T-MEAS,absorbed_algal_W,5.4036,0.086375,0.084527
T-CAM-D - T-MEAS,bba,0.000117,0.0073482,0.065321
