pair,coupling,log_b,r_um,dust_ppb,quantity,plug_in,measured_mac_uncertainty,n,median,q025,q975,p_pos,p_exceeds_threshold
T-B3-D - T-B3-C,paired,3,1000,30000,bba,-0.001559,n/a,24,-0.001534,-0.0016609,-0.00066808,0,0
T-B3-D - T-B3-C,paired,3,1000,30000,absorbed_algal_W,1.1466,n/a,24,1.1279,0.49141,1.2216,1,0
T-B3-D - T-B3-C,paired,3,1000,30000,B2,-0.000329,n/a,24,-0.0003875,-0.00072985,-6.0325e-05,0,
T-B3-D - T-B3-C,paired,3,1000,30000,B4,-0.004011,n/a,24,-0.003942,-0.0047571,-0.001301,0,
T-B3-D - T-B3-C,paired,3,1000,30000,B8,-0.000621,n/a,24,-0.000606,-0.00079555,-0.00017292,0,
T-B3-D - T-B3-C,paired,3,1000,3e+05,bba,-0.001276,n/a,24,-0.0012545,-0.0013633,-0.00054135,0,0
T-B3-D - T-B3-C,paired,3,1000,3e+05,absorbed_algal_W,0.93818,n/a,24,0.92216,0.3979,1.0026,1,0
T-B3-D - T-B3-C,paired,3,1000,3e+05,B2,-0.000258,n/a,24,-0.0003035,-0.00056977,-4.7e-05,0,
T-B3-D - T-B3-C,paired,3,1000,3e+05,B4,-0.00331,n/a,24,-0.0032525,-0.0039259,-0.0010732,0,
T-B3-D - T-B3-C,paired,3,1000,3e+05,B8,-0.000537,n/a,24,-0.0005245,-0.000689,-0.0001492,0,
T-B3-D - T-B3-C,paired,3,3000,30000,bba,-0.001235,n/a,24,-0.0012135,-0.0013071,-0.00053948,0,0
T-B3-D - T-B3-C,paired,3,3000,30000,absorbed_algal_W,0.90803,n/a,24,0.89264,0.39679,0.96105,1,0
T-B3-D - T-B3-C,paired,3,3000,30000,B2,-0.000284,n/a,24,-0.0003345,-0.00062817,-5.23e-05,0,
T-B3-D - T-B3-C,paired,3,3000,30000,B4,-0.00313,n/a,24,-0.003075,-0.0037115,-0.0010148,0,
T-B3-D - T-B3-C,paired,3,3000,30000,B8,-0.000418,n/a,24,-0.0004075,-0.0005356,-0.00011648,0,
T-B3-D - T-B3-C,paired,3,3000,3e+05,bba,-0.001061,n/a,24,-0.0010445,-0.0011253,-0.00045947,0,0
T-B3-D - T-B3-C,paired,3,3000,3e+05,absorbed_algal_W,0.77998,n/a,24,0.76797,0.33808,0.82756,1,0
T-B3-D - T-B3-C,paired,3,3000,3e+05,B2,-0.000236,n/a,24,-0.0002775,-0.00052122,-4.3275e-05,0,
T-B3-D - T-B3-C,paired,3,3000,3e+05,B4,-0.00271,n/a,24,-0.002663,-0.0032145,-0.00087818,0,
T-B3-D - T-B3-C,paired,3,3000,3e+05,B8,-0.000376,n/a,24,-0.000367,-0.0004819,-0.0001049,0,
T-B3-D - T-B3-C,paired,3,8000,30000,bba,-0.000899,n/a,24,-0.000872,-0.00094125,-0.0004046,0,0
T-B3-D - T-B3-C,paired,3,8000,30000,absorbed_algal_W,0.66077,n/a,24,0.64143,0.29752,0.69219,1,0
T-B3-D - T-B3-C,paired,3,8000,30000,B2,-0.000232,n/a,24,-0.0002735,-0.00051365,-4.2275e-05,0,
T-B3-D - T-B3-C,paired,3,8000,30000,B4,-0.002206,n/a,24,-0.002167,-0.0026153,-0.00071455,0,
T-B3-D - T-B3-C,paired,3,8000,30000,B8,-0.000235,n/a,24,-0.0002295,-0.00030165,-6.6025e-05,0,
T-B3-D - T-B3-C,paired,3,8000,3e+05,bba,-0.000789,n/a,24,-0.0007685,-0.00082783,-0.0003526,0,0
T-B3-D - T-B3-C,paired,3,8000,3e+05,absorbed_algal_W,0.58011,n/a,24,0.56487,0.25912,0.60921,1,0
T-B3-D - T-B3-C,paired,3,8000,3e+05,B2,-0.000197,n/a,24,-0.0002325,-0.00043683,-3.5825e-05,0,
T-B3-D - T-B3-C,paired,3,8000,3e+05,B4,-0.001956,n/a,24,-0.0019225,-0.0023195,-0.00063395,0,
T-B3-D - T-B3-C,paired,3,8000,3e+05,B8,-0.000217,n/a,24,-0.0002115,-0.0002778,-6.0025e-05,0,
T-B3-D - T-B3-C,paired,4,1000,30000,bba,-0.014405,n/a,24,-0.014192,-0.015253,-0.0063932,0,0.83333
T-B3-D - T-B3-C,paired,4,1000,30000,absorbed_algal_W,10.593,n/a,24,10.436,4.7013,11.217,1,0.58333
T-B3-D - T-B3-C,paired,4,1000,30000,B2,-0.002804,n/a,24,-0.0033195,-0.0064844,-0.00050153,0,
T-B3-D - T-B3-C,paired,4,1000,30000,B4,-0.037078,n/a,24,-0.036467,-0.043548,-0.012416,0,
T-B3-D - T-B3-C,paired,4,1000,30000,B8,-0.005957,n/a,24,-0.005822,-0.0075505,-0.0017128,0,
T-B3-D - T-B3-C,paired,4,1000,3e+05,bba,-0.011879,n/a,24,-0.011692,-0.012622,-0.0052017,0,0.66667
T-B3-D - T-B3-C,paired,4,1000,3e+05,absorbed_algal_W,8.7352,n/a,24,8.5981,3.8251,9.2816,1,0
T-B3-D - T-B3-C,paired,4,1000,3e+05,B2,-0.002231,n/a,24,-0.002641,-0.0051299,-0.00039907,0,
T-B3-D - T-B3-C,paired,4,1000,3e+05,B4,-0.0308,n/a,24,-0.03029,-0.036208,-0.010282,0,
T-B3-D - T-B3-C,paired,4,1000,3e+05,B8,-0.005171,n/a,24,-0.005053,-0.0065596,-0.001484,0,
T-B3-D - T-B3-C,paired,4,3000,30000,bba,-0.011619,n/a,24,-0.01139,-0.01224,-0.0052152,0,0.66667
T-B3-D - T-B3-C,paired,4,3000,30000,absorbed_algal_W,8.5447,n/a,24,8.3766,3.8351,9.0016,1,0
T-B3-D - T-B3-C,paired,4,3000,30000,B2,-0.002513,n/a,24,-0.002971,-0.0057497,-0.00045295,0,
T-B3-D - T-B3-C,paired,4,3000,30000,B4,-0.029501,n/a,24,-0.029008,-0.034732,-0.0097951,0,
T-B3-D - T-B3-C,paired,4,3000,30000,B8,-0.004051,n/a,24,-0.003958,-0.0051497,-0.0011559,0,
T-B3-D - T-B3-C,paired,4,3000,3e+05,bba,-0.010022,n/a,24,-0.0098545,-0.010585,-0.004455,0,0.33333
T-B3-D - T-B3-C,paired,4,3000,3e+05,absorbed_algal_W,7.3698,n/a,24,7.2468,3.2761,7.7843,1,0
T-B3-D - T-B3-C,paired,4,3000,3e+05,B2,-0.002105,n/a,24,-0.0024885,-0.0047994,-0.00037973,0,
T-B3-D - T-B3-C,paired,4,3000,3e+05,B4,-0.025632,n/a,24,-0.025203,-0.030191,-0.0084972,0,
T-B3-D - T-B3-C,paired,4,3000,3e+05,B8,-0.003647,n/a,24,-0.003563,-0.0046382,-0.0010394,0,
T-B3-D - T-B3-C,paired,4,8000,30000,bba,-0.008517,n/a,24,-0.0082495,-0.0088872,-0.003925,0,0
T-B3-D - T-B3-C,paired,4,8000,30000,absorbed_algal_W,6.2635,n/a,24,6.0664,2.8866,6.5358,1,0
T-B3-D - T-B3-C,paired,4,8000,30000,B2,-0.002087,n/a,24,-0.0024655,-0.0047543,-0.0003763,0,
T-B3-D - T-B3-C,paired,4,8000,30000,B4,-0.020982,n/a,24,-0.02063,-0.024724,-0.006941,0,
T-B3-D - T-B3-C,paired,4,8000,30000,B8,-0.002289,n/a,24,-0.002236,-0.0029128,-0.00065025,0,
T-B3-D - T-B3-C,paired,4,8000,3e+05,bba,-0.007502,n/a,24,-0.007289,-0.0078488,-0.0034258,0,0
T-B3-D - T-B3-C,paired,4,8000,3e+05,absorbed_algal_W,5.517,n/a,24,5.3601,2.5192,5.7719,1,0
T-B3-D - T-B3-C,paired,4,8000,3e+05,B2,-0.001787,n/a,24,-0.0021115,-0.0040588,-0.00032227,0,
T-B3-D - T-B3-C,paired,4,8000,3e+05,B4,-0.018653,n/a,24,-0.018339,-0.021988,-0.0061629,0,
T-B3-D - T-B3-C,paired,4,8000,3e+05,B8,-0.002116,n/a,24,-0.002067,-0.0026937,-0.0006008,0,
T-B3-D - T-B3-C,paired,4.5,1000,30000,bba,-0.03839,n/a,24,-0.037629,-0.040156,-0.018326,0,1
T-B3-D - T-B3-C,paired,4.5,1000,30000,absorbed_algal_W,28.232,n/a,24,27.672,13.477,29.53,1,1
T-B3-D - T-B3-C,paired,4.5,1000,30000,B2,-0.006308,n/a,24,-0.0075395,-0.016061,-0.0010869,0,
T-B3-D - T-B3-C,paired,4.5,1000,30000,B4,-0.098565,n/a,24,-0.097114,-0.11356,-0.035275,0,
T-B3-D - T-B3-C,paired,4.5,1000,30000,B8,-0.017174,n/a,24,-0.016817,-0.02126,-0.0052688,0,
T-B3-D - T-B3-C,paired,4.5,1000,3e+05,bba,-0.03214,n/a,24,-0.031632,-0.033755,-0.015059,0,1
T-B3-D - T-B3-C,paired,4.5,1000,3e+05,absorbed_algal_W,23.635,n/a,24,23.262,11.074,24.823,1,1
T-B3-D - T-B3-C,paired,4.5,1000,3e+05,B2,-0.005187,n/a,24,-0.006193,-0.013009,-0.0008949,0,
T-B3-D - T-B3-C,paired,4.5,1000,3e+05,B4,-0.082997,n/a,24,-0.081758,-0.09584,-0.029468,0,
T-B3-D - T-B3-C,paired,4.5,1000,3e+05,B8,-0.014992,n/a,24,-0.014677,-0.018597,-0.0045724,0,
T-B3-D - T-B3-C,paired,4.5,3000,30000,bba,-0.032092,n/a,24,-0.031276,-0.033476,-0.015267,0,1
T-B3-D - T-B3-C,paired,4.5,3000,30000,absorbed_algal_W,23.6,n/a,24,23,11.228,24.618,1,1
T-B3-D - T-B3-C,paired,4.5,3000,30000,B2,-0.006082,n/a,24,-0.0072465,-0.015003,-0.0010635,0,
T-B3-D - T-B3-C,paired,4.5,3000,30000,B4,-0.081613,n/a,24,-0.080365,-0.094606,-0.028564,0,
T-B3-D - T-B3-C,paired,4.5,3000,30000,B8,-0.011925,n/a,24,-0.011671,-0.014874,-0.0035803,0,
T-B3-D - T-B3-C,paired,4.5,3000,3e+05,bba,-0.02791,n/a,24,-0.027286,-0.0292,-0.013113,0,1
T-B3-D - T-B3-C,paired,4.5,3000,3e+05,absorbed_algal_W,20.525,n/a,24,20.065,9.6434,21.473,1,0.91667
T-B3-D - T-B3-C,paired,4.5,3000,3e+05,B2,-0.005187,n/a,24,-0.006176,-0.012687,-0.0009082,0,
T-B3-D - T-B3-C,paired,4.5,3000,3e+05,B4,-0.071401,n/a,24,-0.070302,-0.082867,-0.024887,0,
T-B3-D - T-B3-C,paired,4.5,3000,3e+05,B8,-0.010764,n/a,24,-0.010533,-0.013439,-0.0032225,0,
T-B3-D - T-B3-C,paired,4.5,8000,30000,bba,-0.023882,n/a,24,-0.023184,-0.024797,-0.011585,0,1
T-B3-D - T-B3-C,paired,4.5,8000,30000,absorbed_algal_W,17.563,n/a,24,17.049,8.5192,18.235,1,0.91667
T-B3-D - T-B3-C,paired,4.5,8000,30000,B2,-0.005214,n/a,24,-0.006203,-0.012684,-0.00091525,0,
T-B3-D - T-B3-C,paired,4.5,8000,30000,B4,-0.059202,n/a,24,-0.05828,-0.068827,-0.020495,0,
T-B3-D - T-B3-C,paired,4.5,8000,30000,B8,-0.006817,n/a,24,-0.0066685,-0.0085381,-0.0020216,0,
T-B3-D - T-B3-C,paired,4.5,8000,3e+05,bba,-0.021179,n/a,24,-0.02053,-0.021999,-0.010156,0,1
T-B3-D - T-B3-C,paired,4.5,8000,3e+05,absorbed_algal_W,15.575,n/a,24,15.097,7.4686,16.178,1,0.91667
T-B3-D - T-B3-C,paired,4.5,8000,3e+05,B2,-0.004529,n/a,24,-0.005385,-0.010942,-0.00079545,0,
T-B3-D - T-B3-C,paired,4.5,8000,3e+05,B4,-0.052903,n/a,24,-0.052074,-0.061559,-0.018258,0,
T-B3-D - T-B3-C,paired,4.5,8000,3e+05,B8,-0.006313,n/a,24,-0.0061755,-0.0079124,-0.0018689,0,
T-B3-D - T-B3-C,paired,5,1000,30000,bba,-0.079539,n/a,24,-0.077864,-0.081838,-0.04472,0,1
T-B3-D - T-B3-C,paired,5,1000,30000,absorbed_algal_W,58.492,n/a,24,57.261,32.887,60.183,1,1
T-B3-D - T-B3-C,paired,5,1000,30000,B2,-0.008848,n/a,24,-0.010772,-0.029158,-0.0014041,0,
T-B3-D - T-B3-C,paired,5,1000,30000,B4,-0.1991,n/a,24,-0.19689,-0.22065,-0.08264,0,
T-B3-D - T-B3-C,paired,5,1000,30000,B8,-0.042401,n/a,24,-0.041713,-0.049853,-0.015343,0,
T-B3-D - T-B3-C,paired,5,1000,3e+05,bba,-0.068623,n/a,24,-0.067174,-0.070733,-0.037578,0,1
T-B3-D - T-B3-C,paired,5,1000,3e+05,absorbed_algal_W,50.464,n/a,24,49.4,27.634,52.016,1,1
T-B3-D - T-B3-C,paired,5,1000,3e+05,B2,-0.007736,n/a,24,-0.0093985,-0.024622,-0.0012284,0,
T-B3-D - T-B3-C,paired,5,1000,3e+05,B4,-0.17267,n/a,24,-0.1707,-0.1921,-0.070572,0,
T-B3-D - T-B3-C,paired,5,1000,3e+05,B8,-0.037492,n/a,24,-0.03687,-0.044253,-0.013381,0,
T-B3-D - T-B3-C,paired,5,3000,30000,bba,-0.071071,n/a,24,-0.069395,-0.07319,-0.039049,0,1
T-B3-D - T-B3-C,paired,5,3000,30000,absorbed_algal_W,52.265,n/a,24,51.033,28.717,53.824,1,1
T-B3-D - T-B3-C,paired,5,3000,30000,B2,-0.009632,n/a,24,-0.011678,-0.029715,-0.0015657,0,
T-B3-D - T-B3-C,paired,5,3000,30000,B4,-0.179,n/a,24,-0.17686,-0.20023,-0.071362,0,
T-B3-D - T-B3-C,paired,5,3000,30000,B8,-0.030828,n/a,24,-0.030292,-0.036704,-0.010629,0,
T-B3-D - T-B3-C,paired,5,3000,3e+05,bba,-0.062914,n/a,24,-0.061538,-0.064869,-0.033975,0,1
T-B3-D - T-B3-C,paired,5,3000,3e+05,absorbed_algal_W,46.267,n/a,24,45.254,24.985,47.704,1,1
T-B3-D - T-B3-C,paired,5,3000,3e+05,B2,-0.008521,n/a,24,-0.010319,-0.025748,-0.0013844,0,
T-B3-D - T-B3-C,paired,5,3000,3e+05,B4,-0.15913,n/a,24,-0.15719,-0.1784,-0.062889,0,
T-B3-D - T-B3-C,paired,5,3000,3e+05,B8,-0.028005,n/a,24,-0.027512,-0.033413,-0.0095896,0,
T-B3-D - T-B3-C,paired,5,8000,30000,bba,-0.054677,n/a,24,-0.053218,-0.056247,-0.030225,0,1
T-B3-D - T-B3-C,paired,5,8000,30000,absorbed_algal_W,40.209,n/a,24,39.136,22.227,41.363,1,1
T-B3-D - T-B3-C,paired,5,8000,30000,B2,-0.008844,n/a,24,-0.010692,-0.026247,-0.0014541,0,
T-B3-D - T-B3-C,paired,5,8000,30000,B4,-0.13611,n/a,24,-0.1344,-0.15317,-0.052968,0,
T-B3-D - T-B3-C,paired,5,8000,30000,B8,-0.018148,n/a,24,-0.017817,-0.021796,-0.0060753,0,
T-B3-D - T-B3-C,paired,5,8000,3e+05,bba,-0.049199,n/a,24,-0.047965,-0.050667,-0.026783,0,1
T-B3-D - T-B3-C,paired,5,8000,3e+05,absorbed_algal_W,36.18,n/a,24,35.273,19.696,37.26,1,1
T-B3-D - T-B3-C,paired,5,8000,3e+05,B2,-0.007912,n/a,24,-0.009556,-0.023095,-0.0013013,0,
T-B3-D - T-B3-C,paired,5,8000,3e+05,B4,-0.1231,n/a,24,-0.12154,-0.13876,-0.047588,0,
T-B3-D - T-B3-C,paired,5,8000,3e+05,B8,-0.016881,n/a,24,-0.016572,-0.020304,-0.0056246,0,
T-CAM-D - T-CAM-C,paired,3,1000,30000,bba,-0.00038,n/a,24,-0.000327,-0.0004753,-0.00020605,0,0
T-CAM-D - T-CAM-C,paired,3,1000,30000,absorbed_algal_W,0.28002,n/a,24,0.24046,0.15132,0.34984,1,0
T-CAM-D - T-CAM-C,paired,3,1000,30000,B2,-4e-06,n/a,24,-3.5e-06,-1.3975e-05,-1e-06,0,
T-CAM-D - T-CAM-C,paired,3,1000,30000,B4,-0.001214,n/a,24,-0.0010435,-0.0017292,-0.0003188,0,
T-CAM-D - T-CAM-C,paired,3,1000,30000,B8,-0.00044,n/a,24,-0.000361,-0.0005001,-0.0002275,0,
T-CAM-D - T-CAM-C,paired,3,1000,3e+05,bba,-0.00032,n/a,24,-0.000275,-0.0003988,-0.00017445,0,0
T-CAM-D - T-CAM-C,paired,3,1000,3e+05,absorbed_algal_W,0.2355,n/a,24,0.2021,0.12826,0.29319,1,0
T-CAM-D - T-CAM-C,paired,3,1000,3e+05,B2,-2e-06,n/a,24,-2.5e-06,-1.1125e-05,0,0,
T-CAM-D - T-CAM-C,paired,3,1000,3e+05,B4,-0.001003,n/a,24,-0.000862,-0.0014277,-0.00026397,0,
T-CAM-D - T-CAM-C,paired,3,1000,3e+05,B8,-0.000381,n/a,24,-0.0003125,-0.00043268,-0.00019678,0,
T-CAM-D - T-CAM-C,paired,3,3000,30000,bba,-0.000282,n/a,24,-0.000242,-0.00035568,-0.00014957,0,0
T-CAM-D - T-CAM-C,paired,3,3000,30000,absorbed_algal_W,0.20723,n/a,24,0.17765,0.10949,0.26138,1,0
T-CAM-D - T-CAM-C,paired,3,3000,30000,B2,-3e-06,n/a,24,-3e-06,-1.255e-05,-5.75e-07,0,
T-CAM-D - T-CAM-C,paired,3,3000,30000,B4,-0.000947,n/a,24,-0.000814,-0.0013491,-0.0002488,0,
T-CAM-D - T-CAM-C,paired,3,3000,30000,B8,-0.000297,n/a,24,-0.0002435,-0.00033583,-0.00015247,0,
T-CAM-D - T-CAM-C,paired,3,3000,3e+05,bba,-0.000248,n/a,24,-0.0002125,-0.00031173,-0.0001317,0,0
T-CAM-D - T-CAM-C,paired,3,3000,3e+05,absorbed_algal_W,0.18197,n/a,24,0.15607,0.096759,0.22888,1,0
T-CAM-D - T-CAM-C,paired,3,3000,3e+05,B2,-2e-06,n/a,24,-2.5e-06,-9.55e-06,0,0,
T-CAM-D - T-CAM-C,paired,3,3000,3e+05,B4,-0.00082,n/a,24,-0.0007055,-0.0011688,-0.00021588,0,
T-CAM-D - T-CAM-C,paired,3,3000,3e+05,B8,-0.000267,n/a,24,-0.0002185,-0.00030298,-0.00013732,0,
T-CAM-D - T-CAM-C,paired,3,8000,30000,bba,-0.000184,n/a,24,-0.000158,-0.00023578,-9.3525e-05,0,0
T-CAM-D - T-CAM-C,paired,3,8000,30000,absorbed_algal_W,0.13523,n/a,24,0.11626,0.068815,0.17327,1,0
T-CAM-D - T-CAM-C,paired,3,8000,30000,B2,-3e-06,n/a,24,-2e-06,-1.0125e-05,0,0,
T-CAM-D - T-CAM-C,paired,3,8000,30000,B4,-0.000666,n/a,24,-0.0005725,-0.00094938,-0.00017507,0,
T-CAM-D - T-CAM-C,paired,3,8000,30000,B8,-0.000166,n/a,24,-0.000137,-0.0001897,-8.56e-05,0,
T-CAM-D - T-CAM-C,paired,3,8000,3e+05,bba,-0.000165,n/a,24,-0.0001415,-0.00021122,-8.48e-05,0,0
T-CAM-D - T-CAM-C,paired,3,8000,3e+05,absorbed_algal_W,0.12155,n/a,24,0.10433,0.062291,0.15527,1,0
T-CAM-D - T-CAM-C,paired,3,8000,3e+05,B2,-2e-06,n/a,24,-2e-06,-8.7e-06,0,0,
T-CAM-D - T-CAM-C,paired,3,8000,3e+05,B4,-0.000591,n/a,24,-0.000508,-0.00084293,-0.00015517,0,
T-CAM-D - T-CAM-C,paired,3,8000,3e+05,B8,-0.000153,n/a,24,-0.000126,-0.0001747,-7.9025e-05,0,
T-CAM-D - T-CAM-C,paired,4,1000,30000,bba,-0.003522,n/a,24,-0.0030275,-0.0044036,-0.0018708,0,0
T-CAM-D - T-CAM-C,paired,4,1000,30000,absorbed_algal_W,2.5897,n/a,24,2.2263,1.376,3.2383,1,0
T-CAM-D - T-CAM-C,paired,4,1000,30000,B2,-2.8e-05,n/a,24,-2.9e-05,-0.00011793,-4.725e-06,0,
T-CAM-D - T-CAM-C,paired,4,1000,30000,B4,-0.010823,n/a,24,-0.0094025,-0.015715,-0.0027801,0,
T-CAM-D - T-CAM-C,paired,4,1000,30000,B8,-0.004204,n/a,24,-0.003428,-0.0047616,-0.0022254,0,
T-CAM-D - T-CAM-C,paired,4,1000,3e+05,bba,-0.002982,n/a,24,-0.0025645,-0.0037157,-0.0015979,0,0
T-CAM-D - T-CAM-C,paired,4,1000,3e+05,absorbed_algal_W,2.1925,n/a,24,1.8858,1.1749,2.7327,1,0
T-CAM-D - T-CAM-C,paired,4,1000,3e+05,B2,-2.2e-05,n/a,24,-2.35e-05,-9.3825e-05,-3.15e-06,0,
T-CAM-D - T-CAM-C,paired,4,1000,3e+05,B4,-0.009026,n/a,24,-0.0078335,-0.013079,-0.0023246,0,
T-CAM-D - T-CAM-C,paired,4,1000,3e+05,B8,-0.00365,n/a,24,-0.002978,-0.0041349,-0.0019295,0,
T-CAM-D - T-CAM-C,paired,4,3000,30000,bba,-0.002653,n/a,24,-0.0022765,-0.0033485,-0.0013844,0,0
T-CAM-D - T-CAM-C,paired,4,3000,30000,absorbed_algal_W,1.9511,n/a,24,1.6741,1.0182,2.4625,1,0
T-CAM-D - T-CAM-C,paired,4,3000,30000,B2,-2.5e-05,n/a,24,-2.6e-05,-0.00010638,-4.575e-06,0,
T-CAM-D - T-CAM-C,paired,4,3000,30000,B4,-0.008685,n/a,24,-0.007527,-0.012556,-0.0022434,0,
T-CAM-D - T-CAM-C,paired,4,3000,30000,B8,-0.002863,n/a,24,-0.0023375,-0.0032445,-0.0015056,0,
T-CAM-D - T-CAM-C,paired,4,3000,3e+05,bba,-0.002338,n/a,24,-0.002007,-0.0029429,-0.0012278,0,0
T-CAM-D - T-CAM-C,paired,4,3000,3e+05,absorbed_algal_W,1.7193,n/a,24,1.4758,0.90317,2.164,1,0
T-CAM-D - T-CAM-C,paired,4,3000,3e+05,B2,-2.1e-05,n/a,24,-2.2e-05,-8.955e-05,-3.575e-06,0,
T-CAM-D - T-CAM-C,paired,4,3000,3e+05,B4,-0.007562,n/a,24,-0.00655,-0.01092,-0.0019563,0,
T-CAM-D - T-CAM-C,paired,4,3000,3e+05,B8,-0.002577,n/a,24,-0.0021055,-0.0029216,-0.0013546,0,
T-CAM-D - T-CAM-C,paired,4,8000,30000,bba,-0.001745,n/a,24,-0.0015055,-0.0022361,-0.0008795,0,0
T-CAM-D - T-CAM-C,paired,4,8000,30000,absorbed_algal_W,1.2831,n/a,24,1.107,0.64679,1.6445,1,0
T-CAM-D - T-CAM-C,paired,4,8000,30000,B2,-2.1e-05,n/a,24,-2.15e-05,-8.9125e-05,-2.725e-06,0,
T-CAM-D - T-CAM-C,paired,4,8000,30000,B4,-0.006191,n/a,24,-0.005362,-0.0089394,-0.0016016,0,
T-CAM-D - T-CAM-C,paired,4,8000,30000,B8,-0.001618,n/a,24,-0.0013225,-0.0018342,-0.0008487,0,
T-CAM-D - T-CAM-C,paired,4,8000,3e+05,bba,-0.001572,n/a,24,-0.001354,-0.0020097,-0.0007987,0,0
T-CAM-D - T-CAM-C,paired,4,8000,3e+05,absorbed_algal_W,1.1565,n/a,24,0.99605,0.58713,1.4777,1,0
T-CAM-D - T-CAM-C,paired,4,8000,3e+05,B2,-1.8e-05,n/a,24,-1.85e-05,-7.6e-05,-1.725e-06,0,
T-CAM-D - T-CAM-C,paired,4,8000,3e+05,B4,-0.005514,n/a,24,-0.0047725,-0.0079532,-0.0014276,0,
T-CAM-D - T-CAM-C,paired,4,8000,3e+05,B8,-0.001496,n/a,24,-0.0012235,-0.0016962,-0.00078425,0,
T-CAM-D - T-CAM-C,paired,4.5,1000,30000,bba,-0.00939,n/a,24,-0.008123,-0.011775,-0.0047636,0,0.125
T-CAM-D - T-CAM-C,paired,4.5,1000,30000,absorbed_algal_W,6.9051,n/a,24,5.9735,3.5031,8.6595,1,0
T-CAM-D - T-CAM-C,paired,4.5,1000,30000,B2,-6.1e-05,n/a,24,-6.25e-05,-0.00025937,-9.45e-06,0,
T-CAM-D - T-CAM-C,paired,4.5,1000,30000,B4,-0.026611,n/a,24,-0.023811,-0.040167,-0.0065169,0,
T-CAM-D - T-CAM-C,paired,4.5,1000,30000,B8,-0.011978,n/a,24,-0.0095865,-0.013422,-0.0066997,0,
T-CAM-D - T-CAM-C,paired,4.5,1000,3e+05,bba,-0.008056,n/a,24,-0.0069495,-0.010071,-0.0041329,0,0.041667
T-CAM-D - T-CAM-C,paired,4.5,1000,3e+05,absorbed_algal_W,5.9246,n/a,24,5.1105,3.0393,7.4061,1,0
T-CAM-D - T-CAM-C,paired,4.5,1000,3e+05,B2,-5e-05,n/a,24,-5.15e-05,-0.0002136,-6.6e-06,0,
T-CAM-D - T-CAM-C,paired,4.5,1000,3e+05,B4,-0.022632,n/a,24,-0.020157,-0.033998,-0.0055727,0,
T-CAM-D - T-CAM-C,paired,4.5,1000,3e+05,B8,-0.010468,n/a,24,-0.008381,-0.011741,-0.0058259,0,
T-CAM-D - T-CAM-C,paired,4.5,3000,30000,bba,-0.00733,n/a,24,-0.0063415,-0.0092677,-0.0036971,0,0.041667
T-CAM-D - T-CAM-C,paired,4.5,3000,30000,absorbed_algal_W,5.3901,n/a,24,4.6636,2.7188,6.8154,1,0
T-CAM-D - T-CAM-C,paired,4.5,3000,30000,B2,-6e-05,n/a,24,-6.15e-05,-0.00025267,-1.0875e-05,0,
T-CAM-D - T-CAM-C,paired,4.5,3000,30000,B4,-0.022598,n/a,24,-0.019977,-0.033697,-0.0056151,0,
T-CAM-D - T-CAM-C,paired,4.5,3000,30000,B8,-0.008353,n/a,24,-0.0067285,-0.0093938,-0.0045868,0,
T-CAM-D - T-CAM-C,paired,4.5,3000,3e+05,bba,-0.006504,n/a,24,-0.005617,-0.0082037,-0.0033062,0,0
T-CAM-D - T-CAM-C,paired,4.5,3000,3e+05,absorbed_algal_W,4.7834,n/a,24,4.1307,2.4312,6.0328,1,0
T-CAM-D - T-CAM-C,paired,4.5,3000,3e+05,B2,-5e-05,n/a,24,-5.2e-05,-0.0002156,-8.875e-06,0,
T-CAM-D - T-CAM-C,paired,4.5,3000,3e+05,B4,-0.019874,n/a,24,-0.017526,-0.029559,-0.0049533,0,
T-CAM-D - T-CAM-C,paired,4.5,3000,3e+05,B8,-0.007543,n/a,24,-0.006083,-0.0084876,-0.0041321,0,
T-CAM-D - T-CAM-C,paired,4.5,8000,30000,bba,-0.004899,n/a,24,-0.004262,-0.0062845,-0.0024041,0,0
T-CAM-D - T-CAM-C,paired,4.5,8000,30000,absorbed_algal_W,3.6029,n/a,24,3.1341,1.7679,4.6217,1,0
T-CAM-D - T-CAM-C,paired,4.5,8000,30000,B2,-5.1e-05,n/a,24,-5.2e-05,-0.00021803,-6.6e-06,0,
T-CAM-D - T-CAM-C,paired,4.5,8000,30000,B4,-0.016573,n/a,24,-0.014569,-0.024578,-0.0041449,0,
T-CAM-D - T-CAM-C,paired,4.5,8000,30000,B8,-0.004785,n/a,24,-0.0038775,-0.0053926,-0.0026008,0,
T-CAM-D - T-CAM-C,paired,4.5,8000,3e+05,bba,-0.00444,n/a,24,-0.0038555,-0.0056796,-0.0021958,0,0
T-CAM-D - T-CAM-C,paired,4.5,8000,3e+05,absorbed_algal_W,3.2655,n/a,24,2.8353,1.6147,4.1772,1,0
T-CAM-D - T-CAM-C,paired,4.5,8000,3e+05,B2,-4.4e-05,n/a,24,-4.55e-05,-0.00018907,-5.025e-06,0,
T-CAM-D - T-CAM-C,paired,4.5,8000,3e+05,B4,-0.014869,n/a,24,-0.013048,-0.022007,-0.0037274,0,
T-CAM-D - T-CAM-C,paired,4.5,8000,3e+05,B8,-0.004432,n/a,24,-0.0035935,-0.0049976,-0.0024059,0,
T-CAM-D - T-CAM-C,paired,5,1000,30000,bba,-0.019283,n/a,24,-0.016898,-0.024514,-0.0086018,0,0.91667
T-CAM-D - T-CAM-C,paired,5,1000,30000,absorbed_algal_W,14.18,n/a,24,12.427,6.3258,18.027,1,0.83333
T-CAM-D - T-CAM-C,paired,5,1000,30000,B2,-7.6e-05,n/a,24,-8e-05,-0.00034748,5.45e-06,0.041667,
T-CAM-D - T-CAM-C,paired,5,1000,30000,B4,-0.044432,n/a,24,-0.041114,-0.072956,-0.0098804,0,
T-CAM-D - T-CAM-C,paired,5,1000,30000,B8,-0.028359,n/a,24,-0.023784,-0.031598,-0.016414,0,
T-CAM-D - T-CAM-C,paired,5,1000,3e+05,bba,-0.017002,n/a,24,-0.014919,-0.021498,-0.007707,0,0.875
T-CAM-D - T-CAM-C,paired,5,1000,3e+05,absorbed_algal_W,12.503,n/a,24,10.971,5.6676,15.81,1,0.66667
T-CAM-D - T-CAM-C,paired,5,1000,3e+05,B2,-6.6e-05,n/a,24,-6.95e-05,-0.00030428,8.875e-06,0.041667,
T-CAM-D - T-CAM-C,paired,5,1000,3e+05,B4,-0.039365,n/a,24,-0.036269,-0.064075,-0.0088357,0,
T-CAM-D - T-CAM-C,paired,5,1000,3e+05,B8,-0.025182,n/a,24,-0.021225,-0.027994,-0.014577,0,
T-CAM-D - T-CAM-C,paired,5,3000,30000,bba,-0.016124,n/a,24,-0.014118,-0.020616,-0.0072972,0,0.875
T-CAM-D - T-CAM-C,paired,5,3000,30000,absorbed_algal_W,11.857,n/a,24,10.382,5.3664,15.161,1,0.54167
T-CAM-D - T-CAM-C,paired,5,3000,30000,B2,-8.7e-05,n/a,24,-9e-05,-0.0003817,-5.225e-06,0.041667,
T-CAM-D - T-CAM-C,paired,5,3000,30000,B4,-0.042028,n/a,24,-0.038526,-0.067667,-0.0095273,0,
T-CAM-D - T-CAM-C,paired,5,3000,30000,B8,-0.020926,n/a,24,-0.017616,-0.023138,-0.012098,0,
T-CAM-D - T-CAM-C,paired,5,3000,3e+05,bba,-0.014531,n/a,24,-0.012735,-0.018486,-0.00664,0,0.83333
T-CAM-D - T-CAM-C,paired,5,3000,3e+05,absorbed_algal_W,10.686,n/a,24,9.365,4.8826,13.594,1,0.41667
T-CAM-D - T-CAM-C,paired,5,3000,3e+05,B2,-7.6e-05,n/a,24,-7.9e-05,-0.0003385,5e-08,0.041667,
T-CAM-D - T-CAM-C,paired,5,3000,3e+05,B4,-0.037805,n/a,24,-0.034568,-0.060562,-0.0086172,0,
T-CAM-D - T-CAM-C,paired,5,3000,3e+05,B8,-0.019046,n/a,24,-0.016017,-0.021036,-0.011016,0,
T-CAM-D - T-CAM-C,paired,5,8000,30000,bba,-0.011187,n/a,24,-0.0097665,-0.014581,-0.0050177,0,0.45833
T-CAM-D - T-CAM-C,paired,5,8000,30000,absorbed_algal_W,8.227,n/a,24,7.182,3.6905,10.722,1,0.041667
T-CAM-D - T-CAM-C,paired,5,8000,30000,B2,-8e-05,n/a,24,-8.3e-05,-0.0003539,-3.65e-06,0.041667,
T-CAM-D - T-CAM-C,paired,5,8000,30000,B4,-0.032927,n/a,24,-0.029984,-0.052328,-0.0075719,0,
T-CAM-D - T-CAM-C,paired,5,8000,30000,B8,-0.012416,n/a,24,-0.010363,-0.013709,-0.0072352,0,
T-CAM-D - T-CAM-C,paired,5,8000,3e+05,bba,-0.010265,n/a,24,-0.0089675,-0.013311,-0.0046421,0,0.375
T-CAM-D - T-CAM-C,paired,5,8000,3e+05,absorbed_algal_W,7.549,n/a,24,6.5945,3.4136,9.7885,1,0.041667
T-CAM-D - T-CAM-C,paired,5,8000,3e+05,B2,-7.2e-05,n/a,24,-7.45e-05,-0.0003164,-1.225e-06,0.041667,
T-CAM-D - T-CAM-C,paired,5,8000,3e+05,B4,-0.030041,n/a,24,-0.027305,-0.047561,-0.006936,0,
T-CAM-D - T-CAM-C,paired,5,8000,3e+05,B8,-0.011563,n/a,24,-0.0096275,-0.012777,-0.0067512,0,
T-B3-D - T-CAM-D,independent,3,1000,30000,bba,0.000125,n/a,576,0.000152,-0.00051563,0.0016032,0.65278,0
T-B3-D - T-CAM-D,independent,3,1000,30000,absorbed_algal_W,-0.09202,n/a,576,-0.11147,-1.179,0.37923,0.34722,0
T-B3-D - T-CAM-D,independent,3,1000,30000,B2,0.000276,n/a,576,0.0003185,-5.45e-05,0.0024436,0.93924,
T-B3-D - T-CAM-D,independent,3,1000,30000,B4,0.000142,n/a,576,0.0001955,-0.0017377,0.0030231,0.55903,
T-B3-D - T-CAM-D,independent,3,1000,30000,B8,-5.8e-05,n/a,576,-5.15e-05,-0.00043087,0.00046425,0.42708,
T-B3-D - T-CAM-D,independent,3,1000,3e+05,bba,9.8e-05,n/a,576,0.0001185,-0.00043025,0.0012951,0.6441,0
T-B3-D - T-CAM-D,independent,3,1000,3e+05,absorbed_algal_W,-0.07218,n/a,576,-0.08708,-0.95258,0.31646,0.3559,0
T-B3-D - T-CAM-D,independent,3,1000,3e+05,B2,0.000214,n/a,576,0.000248,-4.1875e-05,0.0019036,0.93924,
T-B3-D - T-CAM-D,independent,3,1000,3e+05,B4,0.000118,n/a,576,0.000161,-0.0014351,0.0024944,0.55903,
T-B3-D - T-CAM-D,independent,3,1000,3e+05,B8,-5e-05,n/a,576,-4.5e-05,-0.00037325,0.00040163,0.42535,
T-B3-D - T-CAM-D,independent,3,3000,30000,bba,0.000108,n/a,576,0.000136,-0.00038975,0.0012977,0.65972,0
T-B3-D - T-CAM-D,independent,3,3000,30000,absorbed_algal_W,-0.07976,n/a,576,-0.0999,-0.95435,0.28639,0.34028,0
T-B3-D - T-CAM-D,independent,3,3000,30000,B2,0.000238,n/a,576,0.000275,-4.65e-05,0.0021126,0.93924,
T-B3-D - T-CAM-D,independent,3,3000,30000,B4,0.000111,n/a,576,0.000153,-0.0013569,0.0023598,0.55903,
T-B3-D - T-CAM-D,independent,3,3000,30000,B8,-3.9e-05,n/a,576,-3.5e-05,-0.00029062,0.00031237,0.42535,
T-B3-D - T-CAM-D,independent,3,3000,3e+05,bba,9.1e-05,n/a,576,0.000111,-0.00034013,0.0011026,0.65972,0
T-B3-D - T-CAM-D,independent,3,3000,3e+05,absorbed_algal_W,-0.06648,n/a,576,-0.0819,-0.81079,0.24991,0.34028,0
T-B3-D - T-CAM-D,independent,3,3000,3e+05,B2,0.000197,n/a,576,0.000228,-3.95e-05,0.0017476,0.93924,
T-B3-D - T-CAM-D,independent,3,3000,3e+05,B4,9.6e-05,n/a,576,0.000132,-0.0011747,0.0020433,0.55903,
T-B3-D - T-CAM-D,independent,3,3000,3e+05,B8,-3.5e-05,n/a,576,-3.15e-05,-0.00026125,0.00028112,0.42708,
T-B3-D - T-CAM-D,independent,3,8000,30000,bba,8.9e-05,n/a,576,0.000108,-0.000262,0.00098625,0.67708,0
T-B3-D - T-CAM-D,independent,3,8000,30000,absorbed_algal_W,-0.06535,n/a,576,-0.07962,-0.72549,0.19302,0.31944,0
T-B3-D - T-CAM-D,independent,3,8000,30000,B2,0.000195,n/a,576,0.0002255,-3.7875e-05,0.0017316,0.93924,
T-B3-D - T-CAM-D,independent,3,8000,30000,B4,7.8e-05,n/a,576,0.0001075,-0.00095463,0.0016634,0.55903,
T-B3-D - T-CAM-D,independent,3,8000,30000,B8,-2.2e-05,n/a,576,-1.9e-05,-0.000163,0.00017587,0.42708,
T-B3-D - T-CAM-D,independent,3,8000,3e+05,bba,7.6e-05,n/a,576,9.5e-05,-0.00023363,0.00085363,0.6684,0
T-B3-D - T-CAM-D,independent,3,8000,3e+05,absorbed_algal_W,-0.05586,n/a,576,-0.069485,-0.62802,0.17226,0.32812,0
T-B3-D - T-CAM-D,independent,3,8000,3e+05,B2,0.000165,n/a,576,0.000191,-3.1875e-05,0.001467,0.93924,
T-B3-D - T-CAM-D,independent,3,8000,3e+05,B4,6.9e-05,n/a,576,9.55e-05,-0.00084775,0.0014754,0.55903,
T-B3-D - T-CAM-D,independent,3,8000,3e+05,B8,-2.1e-05,n/a,576,-1.8e-05,-0.00015062,0.00016188,0.42535,
T-B3-D - T-CAM-D,independent,4,1000,30000,bba,0.001052,n/a,576,0.001272,-0.0046199,0.014344,0.6441,0.12326
T-B3-D - T-CAM-D,independent,4,1000,30000,absorbed_algal_W,-0.7735,n/a,576,-0.9355,-10.549,3.3972,0.3559,0.039931
T-B3-D - T-CAM-D,independent,4,1000,30000,B2,0.002312,n/a,576,0.002672,-0.00045262,0.021049,0.93924,
T-B3-D - T-CAM-D,independent,4,1000,30000,B4,0.001251,n/a,576,0.0017065,-0.015413,0.027438,0.55903,
T-B3-D - T-CAM-D,independent,4,1000,30000,B8,-0.000531,n/a,576,-0.0004755,-0.0040044,0.0043249,0.42882,
T-B3-D - T-CAM-D,independent,4,1000,3e+05,bba,0.000839,n/a,576,0.001011,-0.0038789,0.01173,0.64062,0.069444
T-B3-D - T-CAM-D,independent,4,1000,3e+05,absorbed_algal_W,-0.617,n/a,576,-0.74355,-8.6258,2.852,0.35938,0.0034722
T-B3-D - T-CAM-D,independent,4,1000,3e+05,B2,0.001836,n/a,576,0.0021195,-0.000358,0.016662,0.93924,
T-B3-D - T-CAM-D,independent,4,1000,3e+05,B4,0.001044,n/a,576,0.001425,-0.012858,0.022833,0.55903,
T-B3-D - T-CAM-D,independent,4,1000,3e+05,B8,-0.000463,n/a,576,-0.0004135,-0.0034836,0.0037623,0.42882,
T-B3-D - T-CAM-D,independent,4,3000,30000,bba,0.000953,n/a,576,0.001176,-0.0035976,0.011916,0.65972,0.076389
T-B3-D - T-CAM-D,independent,4,3000,30000,absorbed_algal_W,-0.7006,n/a,576,-0.8649,-8.7632,2.6451,0.34028,0.0034722
T-B3-D - T-CAM-D,independent,4,3000,30000,B2,0.002085,n/a,576,0.00241,-0.00041012,0.018866,0.93924,
T-B3-D - T-CAM-D,independent,4,3000,30000,B4,0.001011,n/a,576,0.0013785,-0.012393,0.021941,0.55903,
T-B3-D - T-CAM-D,independent,4,3000,30000,B8,-0.000365,n/a,576,-0.0003265,-0.0027446,0.0029642,0.42882,
T-B3-D - T-CAM-D,independent,4,3000,3e+05,bba,0.000801,n/a,576,0.000979,-0.003153,0.010183,0.65799,0.03125
T-B3-D - T-CAM-D,independent,4,3000,3e+05,absorbed_algal_W,-0.5891,n/a,576,-0.71955,-7.4891,2.3189,0.34201,0
T-B3-D - T-CAM-D,independent,4,3000,3e+05,B2,0.001744,n/a,576,0.002015,-0.00034237,0.015742,0.93924,
T-B3-D - T-CAM-D,independent,4,3000,3e+05,B4,0.00088,n/a,576,0.0012005,-0.010791,0.01908,0.55903,
T-B3-D - T-CAM-D,independent,4,3000,3e+05,B8,-0.000329,n/a,576,-0.000294,-0.0024735,0.0026714,0.42882,
T-B3-D - T-CAM-D,independent,4,8000,30000,bba,0.000796,n/a,576,0.000981,-0.0024495,0.0091489,0.67188,0.0086806
T-B3-D - T-CAM-D,independent,4,8000,30000,absorbed_algal_W,-0.5849,n/a,576,-0.72145,-6.7283,1.8013,0.32812,0
T-B3-D - T-CAM-D,independent,4,8000,30000,B2,0.001737,n/a,576,0.002003,-0.00033837,0.015685,0.93924,
T-B3-D - T-CAM-D,independent,4,8000,30000,B4,0.000726,n/a,576,0.0009845,-0.0088491,0.015641,0.55903,
T-B3-D - T-CAM-D,independent,4,8000,30000,B8,-0.000207,n/a,576,-0.0001855,-0.0015576,0.0016817,0.42882,
T-B3-D - T-CAM-D,independent,4,8000,3e+05,bba,0.000684,n/a,576,0.000861,-0.0021937,0.0079604,0.66493,0
T-B3-D - T-CAM-D,independent,4,8000,3e+05,absorbed_algal_W,-0.5034,n/a,576,-0.63345,-5.8542,1.6134,0.33507,0
T-B3-D - T-CAM-D,independent,4,8000,3e+05,B2,0.001484,n/a,576,0.0017115,-0.00028888,0.013385,0.93924,
T-B3-D - T-CAM-D,independent,4,8000,3e+05,B4,0.000647,n/a,576,0.0008765,-0.0078795,0.013914,0.55903,
T-B3-D - T-CAM-D,independent,4,8000,3e+05,B8,-0.000192,n/a,576,-0.0001715,-0.0014404,0.0015555,0.42882,
T-B3-D - T-CAM-D,independent,4.5,1000,30000,bba,0.002295,n/a,576,0.0027315,-0.011415,0.035737,0.62326,0.35243
T-B3-D - T-CAM-D,independent,4.5,1000,30000,absorbed_algal_W,-1.6879,n/a,576,-2.0084,-26.281,8.3949,0.37674,0.26562
T-B3-D - T-CAM-D,independent,4.5,1000,30000,B2,0.00506,n/a,576,0.005842,-0.000978,0.04848,0.93924,
T-B3-D - T-CAM-D,independent,4.5,1000,30000,B4,0.002996,n/a,576,0.004025,-0.037605,0.069381,0.55903,
T-B3-D - T-CAM-D,independent,4.5,1000,30000,B8,-0.001408,n/a,576,-0.0012545,-0.010836,0.01194,0.42882,
T-B3-D - T-CAM-D,independent,4.5,1000,3e+05,bba,0.001891,n/a,576,0.002249,-0.0097741,0.029932,0.61979,0.30729
T-B3-D - T-CAM-D,independent,4.5,1000,3e+05,absorbed_algal_W,-1.391,n/a,576,-1.6537,-22.012,7.1876,0.38021,0.21701
T-B3-D - T-CAM-D,independent,4.5,1000,3e+05,B2,0.004162,n/a,576,0.004804,-0.00079763,0.039593,0.93924,
T-B3-D - T-CAM-D,independent,4.5,1000,3e+05,B4,0.002553,n/a,576,0.003437,-0.031982,0.058836,0.55903,
T-B3-D - T-CAM-D,independent,4.5,1000,3e+05,B8,-0.001239,n/a,576,-0.001105,-0.0095119,0.010455,0.42882,
T-B3-D - T-CAM-D,independent,4.5,3000,30000,bba,0.002262,n/a,576,0.002761,-0.0093951,0.031207,0.65104,0.31076
T-B3-D - T-CAM-D,independent,4.5,3000,30000,absorbed_algal_W,-1.6633,n/a,576,-2.0309,-22.949,6.9088,0.34896,0.23438
T-B3-D - T-CAM-D,independent,4.5,3000,30000,B2,0.004934,n/a,576,0.0056985,-0.00096438,0.046502,0.93924,
T-B3-D - T-CAM-D,independent,4.5,3000,30000,B4,0.002575,n/a,576,0.0034655,-0.031976,0.058577,0.55903,
T-B3-D - T-CAM-D,independent,4.5,3000,30000,B8,-0.001005,n/a,576,-0.0008975,-0.0076817,0.0083874,0.42882,
T-B3-D - T-CAM-D,independent,4.5,3000,3e+05,bba,0.001935,n/a,576,0.0023575,-0.0082977,0.02699,0.64757,0.27951
T-B3-D - T-CAM-D,independent,4.5,3000,3e+05,absorbed_algal_W,-1.4231,n/a,576,-1.734,-19.848,6.1023,0.35243,0.19444
T-B3-D - T-CAM-D,independent,4.5,3000,3e+05,B2,0.004205,n/a,576,0.0048545,-0.00081963,0.039477,0.93924,
T-B3-D - T-CAM-D,independent,4.5,3000,3e+05,B4,0.002267,n/a,576,0.0030535,-0.02813,0.051434,0.55903,
T-B3-D - T-CAM-D,independent,4.5,3000,3e+05,B8,-0.000911,n/a,576,-0.0008135,-0.0069521,0.0075814,0.42882,
T-B3-D - T-CAM-D,independent,4.5,8000,30000,bba,0.001964,n/a,576,0.0024845,-0.0066251,0.02446,0.66319,0.24653
T-B3-D - T-CAM-D,independent,4.5,8000,30000,absorbed_algal_W,-1.444,n/a,576,-1.8272,-17.988,4.8723,0.33681,0.17708
T-B3-D - T-CAM-D,independent,4.5,8000,30000,B2,0.004249,n/a,576,0.0049035,-0.00082387,0.039818,0.93924,
T-B3-D - T-CAM-D,independent,4.5,8000,30000,B4,0.001908,n/a,576,0.002557,-0.02351,0.042886,0.55903,
T-B3-D - T-CAM-D,independent,4.5,8000,30000,B8,-0.000584,n/a,576,-0.0005215,-0.0044412,0.004825,0.42882,
T-B3-D - T-CAM-D,independent,4.5,8000,3e+05,bba,0.001712,n/a,576,0.002169,-0.0059748,0.021501,0.66146,0.21701
T-B3-D - T-CAM-D,independent,4.5,8000,3e+05,absorbed_algal_W,-1.2597,n/a,576,-1.595,-15.812,4.3939,0.33854,0.14931
T-B3-D - T-CAM-D,independent,4.5,8000,3e+05,B2,0.003689,n/a,576,0.0042565,-0.00071363,0.03445,0.93924,
T-B3-D - T-CAM-D,independent,4.5,8000,3e+05,B4,0.001712,n/a,576,0.002296,-0.021099,0.038424,0.55903,
T-B3-D - T-CAM-D,independent,4.5,8000,3e+05,B8,-0.000542,n/a,576,-0.000484,-0.0041203,0.0044722,0.42882,
T-B3-D - T-CAM-D,independent,5,1000,30000,bba,0.002976,n/a,576,0.0036755,-0.020017,0.063091,0.59896,0.52604
T-B3-D - T-CAM-D,independent,5,1000,30000,absorbed_algal_W,-2.188,n/a,576,-2.7025,-46.397,14.721,0.40104,0.42014
T-B3-D - T-CAM-D,independent,5,1000,30000,B2,0.006753,n/a,576,0.0077845,-0.0011696,0.071929,0.94444,
T-B3-D - T-CAM-D,independent,5,1000,30000,B4,0.004739,n/a,576,0.0060845,-0.063243,0.12463,0.55903,
T-B3-D - T-CAM-D,independent,5,1000,30000,B8,-0.002758,n/a,576,-0.002497,-0.023019,0.026255,0.42882,
T-B3-D - T-CAM-D,independent,5,1000,3e+05,bba,0.002606,n/a,576,0.003227,-0.017755,0.055079,0.59896,0.48438
T-B3-D - T-CAM-D,independent,5,1000,3e+05,absorbed_algal_W,-1.917,n/a,576,-2.3735,-40.505,13.058,0.40104,0.38542
T-B3-D - T-CAM-D,independent,5,1000,3e+05,B2,0.005913,n/a,576,0.006806,-0.00099488,0.062273,0.94444,
T-B3-D - T-CAM-D,independent,5,1000,3e+05,B4,0.004217,n/a,576,0.0054355,-0.055951,0.10935,0.55903,
T-B3-D - T-CAM-D,independent,5,1000,3e+05,B8,-0.002489,n/a,576,-0.0022535,-0.020622,0.023365,0.42882,
T-B3-D - T-CAM-D,independent,5,3000,30000,bba,0.003393,n/a,576,0.004001,-0.017788,0.060386,0.61979,0.50347
T-B3-D - T-CAM-D,independent,5,3000,30000,absorbed_algal_W,-2.494,n/a,576,-2.942,-44.407,13.081,0.38021,0.39931
T-B3-D - T-CAM-D,independent,5,3000,30000,B2,0.007442,n/a,576,0.008591,-0.0013951,0.077396,0.93924,
T-B3-D - T-CAM-D,independent,5,3000,30000,B4,0.004552,n/a,576,0.005872,-0.059582,0.11541,0.55903,
T-B3-D - T-CAM-D,independent,5,3000,30000,B8,-0.002142,n/a,576,-0.0019225,-0.017482,0.0196,0.42882,
T-B3-D - T-CAM-D,independent,5,3000,3e+05,bba,0.003006,n/a,576,0.003536,-0.016059,0.053571,0.61979,0.4566
T-B3-D - T-CAM-D,independent,5,3000,3e+05,absorbed_algal_W,-2.21,n/a,576,-2.6005,-39.395,11.808,0.38021,0.35764
T-B3-D - T-CAM-D,independent,5,3000,3e+05,B2,0.006585,n/a,576,0.007596,-0.0012,0.068036,0.94097,
T-B3-D - T-CAM-D,independent,5,3000,3e+05,B4,0.004104,n/a,576,0.0053055,-0.053506,0.10324,0.55903,
T-B3-D - T-CAM-D,independent,5,3000,3e+05,B8,-0.001965,n/a,576,-0.00176,-0.015987,0.017905,0.42882,
T-B3-D - T-CAM-D,independent,5,8000,30000,bba,0.003215,n/a,576,0.003913,-0.013178,0.049396,0.65104,0.4184
T-B3-D - T-CAM-D,independent,5,8000,30000,absorbed_algal_W,-2.364,n/a,576,-2.878,-36.325,9.6906,0.34896,0.32812
T-B3-D - T-CAM-D,independent,5,8000,30000,B2,0.006885,n/a,576,0.0079455,-0.0012969,0.070596,0.93924,
T-B3-D - T-CAM-D,independent,5,8000,30000,B4,0.003617,n/a,576,0.0046605,-0.046616,0.089286,0.55903,
T-B3-D - T-CAM-D,independent,5,8000,30000,B8,-0.001314,n/a,576,-0.0011685,-0.010591,0.011808,0.42882,
T-B3-D - T-CAM-D,independent,5,8000,3e+05,bba,0.002884,n/a,576,0.003508,-0.012068,0.044489,0.64757,0.39062
T-B3-D - T-CAM-D,independent,5,8000,3e+05,absorbed_algal_W,-2.121,n/a,576,-2.58,-32.717,8.8741,0.35243,0.30729
T-B3-D - T-CAM-D,independent,5,8000,3e+05,B2,0.006162,n/a,576,0.007107,-0.0011405,0.062828,0.94097,
T-B3-D - T-CAM-D,independent,5,8000,3e+05,B4,0.003304,n/a,576,0.004265,-0.042508,0.081121,0.55903,
T-B3-D - T-CAM-D,independent,5,8000,3e+05,B8,-0.00123,n/a,576,-0.001092,-0.0099001,0.011024,0.42882,
T-B3-C - T-CAM-C,independent,3,1000,30000,bba,0.001304,n/a,576,0.0013305,0.000673,0.0020706,1,0
T-B3-C - T-CAM-C,independent,3,1000,30000,absorbed_algal_W,-0.95861,n/a,576,-0.97798,-1.5225,-0.49476,0,0
T-B3-C - T-CAM-C,independent,3,1000,30000,B2,0.000601,n/a,576,0.000692,-1.225e-05,0.003076,0.96875,
T-B3-C - T-CAM-C,independent,3,1000,30000,B4,0.002939,n/a,576,0.002623,0.0011604,0.0046866,1,
T-B3-C - T-CAM-C,independent,3,1000,30000,B8,0.000123,n/a,576,0.0001055,3.4e-05,0.00047,1,
T-B3-C - T-CAM-C,independent,3,1000,3e+05,bba,0.001054,n/a,576,0.0010745,0.00054837,0.0016623,1,0
T-B3-C - T-CAM-C,independent,3,1000,3e+05,absorbed_algal_W,-0.77486,n/a,576,-0.79043,-1.2223,-0.40326,0,0
T-B3-C - T-CAM-C,independent,3,1000,3e+05,B2,0.00047,n/a,576,0.0005405,-9.25e-06,0.002397,0.96875,
T-B3-C - T-CAM-C,independent,3,1000,3e+05,B4,0.002425,n/a,576,0.002163,0.00095638,0.0038676,1,
T-B3-C - T-CAM-C,independent,3,1000,3e+05,B8,0.000106,n/a,576,9.1e-05,2.9e-05,0.000406,1,
T-B3-C - T-CAM-C,independent,3,3000,30000,bba,0.001061,n/a,576,0.001084,0.0005445,0.0016876,1,0
T-B3-C - T-CAM-C,independent,3,3000,30000,absorbed_algal_W,-0.78056,n/a,576,-0.79744,-1.2415,-0.4,0,0
T-B3-C - T-CAM-C,independent,3,3000,30000,B2,0.000519,n/a,576,0.000597,-1.025e-05,0.002658,0.96875,
T-B3-C - T-CAM-C,independent,3,3000,30000,B4,0.002294,n/a,576,0.002047,0.00090437,0.0036566,1,
T-B3-C - T-CAM-C,independent,3,3000,30000,B8,8.2e-05,n/a,576,7.05e-05,2.3e-05,0.000316,1,
T-B3-C - T-CAM-C,independent,3,3000,3e+05,bba,0.000904,n/a,576,0.0009215,0.00046412,0.0014351,1,0
T-B3-C - T-CAM-C,independent,3,3000,3e+05,absorbed_algal_W,-0.66449,n/a,576,-0.67788,-1.055,-0.34154,0,0
T-B3-C - T-CAM-C,independent,3,3000,3e+05,B2,0.000431,n/a,576,0.0004955,-8.25e-06,0.002199,0.96875,
T-B3-C - T-CAM-C,independent,3,3000,3e+05,B4,0.001986,n/a,576,0.001772,0.00078337,0.0031666,1,
T-B3-C - T-CAM-C,independent,3,3000,3e+05,B8,7.4e-05,n/a,576,6.35e-05,2.1e-05,0.000284,1,
T-B3-C - T-CAM-C,independent,3,8000,30000,bba,0.000804,n/a,576,0.000827,0.00040337,0.0012751,1,0
T-B3-C - T-CAM-C,independent,3,8000,30000,absorbed_algal_W,-0.59089,n/a,576,-0.6079,-0.93798,-0.29607,0,0
T-B3-C - T-CAM-C,independent,3,8000,30000,B2,0.000424,n/a,576,0.000489,-7.625e-06,0.002177,0.96875,
T-B3-C - T-CAM-C,independent,3,8000,30000,B4,0.001618,n/a,576,0.001444,0.00063837,0.0025766,1,
T-B3-C - T-CAM-C,independent,3,8000,30000,B8,4.7e-05,n/a,576,4.05e-05,1.3e-05,0.000178,1,
T-B3-C - T-CAM-C,independent,3,8000,3e+05,bba,0.0007,n/a,576,0.0007195,0.000354,0.001108,1,0
T-B3-C - T-CAM-C,independent,3,8000,3e+05,absorbed_algal_W,-0.51442,n/a,576,-0.52936,-0.81449,-0.26,0,0
T-B3-C - T-CAM-C,independent,3,8000,3e+05,B2,0.00036,n/a,576,0.000415,-6.625e-06,0.001845,0.96875,
T-B3-C - T-CAM-C,independent,3,8000,3e+05,B4,0.001434,n/a,576,0.0012805,0.000566,0.0022846,1,
T-B3-C - T-CAM-C,independent,3,8000,3e+05,B8,4.3e-05,n/a,576,3.65e-05,1.2e-05,0.000164,1,
T-B3-C - T-CAM-C,independent,4,1000,30000,bba,0.011935,n/a,576,0.012177,0.0062376,0.018875,1,0.77083
T-B3-C - T-CAM-C,independent,4,1000,30000,absorbed_algal_W,-8.777,n/a,576,-8.9548,-13.88,-4.5869,0,0.34375
T-B3-C - T-CAM-C,independent,4,1000,30000,B2,0.005088,n/a,576,0.005885,-0.00010137,0.026796,0.96875,
T-B3-C - T-CAM-C,independent,4,1000,30000,B4,0.027506,n/a,576,0.024637,0.0111,0.042989,1,
T-B3-C - T-CAM-C,independent,4,1000,30000,B8,0.001222,n/a,576,0.0010465,0.000341,0.004555,1,
T-B3-C - T-CAM-C,independent,4,1000,3e+05,bba,0.009736,n/a,576,0.009933,0.005109,0.015296,1,0.48785
T-B3-C - T-CAM-C,independent,4,1000,3e+05,absorbed_algal_W,-7.1597,n/a,576,-7.3048,-11.248,-3.7575,0,0.092014
T-B3-C - T-CAM-C,independent,4,1000,3e+05,B2,0.004045,n/a,576,0.0046785,-7.725e-05,0.021195,0.96875,
T-B3-C - T-CAM-C,independent,4,1000,3e+05,B4,0.022818,n/a,576,0.020428,0.009187,0.035736,1,
T-B3-C - T-CAM-C,independent,4,1000,3e+05,B8,0.001058,n/a,576,0.0009065,0.000295,0.003951,1,
T-B3-C - T-CAM-C,independent,4,3000,30000,bba,0.009919,n/a,576,0.010138,0.005128,0.015735,1,0.52604
T-B3-C - T-CAM-C,independent,4,3000,30000,absorbed_algal_W,-7.2942,n/a,576,-7.4554,-11.571,-3.7709,0,0.11285
T-B3-C - T-CAM-C,independent,4,3000,30000,B2,0.004573,n/a,576,0.005279,-9.2125e-05,0.023934,0.96875,
T-B3-C - T-CAM-C,independent,4,3000,30000,B4,0.021827,n/a,576,0.019531,0.0087586,0.03427,1,
T-B3-C - T-CAM-C,independent,4,3000,30000,B8,0.000823,n/a,576,0.000706,0.000229,0.003089,1,
T-B3-C - T-CAM-C,independent,4,3000,3e+05,bba,0.008485,n/a,576,0.008655,0.0043966,0.013438,1,0.2934
T-B3-C - T-CAM-C,independent,4,3000,3e+05,absorbed_algal_W,-6.2396,n/a,576,-6.3648,-9.8823,-3.2328,0,0.020833
T-B3-C - T-CAM-C,independent,4,3000,3e+05,B2,0.003828,n/a,576,0.004418,-7.6625e-05,0.019964,0.96875,
T-B3-C - T-CAM-C,independent,4,3000,3e+05,B4,0.01895,n/a,576,0.016953,0.0075952,0.029785,1,
T-B3-C - T-CAM-C,independent,4,3000,3e+05,B8,0.000741,n/a,576,0.0006345,0.000206,0.002781,1,
T-B3-C - T-CAM-C,independent,4,8000,30000,bba,0.007568,n/a,576,0.0077885,0.003822,0.011981,1,0.16319
T-B3-C - T-CAM-C,independent,4,8000,30000,absorbed_algal_W,-5.5653,n/a,576,-5.7275,-8.8105,-2.8107,0,0.0017361
T-B3-C - T-CAM-C,independent,4,8000,30000,B2,0.003803,n/a,576,0.0043845,-6.7625e-05,0.019867,0.96875,
T-B3-C - T-CAM-C,independent,4,8000,30000,B4,0.015517,n/a,576,0.01388,0.0062125,0.024392,1,
T-B3-C - T-CAM-C,independent,4,8000,30000,B8,0.000464,n/a,576,0.0003965,0.000129,0.001744,1,
T-B3-C - T-CAM-C,independent,4,8000,3e+05,bba,0.006614,n/a,576,0.0068115,0.0033629,0.01045,1,0.045139
T-B3-C - T-CAM-C,independent,4,8000,3e+05,absorbed_algal_W,-4.8639,n/a,576,-5.009,-7.6855,-2.4729,0,0
T-B3-C - T-CAM-C,independent,4,8000,3e+05,B2,0.003253,n/a,576,0.0037515,-5.7375e-05,0.01695,0.96875,
T-B3-C - T-CAM-C,independent,4,8000,3e+05,B4,0.013786,n/a,576,0.012329,0.0055149,0.02169,1,
T-B3-C - T-CAM-C,independent,4,8000,3e+05,B8,0.000428,n/a,576,0.0003665,0.000119,0.001612,1,
T-B3-C - T-CAM-C,independent,4.5,1000,30000,bba,0.031295,n/a,576,0.031961,0.016753,0.049067,1,0.99826
T-B3-C - T-CAM-C,independent,4.5,1000,30000,absorbed_algal_W,-23.015,n/a,576,-23.504,-36.083,-12.32,0,0.98785
T-B3-C - T-CAM-C,independent,4.5,1000,30000,B2,0.011307,n/a,576,0.01316,-0.00020525,0.063251,0.96875,
T-B3-C - T-CAM-C,independent,4.5,1000,30000,B4,0.07495,n/a,576,0.0677,0.031714,0.11258,1,
T-B3-C - T-CAM-C,independent,4.5,1000,30000,B8,0.003788,n/a,576,0.003254,0.001071,0.01341,1,
T-B3-C - T-CAM-C,independent,4.5,1000,3e+05,bba,0.025975,n/a,576,0.026512,0.01391,0.040511,1,0.99306
T-B3-C - T-CAM-C,independent,4.5,1000,3e+05,absorbed_algal_W,-19.102,n/a,576,-19.496,-29.791,-10.229,0,0.97917
T-B3-C - T-CAM-C,independent,4.5,1000,3e+05,B2,0.009299,n/a,576,0.010813,-0.000156,0.051488,0.96875,
T-B3-C - T-CAM-C,independent,4.5,1000,3e+05,B4,0.062918,n/a,576,0.056773,0.026469,0.094963,1,
T-B3-C - T-CAM-C,independent,4.5,1000,3e+05,B8,0.003285,n/a,576,0.0028215,0.000927,0.011684,1,
T-B3-C - T-CAM-C,independent,4.5,3000,30000,bba,0.027024,n/a,576,0.027654,0.014217,0.042647,1,0.99306
T-B3-C - T-CAM-C,independent,4.5,3000,30000,absorbed_algal_W,-19.873,n/a,576,-20.337,-31.362,-10.455,0,0.98264
T-B3-C - T-CAM-C,independent,4.5,3000,30000,B2,0.010956,n/a,576,0.01274,-0.00021763,0.06014,0.96875,
T-B3-C - T-CAM-C,independent,4.5,3000,30000,B4,0.06159,n/a,576,0.055481,0.025652,0.093661,1,
T-B3-C - T-CAM-C,independent,4.5,3000,30000,B8,0.002567,n/a,576,0.002203,0.000723,0.009248,1,
T-B3-C - T-CAM-C,independent,4.5,3000,3e+05,bba,0.023341,n/a,576,0.02383,0.012301,0.036786,1,0.98785
T-B3-C - T-CAM-C,independent,4.5,3000,3e+05,absorbed_algal_W,-17.164,n/a,576,-17.525,-27.052,-9.0458,0,0.95486
T-B3-C - T-CAM-C,independent,4.5,3000,3e+05,B2,0.009342,n/a,576,0.010853,-0.00017962,0.050971,0.96875,
T-B3-C - T-CAM-C,independent,4.5,3000,3e+05,B4,0.053794,n/a,576,0.048432,0.022337,0.082017,1,
T-B3-C - T-CAM-C,independent,4.5,3000,3e+05,B8,0.00231,n/a,576,0.0019825,0.000649,0.00834,1,
T-B3-C - T-CAM-C,independent,4.5,8000,30000,bba,0.020947,n/a,576,0.02157,0.010752,0.03301,1,0.98438
T-B3-C - T-CAM-C,independent,4.5,8000,30000,absorbed_algal_W,-15.404,n/a,576,-15.863,-24.275,-7.9067,0,0.93924
T-B3-C - T-CAM-C,independent,4.5,8000,30000,B2,0.009412,n/a,576,0.010906,-0.00016362,0.051292,0.96875,
T-B3-C - T-CAM-C,independent,4.5,8000,30000,B4,0.044537,n/a,576,0.040068,0.018414,0.068095,1,
T-B3-C - T-CAM-C,independent,4.5,8000,30000,B8,0.001448,n/a,576,0.001242,0.000407,0.005268,1,
T-B3-C - T-CAM-C,independent,4.5,8000,3e+05,bba,0.018451,n/a,576,0.019016,0.0095085,0.029035,1,0.96354
T-B3-C - T-CAM-C,independent,4.5,8000,3e+05,absorbed_algal_W,-13.569,n/a,576,-13.984,-21.352,-6.9921,0,0.87326
T-B3-C - T-CAM-C,independent,4.5,8000,3e+05,B2,0.008174,n/a,576,0.009467,-0.0001395,0.044323,0.96875,
T-B3-C - T-CAM-C,independent,4.5,8000,3e+05,B4,0.039746,n/a,576,0.035744,0.016396,0.060891,1,
T-B3-C - T-CAM-C,independent,4.5,8000,3e+05,B8,0.001339,n/a,576,0.001148,0.000376,0.004875,1,
T-B3-C - T-CAM-C,independent,5,1000,30000,bba,0.063232,n/a,576,0.064678,0.035439,0.097822,1,1
T-B3-C - T-CAM-C,independent,5,1000,30000,absorbed_algal_W,-46.5,n/a,576,-47.564,-71.938,-26.062,0,1
T-B3-C - T-CAM-C,independent,5,1000,30000,B2,0.015525,n/a,576,0.018203,-0.0001115,0.099697,0.97222,
T-B3-C - T-CAM-C,independent,5,1000,30000,B4,0.15941,n/a,576,0.14656,0.075296,0.22086,1,
T-B3-C - T-CAM-C,independent,5,1000,30000,B8,0.011284,n/a,576,0.0097725,0.003331,0.03479,1,
T-B3-C - T-CAM-C,independent,5,1000,3e+05,bba,0.054227,n/a,576,0.055397,0.030324,0.083583,1,1
T-B3-C - T-CAM-C,independent,5,1000,3e+05,absorbed_algal_W,-39.878,n/a,576,-40.738,-61.466,-22.299,0,1
T-B3-C - T-CAM-C,independent,5,1000,3e+05,B2,0.013583,n/a,576,0.01589,-5.7875e-05,0.085631,0.97222,
T-B3-C - T-CAM-C,independent,5,1000,3e+05,B4,0.13753,n/a,576,0.12621,0.064195,0.19208,1,
T-B3-C - T-CAM-C,independent,5,1000,3e+05,B8,0.009821,n/a,576,0.0085,0.002887,0.030641,1,
T-B3-C - T-CAM-C,independent,5,3000,30000,bba,0.05834,n/a,576,0.059789,0.031794,0.090946,1,1
T-B3-C - T-CAM-C,independent,5,3000,30000,absorbed_algal_W,-42.902,n/a,576,-43.969,-66.881,-23.382,0,1
T-B3-C - T-CAM-C,independent,5,3000,30000,B2,0.016987,n/a,576,0.019948,-0.00022775,0.10548,0.97049,
T-B3-C - T-CAM-C,independent,5,3000,30000,B4,0.14153,n/a,576,0.12953,0.064812,0.19991,1,
T-B3-C - T-CAM-C,independent,5,3000,30000,B8,0.00776,n/a,576,0.0067025,0.002257,0.024963,1,
T-B3-C - T-CAM-C,independent,5,3000,3e+05,bba,0.051389,n/a,576,0.052546,0.02814,0.080078,1,1
T-B3-C - T-CAM-C,independent,5,3000,3e+05,absorbed_algal_W,-37.791,n/a,576,-38.642,-58.889,-20.694,0,0.99826
T-B3-C - T-CAM-C,independent,5,3000,3e+05,B2,0.01503,n/a,576,0.017628,-0.00016513,0.092312,0.97049,
T-B3-C - T-CAM-C,independent,5,3000,3e+05,B4,0.12543,n/a,576,0.11468,0.057062,0.17801,1,
T-B3-C - T-CAM-C,independent,5,3000,3e+05,B8,0.006994,n/a,576,0.006038,0.00203,0.022631,1,
T-B3-C - T-CAM-C,independent,5,8000,30000,bba,0.046705,n/a,576,0.048105,0.024888,0.072909,1,1
T-B3-C - T-CAM-C,independent,5,8000,30000,absorbed_algal_W,-34.346,n/a,576,-35.376,-53.617,-18.302,0,0.99826
T-B3-C - T-CAM-C,independent,5,8000,30000,B2,0.015649,n/a,576,0.018337,-0.00021462,0.095297,0.97049,
T-B3-C - T-CAM-C,independent,5,8000,30000,B4,0.1068,n/a,576,0.09748,0.04806,0.15269,1,
T-B3-C - T-CAM-C,independent,5,8000,30000,B8,0.004418,n/a,576,0.00381,0.001275,0.014571,1,
T-B3-C - T-CAM-C,independent,5,8000,3e+05,bba,0.041818,n/a,576,0.043151,0.022351,0.065211,1,0.99826
T-B3-C - T-CAM-C,independent,5,8000,3e+05,absorbed_algal_W,-30.752,n/a,576,-31.733,-47.955,-16.436,0,0.99826
T-B3-C - T-CAM-C,independent,5,8000,3e+05,B2,0.014002,n/a,576,0.016393,-0.00017025,0.084525,0.97049,
T-B3-C - T-CAM-C,independent,5,8000,3e+05,B4,0.096365,n/a,576,0.087887,0.043146,0.13826,1,
T-B3-C - T-CAM-C,independent,5,8000,3e+05,B8,0.004088,n/a,576,0.0035245,0.001179,0.013535,1,
T-B3-D - T-MEAS,vs_measured,3,1000,30000,bba,2.3e-05,OMITTED (point value),24,5.85e-05,-0.0003037,0.0014458,0.625,0
T-B3-D - T-MEAS,vs_measured,3,1000,30000,absorbed_algal_W,-0.01675,OMITTED (point value),24,-0.04286,-1.0634,0.22329,0.375,0
T-B3-D - T-MEAS,vs_measured,3,1000,30000,B2,0.000168,OMITTED (point value),24,0.0002115,-9.59e-05,0.0020036,0.83333,
T-B3-D - T-MEAS,vs_measured,3,1000,30000,B4,0.000473,OMITTED (point value),24,0.0005465,-0.0003231,0.0031938,0.79167,
T-B3-D - T-MEAS,vs_measured,3,1000,30000,B8,-0.000623,OMITTED (point value),24,-0.000608,-0.00079755,-0.00017492,0,
T-B3-D - T-MEAS,vs_measured,3,1000,3e+05,bba,1e-05,OMITTED (point value),24,3.9e-05,-0.0002569,0.0011611,0.625,0
T-B3-D - T-MEAS,vs_measured,3,1000,3e+05,absorbed_algal_W,-0.00771,OMITTED (point value),24,-0.028935,-0.85437,0.18873,0.375,0
T-B3-D - T-MEAS,vs_measured,3,1000,3e+05,B2,0.000131,OMITTED (point value),24,0.000165,-7.3525e-05,0.0015614,0.83333,
T-B3-D - T-MEAS,vs_measured,3,1000,3e+05,B4,0.000391,OMITTED (point value),24,0.000451,-0.00026738,0.0026356,0.79167,
T-B3-D - T-MEAS,vs_measured,3,1000,3e+05,B8,-0.000539,OMITTED (point value),24,-0.0005265,-0.000691,-0.0001512,0,
T-B3-D - T-MEAS,vs_measured,3,3000,30000,bba,3.8e-05,OMITTED (point value),24,6.7e-05,-0.00021905,0.0011898,0.70833,0
T-B3-D - T-MEAS,vs_measured,3,3000,30000,absorbed_algal_W,-0.02818,OMITTED (point value),24,-0.049125,-0.87478,0.16138,0.29167,0
T-B3-D - T-MEAS,vs_measured,3,3000,30000,B2,0.000145,OMITTED (point value),24,0.000183,-8.2075e-05,0.0017329,0.83333,
T-B3-D - T-MEAS,vs_measured,3,3000,30000,B4,0.000369,OMITTED (point value),24,0.0004265,-0.00025212,0.0024921,0.79167,
T-B3-D - T-MEAS,vs_measured,3,3000,30000,B8,-0.000419,OMITTED (point value),24,-0.0004085,-0.0005366,-0.00011747,0,
T-B3-D - T-MEAS,vs_measured,3,3000,3e+05,bba,2.8e-05,OMITTED (point value),24,5.2e-05,-0.0001938,0.0010075,0.625,0
T-B3-D - T-MEAS,vs_measured,3,3000,3e+05,absorbed_algal_W,-0.02062,OMITTED (point value),24,-0.038505,-0.74109,0.14228,0.375,0
T-B3-D - T-MEAS,vs_measured,3,3000,3e+05,B2,0.00012,OMITTED (point value),24,0.0001515,-6.84e-05,0.0014334,0.83333,
T-B3-D - T-MEAS,vs_measured,3,3000,3e+05,B4,0.00032,OMITTED (point value),24,0.0003695,-0.00021877,0.0021587,0.79167,
T-B3-D - T-MEAS,vs_measured,3,3000,3e+05,B8,-0.000377,OMITTED (point value),24,-0.000368,-0.0004829,-0.0001059,0,
T-B3-D - T-MEAS,vs_measured,3,8000,30000,bba,4.8e-05,OMITTED (point value),24,6.95e-05,-0.00013797,0.00091193,0.70833,0
T-B3-D - T-MEAS,vs_measured,3,8000,30000,absorbed_algal_W,-0.03526,OMITTED (point value),24,-0.05077,-0.67063,0.10164,0.29167,0
T-B3-D - T-MEAS,vs_measured,3,8000,30000,B2,0.000118,OMITTED (point value),24,0.0001495,-6.6975e-05,0.0014192,0.83333,
T-B3-D - T-MEAS,vs_measured,3,8000,30000,B4,0.00026,OMITTED (point value),24,0.000301,-0.0001773,0.0017569,0.79167,
T-B3-D - T-MEAS,vs_measured,3,8000,30000,B8,-0.000235,OMITTED (point value),24,-0.0002295,-0.00030165,-6.6025e-05,0,
T-B3-D - T-MEAS,vs_measured,3,8000,3e+05,bba,3.9e-05,OMITTED (point value),24,5.75e-05,-0.00012443,0.00079,0.70833,0
T-B3-D - T-MEAS,vs_measured,3,8000,3e+05,absorbed_algal_W,-0.02854,OMITTED (point value),24,-0.042065,-0.58105,0.091588,0.29167,0
T-B3-D - T-MEAS,vs_measured,3,8000,3e+05,B2,0.000101,OMITTED (point value),24,0.0001275,-5.6e-05,0.0012037,0.83333,
T-B3-D - T-MEAS,vs_measured,3,8000,3e+05,B4,0.000231,OMITTED (point value),24,0.000267,-0.00015677,0.0015585,0.79167,
T-B3-D - T-MEAS,vs_measured,3,8000,3e+05,B8,-0.000218,OMITTED (point value),24,-0.0002125,-0.0002788,-6.1025e-05,0,
T-B3-D - T-MEAS,vs_measured,4,1000,30000,bba,5.3e-05,OMITTED (point value),24,0.0003635,-0.0027886,0.012866,0.58333,0.125
T-B3-D - T-MEAS,vs_measured,4,1000,30000,absorbed_algal_W,-0.0388,OMITTED (point value),24,-0.26705,-9.4617,2.0509,0.41667,0.041667
T-B3-D - T-MEAS,vs_measured,4,1000,30000,B2,0.001413,OMITTED (point value),24,0.00178,-0.0007944,0.017223,0.83333,
T-B3-D - T-MEAS,vs_measured,4,1000,30000,B4,0.004153,OMITTED (point value),24,0.0048015,-0.0028102,0.028913,0.79167,
T-B3-D - T-MEAS,vs_measured,4,1000,30000,B8,-0.005972,OMITTED (point value),24,-0.005837,-0.0075674,-0.0017278,0,
T-B3-D - T-MEAS,vs_measured,4,1000,3e+05,bba,-2e-05,OMITTED (point value),24,0.000236,-0.0023749,0.01046,0.58333,0.041667
T-B3-D - T-MEAS,vs_measured,4,1000,3e+05,absorbed_algal_W,0.0144,OMITTED (point value),24,-0.17365,-7.6923,1.7464,0.41667,0
T-B3-D - T-MEAS,vs_measured,4,1000,3e+05,B2,0.001124,OMITTED (point value),24,0.0014145,-0.0006274,0.01364,0.83333,
T-B3-D - T-MEAS,vs_measured,4,1000,3e+05,B4,0.003468,OMITTED (point value),24,0.004009,-0.0023488,0.024068,0.79167,
T-B3-D - T-MEAS,vs_measured,4,1000,3e+05,B8,-0.005184,OMITTED (point value),24,-0.005066,-0.0065738,-0.001496,0,
T-B3-D - T-MEAS,vs_measured,4,3000,30000,bba,0.000265,OMITTED (point value),24,0.000522,-0.0020545,0.010885,0.625,0.083333
T-B3-D - T-MEAS,vs_measured,4,3000,30000,absorbed_algal_W,-0.1952,OMITTED (point value),24,-0.38405,-8.0049,1.5105,0.375,0
T-B3-D - T-MEAS,vs_measured,4,3000,30000,B2,0.001272,OMITTED (point value),24,0.001603,-0.0007196,0.015444,0.83333,
T-B3-D - T-MEAS,vs_measured,4,3000,30000,B4,0.00335,OMITTED (point value),24,0.0038725,-0.0022687,0.023134,0.79167,
T-B3-D - T-MEAS,vs_measured,4,3000,30000,B8,-0.004062,OMITTED (point value),24,-0.003969,-0.0051615,-0.0011659,0,
T-B3-D - T-MEAS,vs_measured,4,3000,3e+05,bba,0.000188,OMITTED (point value),24,0.000409,-0.0018179,0.0092784,0.625,0.041667
T-B3-D - T-MEAS,vs_measured,4,3000,3e+05,absorbed_algal_W,-0.1385,OMITTED (point value),24,-0.301,-6.8235,1.3367,0.375,0
T-B3-D - T-MEAS,vs_measured,4,3000,3e+05,B2,0.001065,OMITTED (point value),24,0.0013415,-0.00060032,0.012891,0.83333,
T-B3-D - T-MEAS,vs_measured,4,3000,3e+05,B4,0.002919,OMITTED (point value),24,0.003374,-0.0019765,0.020121,0.79167,
T-B3-D - T-MEAS,vs_measured,4,3000,3e+05,B8,-0.003656,OMITTED (point value),24,-0.003572,-0.0046481,-0.0010484,0,
T-B3-D - T-MEAS,vs_measured,4,8000,30000,bba,0.000395,OMITTED (point value),24,0.000587,-0.0013023,0.0084402,0.70833,0
T-B3-D - T-MEAS,vs_measured,4,8000,30000,absorbed_algal_W,-0.2905,OMITTED (point value),24,-0.43215,-6.207,0.95741,0.29167,0
T-B3-D - T-MEAS,vs_measured,4,8000,30000,B2,0.001059,OMITTED (point value),24,0.001334,-0.00059365,0.012842,0.83333,
T-B3-D - T-MEAS,vs_measured,4,8000,30000,B4,0.002398,OMITTED (point value),24,0.0027715,-0.0016188,0.016494,0.79167,
T-B3-D - T-MEAS,vs_measured,4,8000,30000,B8,-0.002294,OMITTED (point value),24,-0.002241,-0.0029193,-0.00065525,0,
T-B3-D - T-MEAS,vs_measured,4,8000,3e+05,bba,0.00032,OMITTED (point value),24,0.0004895,-0.0011765,0.0073496,0.70833,0
T-B3-D - T-MEAS,vs_measured,4,8000,3e+05,absorbed_algal_W,-0.2352,OMITTED (point value),24,-0.35945,-5.4044,0.86588,0.29167,0
T-B3-D - T-MEAS,vs_measured,4,8000,3e+05,B2,0.000906,OMITTED (point value),24,0.001141,-0.00050615,0.010962,0.83333,
T-B3-D - T-MEAS,vs_measured,4,8000,3e+05,B4,0.002136,OMITTED (point value),24,0.0024685,-0.0014429,0.014675,0.79167,
T-B3-D - T-MEAS,vs_measured,4,8000,3e+05,B8,-0.00212,OMITTED (point value),24,-0.002071,-0.0026992,-0.0006048,0,
T-B3-D - T-MEAS,vs_measured,4.5,1000,30000,bba,-0.000696,OMITTED (point value),24,4.05e-05,-0.0073688,0.031631,0.54167,0.29167
T-B3-D - T-MEAS,vs_measured,4.5,1000,30000,absorbed_algal_W,0.5116,OMITTED (point value),24,-0.0298,-23.262,5.419,0.45833,0.25
T-B3-D - T-MEAS,vs_measured,4.5,1000,30000,B2,0.003108,OMITTED (point value),24,0.0039145,-0.0017135,0.039474,0.83333,
T-B3-D - T-MEAS,vs_measured,4.5,1000,30000,B4,0.009889,OMITTED (point value),24,0.011452,-0.0065751,0.073472,0.79167,
T-B3-D - T-MEAS,vs_measured,4.5,1000,30000,B8,-0.017217,OMITTED (point value),24,-0.01686,-0.021309,-0.0053108,0,
T-B3-D - T-MEAS,vs_measured,4.5,1000,3e+05,bba,-0.000693,OMITTED (point value),24,-7.1e-05,-0.0063593,0.026311,0.45833,0.25
T-B3-D - T-MEAS,vs_measured,4.5,1000,3e+05,absorbed_algal_W,0.5099,OMITTED (point value),24,0.05245,-19.348,4.6769,0.54167,0.16667
T-B3-D - T-MEAS,vs_measured,4.5,1000,3e+05,B2,0.002559,OMITTED (point value),24,0.0032215,-0.001398,0.032265,0.83333,
T-B3-D - T-MEAS,vs_measured,4.5,1000,3e+05,B4,0.008438,OMITTED (point value),24,0.0097705,-0.0056228,0.062211,0.79167,
T-B3-D - T-MEAS,vs_measured,4.5,1000,3e+05,B8,-0.015029,OMITTED (point value),24,-0.014714,-0.018639,-0.0046084,0,
T-B3-D - T-MEAS,vs_measured,4.5,3000,30000,bba,0.000182,OMITTED (point value),24,0.0008285,-0.0056165,0.028256,0.625,0.29167
T-B3-D - T-MEAS,vs_measured,4.5,3000,30000,absorbed_algal_W,-0.1341,OMITTED (point value),24,-0.60945,-20.779,4.1303,0.375,0.25
T-B3-D - T-MEAS,vs_measured,4.5,3000,30000,B2,0.00302,OMITTED (point value),24,0.003805,-0.0016916,0.037919,0.83333,
T-B3-D - T-MEAS,vs_measured,4.5,3000,30000,B4,0.008493,OMITTED (point value),24,0.009831,-0.0056683,0.061776,0.79167,
T-B3-D - T-MEAS,vs_measured,4.5,3000,30000,B8,-0.011955,OMITTED (point value),24,-0.0117,-0.014907,-0.0036093,0,
T-B3-D - T-MEAS,vs_measured,4.5,3000,3e+05,bba,7.4e-05,OMITTED (point value),24,0.0006375,-0.0050056,0.024389,0.58333,0.25
T-B3-D - T-MEAS,vs_measured,4.5,3000,3e+05,absorbed_algal_W,-0.0547,OMITTED (point value),24,-0.4693,-17.935,3.681,0.41667,0.16667
T-B3-D - T-MEAS,vs_measured,4.5,3000,3e+05,B2,0.002577,OMITTED (point value),24,0.003246,-0.0014362,0.032207,0.83333,
T-B3-D - T-MEAS,vs_measured,4.5,3000,3e+05,B4,0.007482,OMITTED (point value),24,0.0086595,-0.0049994,0.054199,0.79167,
T-B3-D - T-MEAS,vs_measured,4.5,3000,3e+05,B8,-0.01079,OMITTED (point value),24,-0.010559,-0.013468,-0.0032475,0,
T-B3-D - T-MEAS,vs_measured,4.5,8000,30000,bba,0.000754,OMITTED (point value),24,0.001251,-0.0036076,0.022441,0.70833,0.25
T-B3-D - T-MEAS,vs_measured,4.5,8000,30000,absorbed_algal_W,-0.554,OMITTED (point value),24,-0.9197,-16.503,2.653,0.29167,0.16667
T-B3-D - T-MEAS,vs_measured,4.5,8000,30000,B2,0.0026,OMITTED (point value),24,0.003277,-0.0014428,0.03249,0.83333,
T-B3-D - T-MEAS,vs_measured,4.5,8000,30000,B4,0.006275,OMITTED (point value),24,0.0072605,-0.0041842,0.045148,0.79167,
T-B3-D - T-MEAS,vs_measured,4.5,8000,30000,B8,-0.006831,OMITTED (point value),24,-0.0066825,-0.0085544,-0.0020356,0,
T-B3-D - T-MEAS,vs_measured,4.5,8000,3e+05,bba,0.000604,OMITTED (point value),24,0.001046,-0.0032843,0.019735,0.70833,0.20833
T-B3-D - T-MEAS,vs_measured,4.5,8000,3e+05,absorbed_algal_W,-0.4448,OMITTED (point value),24,-0.7694,-14.513,2.4149,0.29167,0.16667
T-B3-D - T-MEAS,vs_measured,4.5,8000,3e+05,B2,0.002259,OMITTED (point value),24,0.002846,-0.0012499,0.028122,0.83333,
T-B3-D - T-MEAS,vs_measured,4.5,8000,3e+05,B4,0.005635,OMITTED (point value),24,0.00652,-0.0037623,0.040428,0.79167,
T-B3-D - T-MEAS,vs_measured,4.5,8000,3e+05,B8,-0.006326,OMITTED (point value),24,-0.0061885,-0.0079277,-0.0018819,0,
T-B3-D - T-MEAS,vs_measured,5,1000,30000,bba,-0.005052,OMITTED (point value),24,-0.003895,-0.015235,0.053535,0.45833,0.54167
T-B3-D - T-MEAS,vs_measured,5,1000,30000,absorbed_algal_W,3.716,OMITTED (point value),24,2.865,-39.369,11.204,0.54167,0.375
T-B3-D - T-MEAS,vs_measured,5,1000,30000,B2,0.004203,OMITTED (point value),24,0.005296,-0.0021281,0.057929,0.83333,
T-B3-D - T-MEAS,vs_measured,5,1000,30000,B4,0.015469,OMITTED (point value),24,0.017974,-0.0099357,0.13271,0.79167,
T-B3-D - T-MEAS,vs_measured,5,1000,30000,B8,-0.042504,OMITTED (point value),24,-0.041814,-0.049973,-0.015443,0,
T-B3-D - T-MEAS,vs_measured,5,1000,3e+05,bba,-0.004412,OMITTED (point value),24,-0.0033865,-0.013459,0.046592,0.45833,0.5
T-B3-D - T-MEAS,vs_measured,5,1000,3e+05,absorbed_algal_W,3.244,OMITTED (point value),24,2.4905,-34.263,9.8976,0.54167,0.33333
T-B3-D - T-MEAS,vs_measured,5,1000,3e+05,B2,0.003686,OMITTED (point value),24,0.004642,-0.0018309,0.050233,0.83333,
T-B3-D - T-MEAS,vs_measured,5,1000,3e+05,B4,0.013789,OMITTED (point value),24,0.016017,-0.0088848,0.11655,0.79167,
T-B3-D - T-MEAS,vs_measured,5,1000,3e+05,B8,-0.037581,OMITTED (point value),24,-0.036958,-0.044357,-0.013468,0,
T-B3-D - T-MEAS,vs_measured,5,3000,30000,bba,-0.002394,OMITTED (point value),24,-0.001271,-0.012229,0.053036,0.45833,0.45833
T-B3-D - T-MEAS,vs_measured,5,3000,30000,absorbed_algal_W,1.761,OMITTED (point value),24,0.9345,-39.002,8.993,0.54167,0.29167
T-B3-D - T-MEAS,vs_measured,5,3000,30000,B2,0.004603,OMITTED (point value),24,0.0058035,-0.0024415,0.062486,0.83333,
T-B3-D - T-MEAS,vs_measured,5,3000,30000,B4,0.014853,OMITTED (point value),24,0.017246,-0.0095851,0.12314,0.79167,
T-B3-D - T-MEAS,vs_measured,5,3000,30000,B8,-0.0309,OMITTED (point value),24,-0.030363,-0.036788,-0.010699,0,
T-B3-D - T-MEAS,vs_measured,5,3000,3e+05,bba,-0.002206,OMITTED (point value),24,-0.0011985,-0.011044,0.046996,0.45833,0.41667
T-B3-D - T-MEAS,vs_measured,5,3000,3e+05,absorbed_algal_W,1.623,OMITTED (point value),24,0.882,-34.56,8.1219,0.54167,0.29167
T-B3-D - T-MEAS,vs_measured,5,3000,3e+05,B2,0.00408,OMITTED (point value),24,0.005141,-0.0021301,0.054984,0.83333,
T-B3-D - T-MEAS,vs_measured,5,3000,3e+05,B4,0.013407,OMITTED (point value),24,0.015564,-0.0086672,0.11021,0.79167,
T-B3-D - T-MEAS,vs_measured,5,3000,3e+05,B8,-0.028069,OMITTED (point value),24,-0.027575,-0.033488,-0.0096515,0,
T-B3-D - T-MEAS,vs_measured,5,8000,30000,bba,-0.000201,OMITTED (point value),24,0.0007145,-0.0080787,0.044513,0.58333,0.33333
T-B3-D - T-MEAS,vs_measured,5,8000,30000,absorbed_algal_W,0.148,OMITTED (point value),24,-0.5255,-32.735,5.9413,0.41667,0.29167
T-B3-D - T-MEAS,vs_measured,5,8000,30000,B2,0.00425,OMITTED (point value),24,0.00536,-0.0022703,0.057085,0.83333,
T-B3-D - T-MEAS,vs_measured,5,8000,30000,B4,0.01178,OMITTED (point value),24,0.013671,-0.0076144,0.095393,0.79167,
T-B3-D - T-MEAS,vs_measured,5,8000,30000,B8,-0.018181,OMITTED (point value),24,-0.01785,-0.021836,-0.0061073,0,
T-B3-D - T-MEAS,vs_measured,5,8000,3e+05,bba,-0.000267,OMITTED (point value),24,0.0005635,-0.0074371,0.039984,0.58333,0.33333
T-B3-D - T-MEAS,vs_measured,5,8000,3e+05,absorbed_algal_W,0.196,OMITTED (point value),24,-0.4145,-29.404,5.469,0.41667,0.29167
T-B3-D - T-MEAS,vs_measured,5,8000,3e+05,B2,0.003808,OMITTED (point value),24,0.0048005,-0.0020133,0.050844,0.83333,
T-B3-D - T-MEAS,vs_measured,5,8000,3e+05,B4,0.010774,OMITTED (point value),24,0.012502,-0.0069741,0.086707,0.79167,
T-B3-D - T-MEAS,vs_measured,5,8000,3e+05,B8,-0.016911,OMITTED (point value),24,-0.016602,-0.020341,-0.0056536,0,
T-CAM-D - T-MEAS,vs_measured,3,1000,30000,bba,-0.000102,OMITTED (point value),24,-2.9e-05,-0.00032198,0.00036055,0.45833,0
T-CAM-D - T-MEAS,vs_measured,3,1000,30000,absorbed_algal_W,0.07527,OMITTED (point value),24,0.021285,-0.26531,0.23659,0.54167,0
T-CAM-D - T-MEAS,vs_measured,3,1000,30000,B2,-0.000108,OMITTED (point value),24,-9.45e-05,-0.00015495,4.05e-05,0.041667,
T-CAM-D - T-MEAS,vs_measured,3,1000,30000,B4,0.000331,OMITTED (point value),24,0.000579,-0.0003404,0.0018677,0.79167,
T-CAM-D - T-MEAS,vs_measured,3,1000,30000,B8,-0.000565,OMITTED (point value),24,-0.000502,-0.00077682,-0.00027372,0,
T-CAM-D - T-MEAS,vs_measured,3,1000,3e+05,bba,-8.8e-05,OMITTED (point value),24,-2.75e-05,-0.00027057,0.0002945,0.45833,0
T-CAM-D - T-MEAS,vs_measured,3,1000,3e+05,absorbed_algal_W,0.06447,OMITTED (point value),24,0.019715,-0.21679,0.19886,0.54167,0
T-CAM-D - T-MEAS,vs_measured,3,1000,3e+05,B2,-8.3e-05,OMITTED (point value),24,-7.3e-05,-0.00011925,3.215e-05,0.041667,
T-CAM-D - T-MEAS,vs_measured,3,1000,3e+05,B4,0.000273,OMITTED (point value),24,0.000478,-0.00028163,0.0015425,0.79167,
T-CAM-D - T-MEAS,vs_measured,3,1000,3e+05,B8,-0.000489,OMITTED (point value),24,-0.000434,-0.00067185,-0.00023673,0,
T-CAM-D - T-MEAS,vs_measured,3,3000,30000,bba,-7e-05,OMITTED (point value),24,-1.4e-05,-0.00023587,0.00028878,0.45833,0
T-CAM-D - T-MEAS,vs_measured,3,3000,30000,absorbed_algal_W,0.05158,OMITTED (point value),24,0.010135,-0.21215,0.17345,0.54167,0
T-CAM-D - T-MEAS,vs_measured,3,3000,30000,B2,-9.3e-05,OMITTED (point value),24,-8.15e-05,-0.00013268,3.555e-05,0.041667,
T-CAM-D - T-MEAS,vs_measured,3,3000,30000,B4,0.000258,OMITTED (point value),24,0.0004515,-0.00026607,0.0014574,0.79167,
T-CAM-D - T-MEAS,vs_measured,3,3000,30000,B8,-0.00038,OMITTED (point value),24,-0.0003375,-0.00052202,-0.00018315,0,
T-CAM-D - T-MEAS,vs_measured,3,3000,3e+05,bba,-6.3e-05,OMITTED (point value),24,-1.35e-05,-0.00020717,0.00024798,0.45833,0
T-CAM-D - T-MEAS,vs_measured,3,3000,3e+05,absorbed_algal_W,0.04586,OMITTED (point value),24,0.0099,-0.18228,0.1522,0.54167,0
T-CAM-D - T-MEAS,vs_measured,3,3000,3e+05,B2,-7.7e-05,OMITTED (point value),24,-6.75e-05,-0.00011025,2.86e-05,0.041667,
T-CAM-D - T-MEAS,vs_measured,3,3000,3e+05,B4,0.000224,OMITTED (point value),24,0.000391,-0.00023055,0.0012626,0.79167,
T-CAM-D - T-MEAS,vs_measured,3,3000,3e+05,B8,-0.000342,OMITTED (point value),24,-0.0003035,-0.00047033,-0.00016515,0,
T-CAM-D - T-MEAS,vs_measured,3,8000,30000,bba,-4.1e-05,OMITTED (point value),24,-1.5e-06,-0.00015177,0.000211,0.45833,0
T-CAM-D - T-MEAS,vs_measured,3,8000,30000,absorbed_algal_W,0.03009,OMITTED (point value),24,0.00142,-0.15501,0.11195,0.54167,0
T-CAM-D - T-MEAS,vs_measured,3,8000,30000,B2,-7.7e-05,OMITTED (point value),24,-6.75e-05,-0.0001074,2.8175e-05,0.041667,
T-CAM-D - T-MEAS,vs_measured,3,8000,30000,B4,0.000182,OMITTED (point value),24,0.000318,-0.00018675,0.0010267,0.79167,
T-CAM-D - T-MEAS,vs_measured,3,8000,30000,B8,-0.000213,OMITTED (point value),24,-0.000189,-0.00029365,-0.00010257,0,
T-CAM-D - T-MEAS,vs_measured,3,8000,3e+05,bba,-3.7e-05,OMITTED (point value),24,-2.5e-06,-0.0001365,0.00018532,0.45833,0
T-CAM-D - T-MEAS,vs_measured,3,8000,3e+05,absorbed_algal_W,0.02732,OMITTED (point value),24,0.00189,-0.13632,0.10029,0.54167,0
T-CAM-D - T-MEAS,vs_measured,3,8000,3e+05,B2,-6.4e-05,OMITTED (point value),24,-5.65e-05,-9.055e-05,2.45e-05,0.041667,
T-CAM-D - T-MEAS,vs_measured,3,8000,3e+05,B4,0.000162,OMITTED (point value),24,0.000282,-0.00016535,0.00091108,0.79167,
T-CAM-D - T-MEAS,vs_measured,3,8000,3e+05,B8,-0.000197,OMITTED (point value),24,-0.000175,-0.00027122,-9.5575e-05,0,
T-CAM-D - T-MEAS,vs_measured,4,1000,30000,bba,-0.000999,OMITTED (point value),24,-0.000345,-0.002937,0.0031616,0.45833,0
T-CAM-D - T-MEAS,vs_measured,4,1000,30000,absorbed_algal_W,0.7347,OMITTED (point value),24,0.2539,-2.325,2.16,0.54167,0
T-CAM-D - T-MEAS,vs_measured,4,1000,30000,B2,-0.000899,OMITTED (point value),24,-0.0007875,-0.0012874,0.000341,0.041667,
T-CAM-D - T-MEAS,vs_measured,4,1000,30000,B4,0.002902,OMITTED (point value),24,0.005085,-0.0029632,0.016651,0.79167,
T-CAM-D - T-MEAS,vs_measured,4,1000,30000,B8,-0.005441,OMITTED (point value),24,-0.00485,-0.0073751,-0.0026827,0,
T-CAM-D - T-MEAS,vs_measured,4,1000,3e+05,bba,-0.000859,OMITTED (point value),24,-0.000311,-0.0024895,0.002613,0.45833,0
T-CAM-D - T-MEAS,vs_measured,4,1000,3e+05,absorbed_algal_W,0.6314,OMITTED (point value),24,0.2286,-1.9215,1.8308,0.54167,0
T-CAM-D - T-MEAS,vs_measured,4,1000,3e+05,B2,-0.000712,OMITTED (point value),24,-0.0006245,-0.0010151,0.00027048,0.041667,
T-CAM-D - T-MEAS,vs_measured,4,1000,3e+05,B4,0.002424,OMITTED (point value),24,0.004247,-0.0024763,0.013883,0.79167,
T-CAM-D - T-MEAS,vs_measured,4,1000,3e+05,B8,-0.004721,OMITTED (point value),24,-0.0042075,-0.0064063,-0.0023248,0,
T-CAM-D - T-MEAS,vs_measured,4,3000,30000,bba,-0.000688,OMITTED (point value),24,-0.0001725,-0.0021967,0.0026135,0.45833,0
T-CAM-D - T-MEAS,vs_measured,4,3000,30000,absorbed_algal_W,0.5054,OMITTED (point value),24,0.1264,-1.9221,1.6152,0.54167,0
T-CAM-D - T-MEAS,vs_measured,4,3000,30000,B2,-0.000813,OMITTED (point value),24,-0.000713,-0.0011638,0.00030658,0.041667,
T-CAM-D - T-MEAS,vs_measured,4,3000,30000,B4,0.002339,OMITTED (point value),24,0.004097,-0.0023927,0.013372,0.79167,
T-CAM-D - T-MEAS,vs_measured,4,3000,30000,B8,-0.003697,OMITTED (point value),24,-0.003292,-0.0050293,-0.0018139,0,
T-CAM-D - T-MEAS,vs_measured,4,3000,3e+05,bba,-0.000613,OMITTED (point value),24,-0.000163,-0.0019352,0.0022583,0.45833,0
T-CAM-D - T-MEAS,vs_measured,4,3000,3e+05,absorbed_algal_W,0.4506,OMITTED (point value),24,0.1198,-1.6609,1.4234,0.54167,0
T-CAM-D - T-MEAS,vs_measured,4,3000,3e+05,B2,-0.000679,OMITTED (point value),24,-0.000595,-0.00097197,0.00025703,0.041667,
T-CAM-D - T-MEAS,vs_measured,4,3000,3e+05,B4,0.002039,OMITTED (point value),24,0.00357,-0.0020848,0.01164,0.79167,
T-CAM-D - T-MEAS,vs_measured,4,3000,3e+05,B8,-0.003327,OMITTED (point value),24,-0.002962,-0.004528,-0.0016313,0,
T-CAM-D - T-MEAS,vs_measured,4,8000,30000,bba,-0.000401,OMITTED (point value),24,-4e-05,-0.0014264,0.0019386,0.45833,0
T-CAM-D - T-MEAS,vs_measured,4,8000,30000,absorbed_algal_W,0.2944,OMITTED (point value),24,0.0293,-1.4257,1.0486,0.54167,0
T-CAM-D - T-MEAS,vs_measured,4,8000,30000,B2,-0.000678,OMITTED (point value),24,-0.0005945,-0.0009512,0.00025503,0.041667,
T-CAM-D - T-MEAS,vs_measured,4,8000,30000,B4,0.001672,OMITTED (point value),24,0.002928,-0.0017076,0.009545,0.79167,
T-CAM-D - T-MEAS,vs_measured,4,8000,30000,B8,-0.002087,OMITTED (point value),24,-0.001857,-0.0028441,-0.0010213,0,
T-CAM-D - T-MEAS,vs_measured,4,8000,3e+05,bba,-0.000364,OMITTED (point value),24,-4.3e-05,-0.001282,0.0017126,0.45833,0
T-CAM-D - T-MEAS,vs_measured,4,8000,3e+05,absorbed_algal_W,0.2682,OMITTED (point value),24,0.032,-1.2593,0.94334,0.54167,0
T-CAM-D - T-MEAS,vs_measured,4,8000,3e+05,B2,-0.000578,OMITTED (point value),24,-0.000507,-0.00081095,0.0002185,0.041667,
T-CAM-D - T-MEAS,vs_measured,4,8000,3e+05,B4,0.001489,OMITTED (point value),24,0.0026085,-0.0015213,0.0084977,0.79167,
T-CAM-D - T-MEAS,vs_measured,4,8000,3e+05,B8,-0.001928,OMITTED (point value),24,-0.001716,-0.0026296,-0.00094275,0,
T-CAM-D - T-MEAS,vs_measured,4.5,1000,30000,bba,-0.002991,OMITTED (point value),24,-0.001381,-0.0076747,0.0074633,0.375,0
T-CAM-D - T-MEAS,vs_measured,4.5,1000,30000,absorbed_algal_W,2.1995,OMITTED (point value),24,1.0154,-5.4885,5.6439,0.625,0
T-CAM-D - T-MEAS,vs_measured,4.5,1000,30000,B2,-0.001952,OMITTED (point value),24,-0.0017115,-0.0027658,0.00074588,0.041667,
T-CAM-D - T-MEAS,vs_measured,4.5,1000,30000,B4,0.006893,OMITTED (point value),24,0.012142,-0.0069329,0.040943,0.79167,
T-CAM-D - T-MEAS,vs_measured,4.5,1000,30000,B8,-0.015809,OMITTED (point value),24,-0.014216,-0.020826,-0.0081287,0,
T-CAM-D - T-MEAS,vs_measured,4.5,1000,3e+05,bba,-0.002584,OMITTED (point value),24,-0.001207,-0.0066035,0.0063125,0.375,0
T-CAM-D - T-MEAS,vs_measured,4.5,1000,3e+05,absorbed_algal_W,1.9009,OMITTED (point value),24,0.88825,-4.6418,4.8566,0.625,0
T-CAM-D - T-MEAS,vs_measured,4.5,1000,3e+05,B2,-0.001603,OMITTED (point value),24,-0.001406,-0.0022483,0.00061332,0.041667,
T-CAM-D - T-MEAS,vs_measured,4.5,1000,3e+05,B4,0.005885,OMITTED (point value),24,0.01036,-0.0059276,0.034811,0.79167,
T-CAM-D - T-MEAS,vs_measured,4.5,1000,3e+05,B8,-0.01379,OMITTED (point value),24,-0.012391,-0.018212,-0.0070634,0,
T-CAM-D - T-MEAS,vs_measured,4.5,3000,30000,bba,-0.00208,OMITTED (point value),24,-0.000743,-0.0059437,0.0066075,0.45833,0
T-CAM-D - T-MEAS,vs_measured,4.5,3000,30000,absorbed_algal_W,1.5292,OMITTED (point value),24,0.54655,-4.8592,4.3709,0.54167,0
T-CAM-D - T-MEAS,vs_measured,4.5,3000,30000,B2,-0.001914,OMITTED (point value),24,-0.001677,-0.0027364,0.00072617,0.041667,
T-CAM-D - T-MEAS,vs_measured,4.5,3000,30000,B4,0.005918,OMITTED (point value),24,0.010411,-0.0059778,0.034789,0.79167,
T-CAM-D - T-MEAS,vs_measured,4.5,3000,30000,B8,-0.01095,OMITTED (point value),24,-0.009818,-0.014558,-0.0055518,0,
T-CAM-D - T-MEAS,vs_measured,4.5,3000,3e+05,bba,-0.001861,OMITTED (point value),24,-0.0006825,-0.0052813,0.0057777,0.45833,0
T-CAM-D - T-MEAS,vs_measured,4.5,3000,3e+05,absorbed_algal_W,1.3684,OMITTED (point value),24,0.50135,-4.2492,3.8833,0.54167,0
T-CAM-D - T-MEAS,vs_measured,4.5,3000,3e+05,B2,-0.001628,OMITTED (point value),24,-0.0014275,-0.0023199,0.00061998,0.041667,
T-CAM-D - T-MEAS,vs_measured,4.5,3000,3e+05,B4,0.005215,OMITTED (point value),24,0.0091715,-0.0052719,0.030589,0.79167,
T-CAM-D - T-MEAS,vs_measured,4.5,3000,3e+05,B8,-0.009879,OMITTED (point value),24,-0.0088545,-0.013151,-0.0049995,0,
T-CAM-D - T-MEAS,vs_measured,4.5,8000,30000,bba,-0.00121,OMITTED (point value),24,-0.000254,-0.0039052,0.0050676,0.45833,0
T-CAM-D - T-MEAS,vs_measured,4.5,8000,30000,absorbed_algal_W,0.89,OMITTED (point value),24,0.1868,-3.7265,2.8721,0.54167,0
T-CAM-D - T-MEAS,vs_measured,4.5,8000,30000,B2,-0.001649,OMITTED (point value),24,-0.0014465,-0.0023093,0.00062505,0.041667,
T-CAM-D - T-MEAS,vs_measured,4.5,8000,30000,B4,0.004367,OMITTED (point value),24,0.0076775,-0.0044114,0.025545,0.79167,
T-CAM-D - T-MEAS,vs_measured,4.5,8000,30000,B8,-0.006247,OMITTED (point value),24,-0.0055925,-0.0083499,-0.003142,0,
T-CAM-D - T-MEAS,vs_measured,4.5,8000,3e+05,bba,-0.001108,OMITTED (point value),24,-0.0002485,-0.0035407,0.0045164,0.45833,0
T-CAM-D - T-MEAS,vs_measured,4.5,8000,3e+05,absorbed_algal_W,0.8149,OMITTED (point value),24,0.1827,-3.3215,2.6036,0.54167,0
T-CAM-D - T-MEAS,vs_measured,4.5,8000,3e+05,B2,-0.00143,OMITTED (point value),24,-0.0012545,-0.0019991,0.00054292,0.041667,
T-CAM-D - T-MEAS,vs_measured,4.5,8000,3e+05,B4,0.003923,OMITTED (point value),24,0.0068955,-0.0039662,0.022912,0.79167,
T-CAM-D - T-MEAS,vs_measured,4.5,8000,3e+05,B8,-0.005784,OMITTED (point value),24,-0.0051765,-0.0077369,-0.0029058,0,
T-CAM-D - T-MEAS,vs_measured,5,1000,30000,bba,-0.008028,OMITTED (point value),24,-0.005281,-0.015561,0.010781,0.25,0.29167
T-CAM-D - T-MEAS,vs_measured,5,1000,30000,absorbed_algal_W,5.904,OMITTED (point value),24,3.884,-7.9281,11.444,0.75,0.083333
T-CAM-D - T-MEAS,vs_measured,5,1000,30000,B2,-0.00255,OMITTED (point value),24,-0.002245,-0.0033401,0.00099582,0.041667,
T-CAM-D - T-MEAS,vs_measured,5,1000,30000,B4,0.01073,OMITTED (point value),24,0.019102,-0.01047,0.068502,0.79167,
T-CAM-D - T-MEAS,vs_measured,5,1000,30000,B8,-0.039746,OMITTED (point value),24,-0.036481,-0.049131,-0.022696,0,
T-CAM-D - T-MEAS,vs_measured,5,1000,3e+05,bba,-0.007018,OMITTED (point value),24,-0.004574,-0.013733,0.0096042,0.25,0.25
T-CAM-D - T-MEAS,vs_measured,5,1000,3e+05,absorbed_algal_W,5.161,OMITTED (point value),24,3.364,-7.0628,10.099,0.75,0.041667
T-CAM-D - T-MEAS,vs_measured,5,1000,3e+05,B2,-0.002227,OMITTED (point value),24,-0.001962,-0.0028839,0.00087262,0.041667,
T-CAM-D - T-MEAS,vs_measured,5,1000,3e+05,B4,0.009572,OMITTED (point value),24,0.017021,-0.0093612,0.06066,0.79167,
T-CAM-D - T-MEAS,vs_measured,5,1000,3e+05,B8,-0.035092,OMITTED (point value),24,-0.032156,-0.043591,-0.019865,0,
T-CAM-D - T-MEAS,vs_measured,5,3000,30000,bba,-0.005787,OMITTED (point value),24,-0.003291,-0.012666,0.011181,0.33333,0.20833
T-CAM-D - T-MEAS,vs_measured,5,3000,30000,absorbed_algal_W,4.255,OMITTED (point value),24,2.4195,-8.2228,9.3144,0.66667,0
T-CAM-D - T-MEAS,vs_measured,5,3000,30000,B2,-0.002839,OMITTED (point value),24,-0.0024935,-0.0038653,0.0010971,0.041667,
T-CAM-D - T-MEAS,vs_measured,5,3000,30000,B4,0.010301,OMITTED (point value),24,0.018304,-0.010102,0.064782,0.79167,
T-CAM-D - T-MEAS,vs_measured,5,3000,30000,B8,-0.028758,OMITTED (point value),24,-0.026249,-0.036118,-0.015932,0,
T-CAM-D - T-MEAS,vs_measured,5,3000,3e+05,bba,-0.005212,OMITTED (point value),24,-0.002959,-0.01142,0.010043,0.33333,0.125
T-CAM-D - T-MEAS,vs_measured,5,3000,3e+05,absorbed_algal_W,3.833,OMITTED (point value),24,2.176,-7.3859,8.3982,0.66667,0
T-CAM-D - T-MEAS,vs_measured,5,3000,3e+05,B2,-0.002505,OMITTED (point value),24,-0.0022025,-0.0033432,0.00097133,0.041667,
T-CAM-D - T-MEAS,vs_measured,5,3000,3e+05,B4,0.009303,OMITTED (point value),24,0.01652,-0.0091339,0.058254,0.79167,
T-CAM-D - T-MEAS,vs_measured,5,3000,3e+05,B8,-0.026104,OMITTED (point value),24,-0.023806,-0.03287,-0.014397,0,
T-CAM-D - T-MEAS,vs_measured,5,8000,30000,bba,-0.003416,OMITTED (point value),24,-0.001536,-0.0085275,0.0093869,0.375,0.041667
T-CAM-D - T-MEAS,vs_measured,5,8000,30000,absorbed_algal_W,2.512,OMITTED (point value),24,1.1295,-6.903,6.2715,0.625,0
T-CAM-D - T-MEAS,vs_measured,5,8000,30000,B2,-0.002635,OMITTED (point value),24,-0.0023155,-0.0035831,0.0010139,0.041667,
T-CAM-D - T-MEAS,vs_measured,5,8000,30000,B4,0.008163,OMITTED (point value),24,0.014485,-0.0080236,0.050786,0.79167,
T-CAM-D - T-MEAS,vs_measured,5,8000,30000,B8,-0.016867,OMITTED (point value),24,-0.015339,-0.021417,-0.0091672,0,
T-CAM-D - T-MEAS,vs_measured,5,8000,3e+05,bba,-0.003151,OMITTED (point value),24,-0.001429,-0.0078322,0.0085326,0.375,0.041667
T-CAM-D - T-MEAS,vs_measured,5,8000,3e+05,absorbed_algal_W,2.317,OMITTED (point value),24,1.0505,-6.2753,5.7592,0.625,0
T-CAM-D - T-MEAS,vs_measured,5,8000,3e+05,B2,-0.002354,OMITTED (point value),24,-0.002069,-0.0031597,0.00090857,0.041667,
T-CAM-D - T-MEAS,vs_measured,5,8000,3e+05,B4,0.00747,OMITTED (point value),24,0.013248,-0.0073475,0.046323,0.79167,
T-CAM-D - T-MEAS,vs_measured,5,8000,3e+05,B8,-0.015681,OMITTED (point value),24,-0.014252,-0.019948,-0.0084962,0,
