Wavelength_nm,Energy_eV,Oscillator_Strength,Epsilon_L_mol-1_cm-1,MAC_estimated
300,4.13281,1.35365,38858.9,20987.5
301,4.11908,1.30864,37566.6,20289.5
302,4.10544,1.25724,36091.1,19492.6
303,4.09189,1.20087,34473,18618.7
304,4.07843,1.14102,32755,17690.8
305,4.06506,1.07918,30979.8,16732
306,4.05177,1.01681,29189.2,15764.9
307,4.03857,0.955278,27422.9,14810.9
308,4.02546,0.895855,25717,13889.6
309,4.01243,0.839667,24104.1,13018.5
310,3.99949,0.787681,22611.7,12212.5
311,3.98663,0.740692,21262.8,11483.9
312,3.97385,0.699314,20075,10842.4
313,3.96116,0.663975,19060.5,10294.5
314,3.94854,0.634919,18226.4,9843.99
315,3.93601,0.612211,17574.6,9491.92
316,3.92355,0.595745,17101.9,9236.63
317,3.91117,0.585254,16800.7,9073.96
318,3.89887,0.580321,16659.1,8997.49
319,3.88665,0.580403,16661.5,8998.76
320,3.87451,0.584843,16788.9,9067.6
321,3.86244,0.592894,17020,9192.42
322,3.85044,0.603743,17331.5,9360.62
323,3.83852,0.616534,17698.7,9558.95
324,3.82667,0.630397,18096.6,9773.89
325,3.8149,0.644469,18500.6,9992.06
326,3.8032,0.65792,18886.7,10200.6
327,3.79157,0.669978,19232.9,10387.6
328,3.78001,0.679951,19519.1,10542.2
329,3.76852,0.687238,19728.3,10655.2
330,3.7571,0.691353,19846.4,10719
331,3.74575,0.691926,19862.9,10727.8
332,3.73446,0.688714,19770.7,10678
333,3.72325,0.6816,19566.5,10567.8
334,3.7121,0.670592,19250.5,10397.1
335,3.70102,0.65581,18826.1,10167.9
336,3.69001,0.637485,18300.1,9883.77
337,3.67906,0.615935,17681.4,9549.65
338,3.66817,0.591557,16981.7,9171.7
339,3.65735,0.56481,16213.8,8756.99
340,3.64659,0.536191,15392.3,8313.29
341,3.6359,0.506228,14532.1,7848.73
342,3.62527,0.475456,13648.8,7371.62
343,3.6147,0.444404,12757.4,6890.19
344,3.60419,0.413586,11872.7,6412.38
345,3.59374,0.383485,11008.6,5945.67
346,3.58336,0.354545,10177.8,5496.98
347,3.57303,0.327169,9391.93,5072.53
348,3.56276,0.301707,8661.01,4677.76
349,3.55256,0.27846,7993.67,4317.34
350,3.54241,0.257675,7396.98,3995.07
351,3.53231,0.239544,6876.53,3713.98
352,3.52228,0.224212,6436.39,3476.26
353,3.5123,0.211771,6079.24,3283.36
354,3.50238,0.202266,5806.4,3136
355,3.49251,0.195701,5617.94,3034.22
356,3.4827,0.192037,5512.75,2977.41
357,3.47295,0.191198,5488.67,2964.4
358,3.46325,0.193074,5542.53,2993.49
359,3.4536,0.197524,5670.26,3062.48
360,3.44401,0.204377,5866.98,3168.73
361,3.43447,0.213438,6127.1,3309.21
362,3.42498,0.22449,6444.36,3480.57
363,3.41554,0.237296,6811.97,3679.11
364,3.40616,0.251602,7222.66,3900.92
365,3.39683,0.267143,7668.79,4141.87
366,3.38755,0.283643,8142.46,4397.7
367,3.37832,0.300822,8635.59,4664.04
368,3.36914,0.318395,9140.07,4936.5
369,3.36001,0.336082,9647.81,5210.73
370,3.35092,0.353609,10150.9,5482.47
371,3.34189,0.370711,10641.9,5747.62
372,3.33291,0.387137,11113.4,6002.3
373,3.32397,0.402655,11558.9,6242.9
374,3.31509,0.417056,11972.3,6466.17
375,3.30625,0.430152,12348.2,6669.22
376,3.29745,0.441786,12682.2,6849.6
377,3.28871,0.45183,12970.5,7005.31
378,3.28001,0.460185,13210.4,7134.85
379,3.27135,0.466786,13399.9,7237.2
380,3.26274,0.4716,13538.1,7311.84
381,3.25418,0.474625,13624.9,7358.74
382,3.24566,0.475891,13661.2,7378.36
383,3.23719,0.475454,13648.7,7371.59
384,3.22876,0.473399,13589.7,7339.73
385,3.22037,0.469833,13487.3,7284.44
386,3.21203,0.464883,13345.3,7207.7
387,3.20373,0.458694,13167.6,7111.74
388,3.19547,0.451422,12958.8,6999
389,3.18725,0.443234,12723.8,6872.04
390,3.17908,0.434299,12467.3,6733.51
391,3.17095,0.42479,12194.3,6586.08
392,3.16286,0.414876,11909.7,6432.38
393,3.15481,0.404721,11618.2,6274.93
394,3.14681,0.39448,11324.2,6116.14
395,3.13884,0.384295,11031.8,5958.23
396,3.13091,0.374296,10744.8,5803.21
397,3.12303,0.364599,10466.4,5652.86
398,3.11518,0.355299,10199.4,5508.67
399,3.10737,0.346476,9946.18,5371.88
400,3.0996,0.338193,9708.41,5243.46
401,3.09188,0.330493,9487.37,5124.07
402,3.08418,0.323403,9283.82,5014.14
403,3.07653,0.316931,9098.04,4913.8
404,3.06892,0.311072,8929.85,4822.97
405,3.06134,0.305806,8778.67,4741.31
406,3.0538,0.301099,8643.55,4668.33
407,3.04629,0.296907,8523.21,4603.34
408,3.03883,0.293177,8416.14,4545.51
409,3.0314,0.289848,8320.58,4493.9
410,3.024,0.286855,8234.67,4447.5
411,3.01665,0.284129,8156.39,4405.22
412,3.00933,0.281597,8083.71,4365.97
413,3.00204,0.279189,8014.59,4328.64
414,2.99479,0.276835,7947.02,4292.14
415,2.98757,0.274469,7879.09,4255.45
416,2.98039,0.272027,7809,4217.6
417,2.97324,0.269452,7735.09,4177.68
418,2.96613,0.266693,7655.87,4134.9
419,2.95905,0.263704,7570.07,4088.55
420,2.952,0.260447,7476.58,4038.06
421,2.94499,0.256892,7374.53,3982.95
422,2.93801,0.253016,7263.26,3922.85
423,2.93107,0.248803,7142.31,3857.52
424,2.92416,0.244244,7011.43,3786.84
425,2.91728,0.239338,6870.59,3710.77
426,2.91043,0.234089,6719.92,3629.39
427,2.90361,0.228509,6559.72,3542.87
428,2.89683,0.222613,6390.48,3451.46
429,2.89007,0.216423,6212.78,3355.49
430,2.88335,0.209963,6027.34,3255.34
431,2.87666,0.203262,5834.99,3151.45
432,2.87,0.196352,5636.62,3044.31
433,2.86338,0.189265,5433.17,2934.43
434,2.85678,0.182036,5225.65,2822.35
435,2.85021,0.1747,5015.06,2708.61
436,2.84367,0.167293,4802.43,2593.77
437,2.83717,0.15985,4588.77,2478.37
438,2.83069,0.152405,4375.05,2362.94
439,2.82424,0.144992,4162.23,2248
440,2.81782,0.137641,3951.22,2134.03
441,2.81143,0.130383,3742.86,2021.5
442,2.80507,0.123244,3537.93,1910.82
443,2.79874,0.11625,3337.16,1802.38
444,2.79244,0.109424,3141.19,1696.54
445,2.78616,0.102784,2950.59,1593.6
446,2.77991,0.0963493,2765.87,1493.83
447,2.7737,0.0901338,2587.44,1397.46
448,2.7675,0.0841497,2415.66,1304.69
449,2.76134,0.0784068,2250.8,1215.64
450,2.7552,0.0729123,2093.07,1130.46
451,2.7491,0.0676712,1942.62,1049.2
452,2.74301,0.0626865,1799.52,971.911
453,2.73696,0.0579589,1663.81,898.614
454,2.73093,0.0534877,1535.46,829.291
455,2.72493,0.0492703,1414.39,763.903
456,2.71895,0.0453028,1300.49,702.39
457,2.713,0.0415799,1193.62,644.668
458,2.70708,0.0380952,1093.59,590.641
459,2.70118,0.0348415,1000.18,540.194
460,2.69531,0.0318107,913.18,493.203
461,2.68946,0.0289941,832.324,449.534
462,2.68364,0.0263825,757.353,409.042
463,2.67784,0.0239664,687.995,371.582
464,2.67207,0.0217359,623.967,337.001
465,2.66633,0.0196814,564.987,305.146
466,2.66061,0.0177927,510.77,275.864
467,2.65491,0.0160601,461.033,249.001
468,2.64924,0.0144739,415.497,224.408
469,2.64359,0.0130245,373.889,201.936
470,2.63796,0.0117026,335.944,181.441
471,2.63236,0.0104994,301.403,162.786
472,2.62678,0.00940618,270.02,145.837
473,2.62123,0.00841469,241.558,130.464
474,2.6157,0.00751706,215.79,116.547
475,2.61019,0.00670582,192.502,103.969
476,2.60471,0.00597391,171.491,92.6215
477,2.59925,0.00531468,152.567,82.4006
478,2.59381,0.0047219,135.55,73.2098
479,2.5884,0.00418971,120.273,64.9587
480,2.583,0.0037127,106.579,57.5629
481,2.57763,0.00328579,94.3242,50.944
482,2.57229,0.00290432,83.3734,45.0295
483,2.56696,0.00256396,73.6027,39.7524
484,2.56166,0.00226072,64.8978,35.0509
485,2.55638,0.00199095,57.1536,30.8684
486,2.55112,0.0017513,50.274,27.1527
487,2.54588,0.0015387,44.1708,23.8564
488,2.54066,0.00135035,38.7641,20.9363
489,2.53546,0.00118372,33.9806,18.3527
490,2.53029,0.00103649,29.7542,16.0701
491,2.52514,0.00090658,26.0249,14.0559
492,2.52,0.000792094,22.7384,12.2809
493,2.51489,0.00069133,19.8458,10.7186
494,2.5098,0.000602751,17.303,9.34525
495,2.50473,0.000524979,15.0704,8.13945
496,2.49968,0.000456777,13.1126,7.08203
497,2.49465,0.000397038,11.3977,6.15581
498,2.48964,0.000344772,9.89725,5.34545
499,2.48465,0.000299095,8.58603,4.63727
500,2.47968,0.000259222,7.4414,4.01906
501,2.47473,0.000224453,6.4433,3.47999
502,2.4698,0.000194168,5.57391,3.01044
503,2.46489,0.000167816,4.81743,2.60187
504,2.46,0.00014491,4.15988,2.24673
505,2.45513,0.00012502,3.58891,1.93835
506,2.45028,0.000107766,3.09362,1.67085
507,2.44545,9.28145e-05,2.6644,1.43903
508,2.44063,7.98697e-05,2.2928,1.23833
509,2.43584,6.86734e-05,1.97139,1.06473
510,2.43106,5.89984e-05,1.69365,0.914731
511,2.42631,5.06458e-05,1.45387,0.78523
512,2.42157,4.34414e-05,1.24706,0.67353
513,2.41685,3.72329e-05,1.06883,0.577271
514,2.41214,3.18872e-05,0.915377,0.49439
515,2.40746,2.72886e-05,0.783364,0.423091
516,2.40279,2.33358e-05,0.669894,0.361806
517,2.39815,1.99411e-05,0.572443,0.309173
518,2.39352,1.7028e-05,0.488818,0.264008
519,2.38891,1.45303e-05,0.417116,0.225282
520,2.38431,1.23903e-05,0.355684,0.192103
521,2.37974,1.05583e-05,0.303094,0.163699
522,2.37518,8.99116e-06,0.258106,0.139402
523,2.37063,7.65158e-06,0.219651,0.118633
524,2.36611,6.50736e-06,0.186805,0.100892
525,2.3616,5.53073e-06,0.158769,0.0857503
526,2.35711,4.69773e-06,0.134856,0.0728352
527,2.35264,3.98774e-06,0.114475,0.0618272
528,2.34819,3.383e-06,0.0971148,0.0524512
529,2.34375,2.86827e-06,0.0823385,0.0444706
530,2.33932,2.43043e-06,0.0697697,0.0376822
531,2.33492,2.05825e-06,0.0590855,0.0319118
532,2.33053,1.74208e-06,0.0500093,0.0270097
533,2.32616,1.47366e-06,0.0423038,0.022848
534,2.3218,1.24591e-06,0.0357661,0.0193171
535,2.31746,1.0528e-06,0.0302225,0.016323
536,2.31314,8.89158e-07,0.0255248,0.0137858
537,2.30883,7.50562e-07,0.0215461,0.011637
538,2.30454,6.33248e-07,0.0181784,0.00981808
539,2.30026,5.34004e-07,0.0153295,0.00827937
540,2.296,4.50094e-07,0.0129207,0.00697841
541,2.29176,3.79187e-07,0.0108852,0.00587904
542,2.28753,3.193e-07,0.00916606,0.00495054
543,2.28332,2.68747e-07,0.00771485,0.00416675
544,2.27912,2.26096e-07,0.00649046,0.00350546
545,2.27494,1.90128e-07,0.00545795,0.00294781
546,2.27077,1.59813e-07,0.0045877,0.00247779
547,2.26662,1.34273e-07,0.00385455,0.00208182
548,2.26249,1.12768e-07,0.0032372,0.00174839
549,2.25836,9.46679e-08,0.0027176,0.00146776
550,2.25426,7.94409e-08,0.00228048,0.00123168
551,2.25017,6.66366e-08,0.00191292,0.00103316
552,2.24609,5.58744e-08,0.00160397,0.000866295
553,2.24203,4.68325e-08,0.00134441,0.000726106
554,2.23798,3.92391e-08,0.00112643,0.000608377
555,2.23395,3.28649e-08,0.000943443,0.000509549
556,2.22993,2.75163e-08,0.000789902,0.000426622
557,2.22593,2.303e-08,0.000661116,0.000357065
558,2.22194,1.92686e-08,0.000553137,0.000298747
559,2.21796,1.61161e-08,0.000462639,0.000249869
560,2.214,1.34749e-08,0.000386818,0.000208919
561,2.21006,1.12629e-08,0.00032332,0.000174623
562,2.20612,9.41102e-09,0.000270159,0.000145911
563,2.20221,7.86121e-09,0.000225669,0.000121883
564,2.1983,6.56464e-09,0.000188449,0.00010178
565,2.19441,5.4803e-09,0.000157321,8.49683e-05
566,2.19053,4.57373e-09,0.000131297,7.09127e-05
567,2.18667,3.81606e-09,0.000109546,5.91654e-05
568,2.18282,3.18301e-09,9.13738e-05,4.93505e-05
569,2.17898,2.65426e-09,7.61952e-05,4.11526e-05
570,2.17516,2.21277e-09,6.35212e-05,3.43074e-05
571,2.17135,1.84423e-09,5.29416e-05,2.85935e-05
572,2.16756,1.53668e-09,4.4113e-05,2.38252e-05
573,2.16377,1.2801e-09,3.67476e-05,1.98472e-05
574,2.16,1.06611e-09,3.06046e-05,1.65294e-05
575,2.15625,8.87685e-10,2.54825e-05,1.3763e-05
576,2.1525,7.3895e-10,2.12128e-05,1.14569e-05
577,2.14877,6.14999e-10,1.76546e-05,9.53515e-06
578,2.14506,5.11728e-10,1.469e-05,7.934e-06
579,2.14135,4.25708e-10,1.22207e-05,6.60032e-06
580,2.13766,3.54075e-10,1.01643e-05,5.48969e-06
581,2.13398,2.94436e-10,8.45228e-06,4.56503e-06
582,2.13031,2.44794e-10,7.02723e-06,3.79537e-06
583,2.12666,2.03483e-10,5.84133e-06,3.15487e-06
584,2.12302,1.69113e-10,4.85466e-06,2.62198e-06
585,2.11939,1.40522e-10,4.03392e-06,2.1787e-06
586,2.11577,1.16745e-10,3.35135e-06,1.81005e-06
587,2.11217,9.69742e-11,2.78381e-06,1.50352e-06
588,2.10857,8.05384e-11,2.31199e-06,1.24869e-06
589,2.10499,6.68775e-11,1.91983e-06,1.03689e-06
590,2.10143,5.55252e-11,1.59394e-06,8.60881e-07
591,2.09787,4.60929e-11,1.32318e-06,7.1464e-07
592,2.09433,3.82574e-11,1.09824e-06,5.93155e-07
593,2.0908,3.17493e-11,9.11419e-07,4.92252e-07
594,2.08728,2.63448e-11,7.56272e-07,4.08458e-07
595,2.08377,2.18573e-11,6.27452e-07,3.38883e-07
596,2.08027,1.81319e-11,5.20508e-07,2.81124e-07
597,2.07679,1.50397e-11,4.31739e-07,2.3318e-07
598,2.07331,1.24733e-11,3.58066e-07,1.93389e-07
599,2.06985,1.03436e-11,2.96931e-07,1.60371e-07
600,2.0664,8.57662e-12,2.46206e-07,1.32975e-07
601,2.06297,7.11073e-12,2.04125e-07,1.10247e-07
602,2.05954,5.89478e-12,1.6922e-07,9.13946e-08
603,2.05612,4.88628e-12,1.40269e-07,7.57586e-08
604,2.05272,4.04994e-12,1.16261e-07,6.27917e-08
605,2.04933,3.35645e-12,9.63526e-08,5.20395e-08
606,2.04594,2.78147e-12,7.98468e-08,4.31248e-08
607,2.04257,2.3048e-12,6.61631e-08,3.57343e-08
608,2.03921,1.90967e-12,5.48202e-08,2.96081e-08
609,2.03587,1.58216e-12,4.54185e-08,2.45303e-08
610,2.03253,1.31072e-12,3.76265e-08,2.03219e-08
611,2.0292,1.08578e-12,3.11693e-08,1.68344e-08
612,2.02589,8.99391e-13,2.58185e-08,1.39445e-08
613,2.02258,7.44951e-13,2.13851e-08,1.155e-08
614,2.01929,6.16996e-13,1.77119e-08,9.56611e-09
615,2.016,5.10993e-13,1.46689e-08,7.9226e-09
616,2.01273,4.2318e-13,1.21481e-08,6.56113e-09
617,2.00947,3.50442e-13,1.006e-08,5.43337e-09
618,2.00622,2.90195e-13,8.33053e-09,4.49927e-09
619,2.00298,2.40295e-13,6.89808e-09,3.72562e-09
620,1.99975,1.98969e-13,5.71175e-09,3.08488e-09
621,1.99652,1.64745e-13,4.72929e-09,2.55426e-09
622,1.99332,1.36404e-13,3.9157e-09,2.11485e-09
623,1.99012,1.12935e-13,3.242e-09,1.75098e-09
624,1.98693,9.35023e-14,2.68414e-09,1.44969e-09
625,1.98375,7.74118e-14,2.22224e-09,1.20022e-09
626,1.98058,6.40891e-14,1.83979e-09,9.93659e-10
627,1.97742,5.30586e-14,1.52314e-09,8.22639e-10
628,1.97427,4.39262e-14,1.26098e-09,6.81046e-10
629,1.97113,3.63653e-14,1.04393e-09,5.6382e-10
630,1.968,3.01058e-14,8.64237e-10,4.66769e-10
631,1.96488,2.49236e-14,7.15474e-10,3.86424e-10
632,1.96178,2.06335e-14,5.9232e-10,3.19909e-10
633,1.95868,1.70819e-14,4.90365e-10,2.64844e-10
634,1.95559,1.41418e-14,4.05963e-10,2.19258e-10
635,1.95251,1.17078e-14,3.36092e-10,1.81521e-10
636,1.94944,9.69283e-15,2.78249e-10,1.50281e-10
637,1.94638,8.02479e-15,2.30365e-10,1.24419e-10
638,1.94333,6.64392e-15,1.90725e-10,1.03009e-10
639,1.94028,5.50077e-15,1.57909e-10,8.52857e-11
640,1.93725,4.55442e-15,1.30742e-10,7.06132e-11
641,1.93423,3.77097e-15,1.08252e-10,5.84664e-11
642,1.93122,3.12238e-15,8.96331e-11,4.84104e-11
643,1.92821,2.58542e-15,7.42189e-11,4.00852e-11
644,1.92522,2.14087e-15,6.14574e-11,3.31928e-11
645,1.92224,1.77283e-15,5.0892e-11,2.74865e-11
646,1.91926,1.46811e-15,4.21445e-11,2.2762e-11
647,1.91629,1.21581e-15,3.4902e-11,1.88504e-11
648,1.91334,1.00692e-15,2.89053e-11,1.56116e-11
649,1.91039,8.33951e-16,2.394e-11,1.29299e-11
650,1.90745,6.90729e-16,1.98285e-11,1.07093e-11
651,1.90452,5.72132e-16,1.6424e-11,8.87052e-12
652,1.9016,4.73922e-16,1.36047e-11,7.34784e-12
653,1.89869,3.92591e-16,1.127e-11,6.08686e-12
654,1.89578,3.25236e-16,9.33645e-12,5.04256e-12
655,1.89289,2.69452e-16,7.73508e-12,4.17768e-12
656,1.89,2.2325e-16,6.40876e-12,3.46134e-12
657,1.88713,1.84981e-16,5.31019e-12,2.868e-12
658,1.88426,1.53282e-16,4.40022e-12,2.37653e-12
659,1.8814,1.27023e-16,3.64642e-12,1.96941e-12
660,1.87855,1.0527e-16,3.02196e-12,1.63214e-12
661,1.87571,8.72485e-17,2.50461e-12,1.35273e-12
662,1.87287,7.23172e-17,2.07599e-12,1.12123e-12
663,1.87005,5.99456e-17,1.72084e-12,9.29416e-13
664,1.86723,4.96942e-17,1.42656e-12,7.70475e-13
665,1.86442,4.11991e-17,1.18269e-12,6.38765e-13
666,1.86162,3.4159e-17,9.80591e-13,5.29612e-13
667,1.85883,2.83241e-17,8.13092e-13,4.39147e-13
668,1.85605,2.34879e-17,6.74261e-13,3.64165e-13
669,1.85328,1.94791e-17,5.59181e-13,3.02011e-13
670,1.85051,1.61559e-17,4.63783e-13,2.50487e-13
671,1.84775,1.34009e-17,3.84694e-13,2.07771e-13
672,1.845,1.11166e-17,3.19121e-13,1.72356e-13
673,1.84226,9.22258e-18,2.6475e-13,1.4299e-13
674,1.83953,7.65195e-18,2.19662e-13,1.18638e-13
675,1.8368,6.34941e-18,1.82271e-13,9.84434e-14
676,1.83409,5.26911e-18,1.51259e-13,8.16939e-14
677,1.83138,4.37303e-18,1.25535e-13,6.78009e-14
678,1.82868,3.62971e-18,1.04197e-13,5.62762e-14
679,1.82598,3.01304e-18,8.64944e-14,4.67152e-14
680,1.8233,2.5014e-18,7.18068e-14,3.87825e-14
681,1.82062,2.07685e-18,5.96196e-14,3.22002e-14
682,1.81795,1.72454e-18,4.9506e-14,2.67379e-14
683,1.81529,1.43215e-18,4.11124e-14,2.22046e-14
684,1.81263,1.18947e-18,3.41457e-14,1.84419e-14
685,1.80999,9.88013e-19,2.83626e-14,1.53185e-14
686,1.80735,8.2077e-19,2.35616e-14,1.27255e-14
687,1.80472,6.81914e-19,1.95755e-14,1.05726e-14
688,1.8021,5.66613e-19,1.62656e-14,8.78496e-15
689,1.79948,4.70863e-19,1.35169e-14,7.30041e-15
690,1.79687,3.91339e-19,1.1234e-14,6.06744e-15
691,1.79427,3.25284e-19,9.33782e-15,5.04331e-15
692,1.79168,2.70411e-19,7.7626e-15,4.19254e-15
693,1.78909,2.24822e-19,6.45388e-15,3.48571e-15
694,1.78652,1.86941e-19,5.36646e-15,2.8984e-15
695,1.78395,1.55463e-19,4.46281e-15,2.41034e-15
696,1.78138,1.29301e-19,3.71179e-15,2.00472e-15
697,1.77883,1.07555e-19,3.08754e-15,1.66756e-15
698,1.77628,8.94775e-20,2.5686e-15,1.38729e-15
699,1.77374,7.44481e-20,2.13716e-15,1.15427e-15
700,1.7712,6.19512e-20,1.77841e-15,9.60512e-16
701,1.76868,5.15588e-20,1.48008e-15,7.99384e-16
702,1.76616,4.29153e-20,1.23196e-15,6.65373e-16
703,1.76364,3.57256e-20,1.02556e-15,5.53902e-16
704,1.76114,2.97444e-20,8.53863e-16,4.61167e-16
705,1.75864,2.47679e-20,7.11004e-16,3.84009e-16
706,1.75615,2.06268e-20,5.92127e-16,3.19805e-16
707,1.75367,1.71804e-20,4.93194e-16,2.66371e-16
708,1.75119,1.43119e-20,4.10847e-16,2.21896e-16
709,1.74872,1.19239e-20,3.42296e-16,1.84872e-16
710,1.74626,9.93579e-21,2.85224e-16,1.54048e-16
711,1.7438,8.28032e-21,2.37701e-16,1.28381e-16
712,1.74135,6.90166e-21,1.98124e-16,1.07006e-16
713,1.73891,5.75336e-21,1.6516e-16,8.9202e-17
714,1.73647,4.79681e-21,1.377e-16,7.43712e-17
715,1.73404,3.99987e-21,1.14823e-16,6.20152e-17
716,1.73162,3.33582e-21,9.57603e-17,5.17196e-17
717,1.72921,2.78242e-21,7.98741e-17,4.31395e-17
718,1.7268,2.32117e-21,6.66331e-17,3.59882e-17
719,1.7244,1.93667e-21,5.55954e-17,3.00268e-17
720,1.722,1.6161e-21,4.6393e-17,2.50566e-17
721,1.71961,1.3488e-21,3.87196e-17,2.09123e-17
722,1.71723,1.12588e-21,3.23203e-17,1.7456e-17
723,1.71486,9.39945e-22,2.69827e-17,1.45732e-17
724,1.71249,7.84836e-22,2.253e-17,1.21683e-17
725,1.71013,6.55423e-22,1.8815e-17,1.01619e-17
726,1.70777,5.47433e-22,1.5715e-17,8.48759e-18
727,1.70542,4.57307e-22,1.31278e-17,7.09024e-18
728,1.70308,3.82079e-22,1.09682e-17,5.92387e-18
729,1.70074,3.19275e-22,9.16534e-18,4.95015e-18
730,1.69841,2.66837e-22,7.66001e-18,4.13713e-18
731,1.69609,2.23046e-22,6.40293e-18,3.45819e-18
732,1.69377,1.86472e-22,5.35299e-18,2.89112e-18
733,1.69146,1.5592e-22,4.47594e-18,2.41743e-18
734,1.68916,1.30394e-22,3.74318e-18,2.02167e-18
735,1.68686,1.09065e-22,3.13088e-18,1.69097e-18
736,1.68457,9.1239e-23,2.61917e-18,1.4146e-18
737,1.68228,7.63392e-23,2.19144e-18,1.18359e-18
738,1.68,6.38829e-23,1.83387e-18,9.90462e-19
739,1.67773,5.34679e-23,1.53489e-18,8.28984e-19
740,1.67546,4.47582e-23,1.28486e-18,6.93946e-19
741,1.6732,3.74735e-23,1.07574e-18,5.81001e-19
742,1.67095,3.13795e-23,9.00802e-19,4.86518e-19
743,1.6687,2.62809e-23,7.54439e-19,4.07468e-19
744,1.66645,2.20145e-23,6.31962e-19,3.41319e-19
745,1.66422,1.84437e-23,5.29457e-19,2.85957e-19
746,1.66199,1.54547e-23,4.43652e-19,2.39614e-19
747,1.65976,1.29522e-23,3.71815e-19,2.00815e-19
748,1.65754,1.08568e-23,3.11663e-19,1.68328e-19
749,1.65533,9.10194e-24,2.61287e-19,1.41119e-19
750,1.65312,7.63202e-24,2.1909e-19,1.18329e-19
751,1.65092,6.40057e-24,1.83739e-19,9.92365e-20
752,1.64873,5.36873e-24,1.54119e-19,8.32386e-20
753,1.64654,4.50401e-24,1.29295e-19,6.98316e-20
754,1.64435,3.77921e-24,1.08489e-19,5.85942e-20
755,1.64217,3.1716e-24,9.10461e-20,4.91735e-20
756,1.64,2.66214e-24,7.64211e-20,4.12746e-20
757,1.63784,2.2349e-24,6.41565e-20,3.46506e-20
758,1.63568,1.87655e-24,5.38695e-20,2.90946e-20
759,1.63352,1.57593e-24,4.52398e-20,2.44338e-20
760,1.63137,1.32371e-24,3.79992e-20,2.05232e-20
761,1.62923,1.11204e-24,3.1923e-20,1.72415e-20
762,1.62709,9.34387e-25,2.68232e-20,1.4487e-20
763,1.62496,7.85251e-25,2.2542e-20,1.21748e-20
764,1.62283,6.60035e-25,1.89474e-20,1.02334e-20
765,1.62071,5.54884e-25,1.59289e-20,8.60311e-21
766,1.61859,4.66568e-25,1.33936e-20,7.23382e-21
767,1.61648,3.92377e-25,1.12638e-20,6.08354e-21
768,1.61438,3.30042e-25,9.47443e-21,5.11709e-21
769,1.61228,2.7766e-25,7.9707e-21,4.30493e-21
770,1.61018,2.33633e-25,6.70683e-21,3.62232e-21
771,1.6081,1.96622e-25,5.64438e-21,3.0485e-21
772,1.60601,1.65504e-25,4.75108e-21,2.56603e-21
773,1.60394,1.39336e-25,3.99988e-21,2.16031e-21
774,1.60186,1.17327e-25,3.36806e-21,1.81907e-21
775,1.5998,9.88114e-26,2.83655e-21,1.532e-21
776,1.59773,8.32331e-26,2.38935e-21,1.29047e-21
777,1.59568,7.01235e-26,2.01301e-21,1.08722e-21
778,1.59363,5.90894e-26,1.69626e-21,9.16142e-22
779,1.59158,4.98006e-26,1.42961e-21,7.72125e-22
780,1.58954,4.19796e-26,1.2051e-21,6.50866e-22
781,1.58751,3.53933e-26,1.01603e-21,5.4875e-22
782,1.58548,2.98458e-26,8.56775e-22,4.62739e-22
783,1.58345,2.51724e-26,7.22617e-22,3.90281e-22
784,1.58143,2.12347e-26,6.09577e-22,3.29229e-22
785,1.57942,1.79162e-26,5.14314e-22,2.77778e-22
786,1.57741,1.51191e-26,4.34019e-22,2.34411e-22
787,1.5754,1.2761e-26,3.66326e-22,1.97851e-22
788,1.5734,1.07727e-26,3.09248e-22,1.67023e-22
789,1.57141,9.09585e-27,2.61112e-22,1.41025e-22
790,1.56942,7.68144e-27,2.20509e-22,1.19096e-22
791,1.56744,6.48817e-27,1.86254e-22,1.00595e-22
792,1.56546,5.48127e-27,1.57349e-22,8.49835e-23
793,1.56348,4.6315e-27,1.32955e-22,7.18082e-23
794,1.56151,3.91419e-27,1.12363e-22,6.06868e-23
795,1.55955,3.30859e-27,9.49785e-23,5.12974e-23
796,1.55759,2.7972e-27,8.02984e-23,4.33687e-23
797,1.55564,2.3653e-27,6.78998e-23,3.66723e-23
798,1.55369,2.00045e-27,5.74264e-23,3.10157e-23
799,1.55174,1.6922e-27,4.85775e-23,2.62364e-23
800,1.5498,1.43171e-27,4.10998e-23,2.21978e-23
