variant,bias_alb,bias_B2,panel
reference,0.10295,0.24646,a
B: radius prior 10%,0.13737,0.2632,a
B: radius prior 90%,0.067818,0.22462,a
B: crust density 330,0.13892,0.28797,a
B: crust density 560,0.073388,0.21269,a
B: crust depth 1 cm,0.13684,0.32696,a
B: crust depth 5 cm,0.036881,0.10056,a
B: no dust,0.15429,0.33733,a
B: dust prior 90%,0.067606,0.18466,a
B: f_n = 0 (all A. alaskanum),0.11651,0.27283,a
B: f_n = 1 (all A. nordenskioeldii),0.09495,0.23104,a
B: algae in 1 mm film,0.10109,0.24479,a
B: granular ice (r 1500 um),0.24698,0.37633,a
D: SZA -5 deg,0.098354,0.2437,a
D: SZA +5 deg,0.10889,0.2501,a
D: fully diffuse,0.19444,0.26995,a
D: mid-latitude summer spectrum,0.1072,0.24646,a
