model,sample,day,cells,bba_meas,pred_mean,pred_median,q05,q95,abs_err,err,crps,covered90,width90,logp
no_algae,13_7_SB1,13_7,2687.5,0.34376,0.4225,0.422,0.236,0.6105,0.078734,0.078734,0.047221,1,0.3745,1.0208
no_algae,13_7_SB2,13_7,13375,0.20666,0.42218,0.422,0.236,0.61,0.21552,0.21552,0.15346,0,0.374,-0.54068
no_algae,13_7_SB3,13_7,937.5,0.43259,0.42255,0.422,0.236,0.6105,0.010032,-0.010032,0.027035,1,0.3745,1.2477
no_algae,13_7_SB4,13_7,4500,0.19856,0.42244,0.422,0.236,0.61,0.22388,0.22388,0.16128,0,0.374,-0.68445
no_algae,13_7_SB5,13_7,0,0.51894,0.42259,0.422,0.236,0.6105,0.096354,-0.096354,0.057524,1,0.3745,0.89021
no_algae,14_7_SB1,14_7,30312,0.22247,0.42177,0.4215,0.2355,0.6095,0.19929,0.19929,0.13863,0,0.374,-0.27719
no_algae,14_7_SB2,14_7,3062.5,0.34192,0.42249,0.422,0.236,0.6105,0.080568,0.080568,0.048242,1,0.3745,1.0097
no_algae,14_7_SB3,14_7,7937.5,0.28282,0.42234,0.422,0.236,0.61,0.13951,0.13951,0.087084,1,0.374,0.51149
no_algae,14_7_SB4,14_7,17938,0.20319,0.42206,0.4215,0.2355,0.61,0.21887,0.21887,0.15665,0,0.3745,-0.59801
no_algae,14_7_SB5,14_7,41000,0.26771,0.42155,0.421,0.235,0.6095,0.15383,0.15383,0.098499,1,0.3745,0.34851
no_algae,14_7_SB6,14_7,0,0.5271,0.42259,0.422,0.236,0.6105,0.10452,-0.10452,0.062821,1,0.3745,0.82714
no_algae,14_7_SB7,14_7,12438,0.43897,0.42221,0.422,0.236,0.61,0.016762,-0.016762,0.027649,1,0.374,1.2404
no_algae,14_7_SB8,14_7,0,0.63634,0.42259,0.422,0.236,0.6105,0.21375,-0.21375,0.15241,0,0.3745,-0.5031
no_algae,14_7_SB9,14_7,21875,0.27355,0.42196,0.4215,0.2355,0.6095,0.14841,0.14841,0.093936,1,0.374,0.41219
no_algae,14_7_SB10,14_7,24875,0.24032,0.42189,0.4215,0.2355,0.6095,0.18157,0.18157,0.12241,1,0.374,-0.013237
no_algae,15_7_SB1,15_7,1437.5,0.49364,0.42356,0.423,0.237,0.6115,0.070078,-0.070078,0.043606,1,0.3745,1.0591
no_algae,15_7_SB2,15_7,7250,0.27326,0.42338,0.423,0.237,0.611,0.15012,0.15012,0.095486,1,0.374,0.39253
no_algae,15_7_SB3,15_7,30312,0.30043,0.42279,0.4225,0.2365,0.6105,0.12236,0.12236,0.074315,1,0.374,0.68468
no_algae,15_7_SB4,15_7,4250,0.34333,0.42347,0.423,0.237,0.611,0.080135,0.080135,0.047973,1,0.374,1.0124
no_algae,15_7_SB5,15_7,937.5,0.51704,0.42357,0.423,0.237,0.6115,0.093471,-0.093471,0.056038,1,0.3745,0.91136
no_algae,17_7_SB1,17_7,0,0.74997,0.42361,0.423,0.237,0.6115,0.32637,-0.32637,0.26233,0,0.3745,-2.8271
no_algae,17_7_SB2,17_7,0,0.77228,0.42361,0.423,0.237,0.6115,0.34867,-0.34867,0.28476,0,0.3745,-3.4027
no_algae,20_7_SB1,20_7,11375,0.3627,0.42326,0.423,0.237,0.611,0.060556,0.060556,0.038906,1,0.374,1.1171
no_algae,20_7_SB2,20_7,7562.5,0.36887,0.42337,0.423,0.237,0.611,0.054492,0.054492,0.036649,1,0.374,1.1434
no_algae,20_7_SB3,20_7,7625,0.35385,0.42336,0.423,0.237,0.611,0.069519,0.069519,0.042814,1,0.374,1.0729
no_algae,20_7_SB4,20_7,5875,0.42712,0.42342,0.423,0.237,0.611,0.0037068,-0.0037068,0.026688,1,0.374,1.2519
no_algae,21_7_SB1,21_7,92250,0.20013,0.43544,0.434,0.238,0.6375,0.23531,0.23531,0.16847,0,0.3995,-0.70093
no_algae,21_7_SB2,21_7,44861,0.29525,0.43612,0.4345,0.2385,0.6385,0.14087,0.14087,0.086216,1,0.4,0.54474
no_algae,21_7_SB3,21_7,750,0.49065,0.43721,0.436,0.2395,0.6395,0.053434,-0.053434,0.038265,1,0.4,1.0732
no_algae,21_7_SB4,21_7,14312,0.36268,0.4368,0.4355,0.2395,0.639,0.074124,0.074124,0.045227,1,0.3995,1.0201
no_algae,21_7_SB5,21_7,1062.5,0.33755,0.4372,0.436,0.2395,0.6395,0.099651,0.099651,0.058367,1,0.4,0.87616
no_algae,21_7_SB7,21_7,33229,0.26688,0.43635,0.435,0.239,0.6385,0.16946,0.16946,0.10916,1,0.3995,0.24076
no_algae,21_7_SB8,21_7,1187.5,0.30389,0.4372,0.436,0.2395,0.6395,0.13331,0.13331,0.080711,1,0.4,0.61509
no_algae,21_7_SB9,21_7,312.5,0.45979,0.43723,0.436,0.2395,0.6395,0.02256,-0.02256,0.030423,1,0.4,1.1588
no_algae,21_7_SB10,21_7,17562,0.27294,0.43671,0.4355,0.239,0.639,0.16377,0.16377,0.10446,1,0.4,0.30644
no_algae,22_7_SB1,22_7,2187.5,0.31708,0.42461,0.424,0.238,0.6125,0.10753,0.10753,0.063899,1,0.3745,0.81584
no_algae,22_7_SB2,22_7,15312,0.35414,0.42422,0.424,0.238,0.612,0.07008,0.07008,0.042975,1,0.374,1.0701
no_algae,22_7_SB3,22_7,6687.5,0.40556,0.42447,0.424,0.238,0.612,0.018908,0.018908,0.027758,1,0.374,1.2409
no_algae,22_7_SB4,22_7,57083,0.2549,0.42337,0.423,0.237,0.611,0.16847,0.16847,0.11102,1,0.374,0.16454
no_algae,22_7_SB5,22_7,22812,0.25704,0.42404,0.4235,0.2375,0.6115,0.167,0.167,0.10943,1,0.374,0.18415
no_algae,23_7_SB1,23_7,250,0.50564,0.42467,0.4245,0.2385,0.6125,0.080965,-0.080965,0.049,1,0.374,0.99561
no_algae,23_7_SB2,23_7,937.5,0.48489,0.42465,0.4245,0.2385,0.6125,0.06024,-0.06024,0.039212,1,0.374,1.109
no_algae,23_7_SB3,23_7,8562.5,0.2313,0.42441,0.424,0.238,0.612,0.19311,0.19311,0.1328,0,0.374,-0.18248
no_algae,23_7_SB4,23_7,21125,0.26664,0.42408,0.4235,0.238,0.612,0.15743,0.15743,0.10143,1,0.374,0.30482
no_algae,23_7_SB5,23_7,28562,0.25867,0.4239,0.4235,0.2375,0.6115,0.16524,0.16524,0.10804,1,0.374,0.20684
no_algae,24_7_SB1,24_7,1875,0.33979,0.42462,0.4245,0.238,0.6125,0.084825,0.084825,0.050432,1,0.3745,0.98301
no_algae,24_7_SB2,24_7,13438,0.20381,0.42427,0.424,0.238,0.612,0.22046,0.22046,0.15829,0,0.374,-0.6263
tierA_empirical,13_7_SB1,13_7,2687.5,0.34376,0.41398,0.4135,0.2285,0.601,0.070217,0.070217,0.043049,1,0.3725,1.0721
tierA_empirical,13_7_SB2,13_7,13375,0.20666,0.38308,0.383,0.201,0.5665,0.17642,0.17642,0.11864,1,0.3655,0.023044
tierA_empirical,13_7_SB3,13_7,937.5,0.43259,0.41954,0.419,0.2335,0.607,0.013042,-0.013042,0.027242,1,0.3735,1.2468
tierA_empirical,13_7_SB4,13_7,4500,0.19856,0.4084,0.408,0.2235,0.5945,0.20983,0.20983,0.14846,0,0.371,-0.46712
tierA_empirical,13_7_SB5,13_7,0,0.51894,0.42255,0.422,0.236,0.6105,0.096386,-0.096386,0.057543,1,0.3745,0.88998
tierA_empirical,14_7_SB1,14_7,30312,0.22247,0.34277,0.3425,0.1645,0.5225,0.1203,0.1203,0.073591,1,0.358,0.69415
tierA_empirical,14_7_SB2,14_7,3062.5,0.34192,0.41282,0.4125,0.2275,0.5995,0.070905,0.070905,0.043433,1,0.372,1.0688
tierA_empirical,14_7_SB3,14_7,7937.5,0.28282,0.3982,0.398,0.2145,0.583,0.11538,0.11538,0.069515,1,0.3685,0.74688
tierA_empirical,14_7_SB4,14_7,17938,0.20319,0.37137,0.371,0.1905,0.5535,0.16818,0.16818,0.11166,1,0.363,0.13026
tierA_empirical,14_7_SB5,14_7,41000,0.26771,0.32157,0.3215,0.1455,0.5,0.053852,0.053852,0.03558,1,0.3545,1.1853
tierA_empirical,14_7_SB6,14_7,0,0.5271,0.42255,0.422,0.236,0.6105,0.10455,-0.10455,0.062842,1,0.3745,0.82688
tierA_empirical,14_7_SB7,14_7,12438,0.43897,0.38566,0.3855,0.2035,0.5695,0.053311,-0.053311,0.036123,1,0.366,1.1572
tierA_empirical,14_7_SB8,14_7,0,0.63634,0.42255,0.422,0.236,0.6105,0.21378,-0.21378,0.15244,0,0.3745,-0.50368
tierA_empirical,14_7_SB9,14_7,21875,0.27355,0.36176,0.3615,0.182,0.543,0.088212,0.088212,0.052144,1,0.361,0.97207
tierA_empirical,14_7_SB10,14_7,24875,0.24032,0.35472,0.3545,0.1755,0.5355,0.1144,0.1144,0.06915,1,0.36,0.75308
tierA_empirical,15_7_SB1,15_7,1437.5,0.49364,0.41896,0.4185,0.233,0.606,0.074673,-0.074673,0.045771,1,0.373,1.0352
tierA_empirical,15_7_SB2,15_7,7250,0.27326,0.40124,0.401,0.2175,0.5865,0.12798,0.12798,0.078531,1,0.369,0.62565
tierA_empirical,15_7_SB3,15_7,30312,0.30043,0.34383,0.3435,0.1655,0.5235,0.0434,0.0434,0.032192,1,0.358,1.2206
tierA_empirical,15_7_SB4,15_7,4250,0.34333,0.41018,0.41,0.2255,0.5965,0.066845,0.066845,0.041521,1,0.371,1.0918
tierA_empirical,15_7_SB5,15_7,937.5,0.51704,0.42057,0.42,0.2345,0.608,0.096479,-0.096479,0.057836,1,0.3735,0.88997
tierA_empirical,17_7_SB1,17_7,0,0.74997,0.4197,0.4195,0.2435,0.5955,0.33027,-0.33027,0.26995,0,0.352,-3.4523
tierA_empirical,17_7_SB2,17_7,0,0.77228,0.4197,0.4195,0.2435,0.5955,0.35258,-0.35258,0.29242,0,0.352,-4.1198
tierA_empirical,20_7_SB1,20_7,11375,0.3627,0.38961,0.3895,0.207,0.5735,0.026912,0.026912,0.028541,1,0.3665,1.2465
tierA_empirical,20_7_SB2,20_7,7562.5,0.36887,0.4003,0.4,0.2165,0.5855,0.03143,0.03143,0.029629,1,0.369,1.2306
tierA_empirical,20_7_SB3,20_7,7625,0.35385,0.40012,0.4,0.2165,0.585,0.046277,0.046277,0.033594,1,0.3685,1.1862
tierA_empirical,20_7_SB4,20_7,5875,0.42712,0.4053,0.405,0.221,0.591,0.021828,-0.021828,0.028106,1,0.37,1.2438
tierA_empirical,21_7_SB1,21_7,92250,0.20013,0.2511,0.252,0.0855,0.4255,0.050972,0.050972,0.034299,1,0.34,1.2164
tierA_empirical,21_7_SB2,21_7,44861,0.29525,0.31672,0.3165,0.1415,0.4945,0.02147,0.02147,0.02679,1,0.353,1.2902
tierA_empirical,21_7_SB3,21_7,750,0.49065,0.42225,0.422,0.236,0.6095,0.068402,-0.068402,0.042808,1,0.3735,1.0693
tierA_empirical,21_7_SB4,21_7,14312,0.36268,0.38273,0.3825,0.201,0.566,0.020056,0.020056,0.027313,1,0.365,1.2632
tierA_empirical,21_7_SB5,21_7,1062.5,0.33755,0.42124,0.421,0.2355,0.6085,0.083693,0.083693,0.049686,1,0.373,0.99117
tierA_empirical,21_7_SB7,21_7,33229,0.26688,0.33896,0.339,0.1615,0.5185,0.072071,0.072071,0.043671,1,0.357,1.0845
tierA_empirical,21_7_SB8,21_7,1187.5,0.30389,0.42084,0.4205,0.235,0.608,0.11696,0.11696,0.070497,1,0.373,0.73415
tierA_empirical,21_7_SB9,21_7,312.5,0.45979,0.42366,0.4235,0.2375,0.6115,0.036125,-0.036125,0.031273,1,0.374,1.2004
tierA_empirical,21_7_SB10,21_7,17562,0.27294,0.37444,0.374,0.1935,0.557,0.10149,0.10149,0.060444,1,0.3635,0.8679
tierA_empirical,22_7_SB1,22_7,2187.5,0.31708,0.41767,0.4175,0.232,0.6045,0.10059,0.10059,0.059502,1,0.3725,0.87187
tierA_empirical,22_7_SB2,22_7,15312,0.35414,0.38009,0.38,0.1985,0.563,0.025948,0.025948,0.028216,1,0.3645,1.254
tierA_empirical,22_7_SB3,22_7,6687.5,0.40556,0.40398,0.4035,0.22,0.5895,0.0015824,-0.0015824,0.026294,1,0.3695,1.2656
tierA_empirical,22_7_SB4,22_7,57083,0.2549,0.29662,0.2965,0.1235,0.473,0.041718,0.041718,0.031341,1,0.3495,1.2427
tierA_empirical,22_7_SB5,22_7,22812,0.25704,0.36169,0.3615,0.182,0.543,0.10466,0.10466,0.062287,1,0.361,0.84169
tierA_empirical,23_7_SB1,23_7,250,0.50564,0.42387,0.4235,0.2375,0.6115,0.08177,-0.08177,0.049421,1,0.374,0.99082
tierA_empirical,23_7_SB2,23_7,937.5,0.48489,0.42164,0.4215,0.2355,0.609,0.063247,-0.063247,0.040428,1,0.3735,1.096
tierA_empirical,23_7_SB3,23_7,8562.5,0.2313,0.39849,0.398,0.215,0.583,0.1672,0.1672,0.11039,1,0.368,0.16176
tierA_empirical,23_7_SB4,23_7,21125,0.26664,0.3657,0.3655,0.1855,0.547,0.099058,0.099058,0.058734,1,0.3615,0.88847
tierA_empirical,23_7_SB5,23_7,28562,0.25867,0.34868,0.3485,0.17,0.529,0.090012,0.090012,0.053271,1,0.359,0.96109
tierA_empirical,24_7_SB1,24_7,1875,0.33979,0.41866,0.4185,0.233,0.6055,0.078864,0.078864,0.047279,1,0.3725,1.022
tierA_empirical,24_7_SB2,24_7,13438,0.20381,0.38505,0.385,0.203,0.5685,0.18123,0.18123,0.12308,1,0.3655,-0.047504
measured_mac_C,13_7_SB1,13_7,2687.5,0.34376,0.41467,0.4145,0.229,0.6015,0.070905,0.070905,0.043371,1,0.3725,1.0682
measured_mac_C,13_7_SB2,13_7,13375,0.20666,0.3858,0.3855,0.2035,0.5695,0.17915,0.17915,0.12103,1,0.366,-0.015003
measured_mac_C,13_7_SB3,13_7,937.5,0.43259,0.41979,0.4195,0.2335,0.6075,0.012793,-0.012793,0.027221,1,0.374,1.2469
measured_mac_C,13_7_SB4,13_7,4500,0.19856,0.4095,0.409,0.2245,0.5955,0.21094,0.21094,0.14948,0,0.371,-0.48456
measured_mac_C,13_7_SB5,13_7,0,0.51894,0.42256,0.422,0.236,0.6105,0.096383,-0.096383,0.057541,1,0.3745,0.89
measured_mac_C,14_7_SB1,14_7,30312,0.22247,0.34714,0.347,0.169,0.527,0.12467,0.12467,0.076801,1,0.358,0.64925
measured_mac_C,14_7_SB2,14_7,3062.5,0.34192,0.4136,0.4135,0.228,0.6005,0.071682,0.071682,0.043801,1,0.3725,1.0644
measured_mac_C,14_7_SB3,14_7,7937.5,0.28282,0.40002,0.3995,0.216,0.585,0.1172,0.1172,0.070776,1,0.369,0.73018
measured_mac_C,14_7_SB4,14_7,17938,0.20319,0.37469,0.3745,0.1935,0.557,0.1715,0.1715,0.11454,1,0.3635,0.085132
measured_mac_C,14_7_SB5,14_7,41000,0.26771,0.32634,0.326,0.15,0.5045,0.058627,0.058627,0.037482,1,0.3545,1.1617
measured_mac_C,14_7_SB6,14_7,0,0.5271,0.42256,0.422,0.236,0.6105,0.10455,-0.10455,0.06284,1,0.3745,0.8269
measured_mac_C,14_7_SB7,14_7,12438,0.43897,0.38824,0.388,0.2055,0.572,0.050729,-0.050729,0.035206,1,0.3665,1.1675
measured_mac_C,14_7_SB8,14_7,0,0.63634,0.42256,0.422,0.236,0.6105,0.21378,-0.21378,0.15244,0,0.3745,-0.50363
measured_mac_C,14_7_SB9,14_7,21875,0.27355,0.3655,0.3655,0.1855,0.547,0.091952,0.091952,0.054331,1,0.3615,0.94393
measured_mac_C,14_7_SB10,14_7,24875,0.24032,0.35873,0.3585,0.179,0.5395,0.11841,0.11841,0.071983,1,0.3605,0.71436
measured_mac_C,15_7_SB1,15_7,1437.5,0.49364,0.41934,0.419,0.2335,0.6065,0.074296,-0.074296,0.045587,1,0.373,1.0373
measured_mac_C,15_7_SB2,15_7,7250,0.27326,0.40291,0.4025,0.219,0.588,0.12965,0.12965,0.079772,1,0.369,0.60874
measured_mac_C,15_7_SB3,15_7,30312,0.30043,0.34818,0.348,0.17,0.528,0.047747,0.047747,0.033616,1,0.358,1.2032
measured_mac_C,15_7_SB4,15_7,4250,0.34333,0.41122,0.411,0.2265,0.5975,0.067891,0.067891,0.041994,1,0.371,1.0861
measured_mac_C,15_7_SB5,15_7,937.5,0.51704,0.42081,0.4205,0.2345,0.608,0.096231,-0.096231,0.057686,1,0.3735,0.8918
measured_mac_C,17_7_SB1,17_7,0,0.74997,0.4197,0.4195,0.2435,0.5955,0.33027,-0.33027,0.26995,0,0.352,-3.4523
measured_mac_C,17_7_SB2,17_7,0,0.77228,0.4197,0.4195,0.2435,0.5955,0.35257,-0.35257,0.29241,0,0.352,-4.1197
measured_mac_C,20_7_SB1,20_7,11375,0.3627,0.39202,0.3915,0.209,0.576,0.029314,0.029314,0.029029,1,0.367,1.2404
measured_mac_C,20_7_SB2,20_7,7562.5,0.36887,0.40204,0.4015,0.218,0.587,0.033164,0.033164,0.030032,1,0.369,1.2257
measured_mac_C,20_7_SB3,20_7,7625,0.35385,0.40187,0.4015,0.218,0.587,0.048024,0.048024,0.03417,1,0.369,1.1793
measured_mac_C,20_7_SB4,20_7,5875,0.42712,0.40669,0.4065,0.2225,0.5925,0.020432,-0.020432,0.027905,1,0.37,1.2457
measured_mac_C,21_7_SB1,21_7,92250,0.20013,0.25477,0.2555,0.0885,0.429,0.054643,0.054643,0.035715,1,0.3405,1.199
measured_mac_C,21_7_SB2,21_7,44861,0.29525,0.32149,0.3215,0.146,0.4995,0.026247,0.026247,0.02764,1,0.3535,1.2798
measured_mac_C,21_7_SB3,21_7,750,0.49065,0.42244,0.422,0.2365,0.61,0.068204,-0.068204,0.042718,1,0.3735,1.0703
measured_mac_C,21_7_SB4,21_7,14312,0.36268,0.38557,0.3855,0.2035,0.569,0.02289,0.02289,0.027759,1,0.3655,1.2576
measured_mac_C,21_7_SB5,21_7,1062.5,0.33755,0.42152,0.421,0.2355,0.609,0.083972,0.083972,0.049836,1,0.3735,0.98931
measured_mac_C,21_7_SB7,21_7,33229,0.26688,0.34342,0.3435,0.1655,0.523,0.076535,0.076535,0.045931,1,0.3575,1.056
measured_mac_C,21_7_SB8,21_7,1187.5,0.30389,0.42116,0.421,0.235,0.6085,0.11727,0.11727,0.070712,1,0.3735,0.73134
measured_mac_C,21_7_SB9,21_7,312.5,0.45979,0.42375,0.4235,0.2375,0.6115,0.036042,-0.036042,0.031253,1,0.374,1.2006
measured_mac_C,21_7_SB10,21_7,17562,0.27294,0.37768,0.3775,0.1965,0.56,0.10474,0.10474,0.062545,1,0.3635,0.8404
measured_mac_C,22_7_SB1,22_7,2187.5,0.31708,0.41823,0.418,0.2325,0.605,0.10115,0.10115,0.059851,1,0.3725,0.86744
measured_mac_C,22_7_SB2,22_7,15312,0.35414,0.38306,0.383,0.2015,0.566,0.028917,0.028917,0.028806,1,0.3645,1.2467
measured_mac_C,22_7_SB3,22_7,6687.5,0.40556,0.40553,0.405,0.2215,0.591,2.842e-05,-2.842e-05,0.026292,1,0.3695,1.2652
measured_mac_C,22_7_SB4,22_7,57083,0.2549,0.30138,0.3015,0.128,0.478,0.046484,0.046484,0.03288,1,0.35,1.224
measured_mac_C,22_7_SB5,22_7,22812,0.25704,0.36548,0.3655,0.1855,0.547,0.10844,0.10844,0.064799,1,0.3615,0.8082
measured_mac_C,23_7_SB1,23_7,250,0.50564,0.42393,0.4235,0.2375,0.6115,0.081703,-0.081703,0.049386,1,0.374,0.99123
measured_mac_C,23_7_SB2,23_7,937.5,0.48489,0.42189,0.4215,0.236,0.6095,0.062999,-0.062999,0.040325,1,0.3735,1.0971
measured_mac_C,23_7_SB3,23_7,8562.5,0.2313,0.40041,0.4,0.217,0.5855,0.16911,0.16911,0.11202,1,0.3685,0.1368
measured_mac_C,23_7_SB4,23_7,21125,0.26664,0.36933,0.369,0.189,0.551,0.10269,0.10269,0.061046,1,0.362,0.85812
measured_mac_C,23_7_SB5,23_7,28562,0.25867,0.3529,0.3525,0.174,0.533,0.094232,0.094232,0.055798,1,0.359,0.9282
measured_mac_C,24_7_SB1,24_7,1875,0.33979,0.41914,0.419,0.2335,0.606,0.079348,0.079348,0.047528,1,0.3725,1.0189
measured_mac_C,24_7_SB2,24_7,13438,0.20381,0.38775,0.3875,0.2055,0.5715,0.18394,0.18394,0.12549,0,0.366,-0.086307
tddft_D,13_7_SB1,13_7,2687.5,0.34376,0.41479,0.4145,0.2295,0.6015,0.071024,0.071024,0.043427,1,0.372,1.0676
tddft_D,13_7_SB2,13_7,13375,0.20666,0.38626,0.386,0.204,0.57,0.17961,0.17961,0.12145,1,0.366,-0.022011
tddft_D,13_7_SB3,13_7,937.5,0.43259,0.41984,0.4195,0.2335,0.6075,0.012749,-0.012749,0.027217,1,0.374,1.247
tddft_D,13_7_SB4,13_7,4500,0.19856,0.40969,0.4095,0.225,0.596,0.21113,0.21113,0.14966,0,0.371,-0.48782
tddft_D,13_7_SB5,13_7,0,0.51894,0.42256,0.422,0.236,0.6105,0.096383,-0.096383,0.057541,1,0.3745,0.89
tddft_D,14_7_SB1,14_7,30312,0.22247,0.34781,0.3475,0.1695,0.5275,0.12533,0.12533,0.077313,1,0.358,0.64188
tddft_D,14_7_SB2,14_7,3062.5,0.34192,0.41373,0.4135,0.2285,0.6005,0.071816,0.071816,0.043865,1,0.372,1.0636
tddft_D,14_7_SB3,14_7,7937.5,0.28282,0.40033,0.4,0.2165,0.5855,0.11751,0.11751,0.070997,1,0.369,0.72724
tddft_D,14_7_SB4,14_7,17938,0.20319,0.37524,0.375,0.194,0.5575,0.17205,0.17205,0.11503,1,0.3635,0.076922
tddft_D,14_7_SB5,14_7,41000,0.26771,0.32699,0.327,0.151,0.505,0.059274,0.059274,0.037739,1,0.354,1.159
tddft_D,14_7_SB6,14_7,0,0.5271,0.42256,0.422,0.236,0.6105,0.10454,-0.10454,0.06284,1,0.3745,0.82691
tddft_D,14_7_SB7,14_7,12438,0.43897,0.38868,0.3885,0.206,0.5725,0.050292,-0.050292,0.035049,1,0.3665,1.1695
tddft_D,14_7_SB8,14_7,0,0.63634,0.42256,0.422,0.236,0.6105,0.21378,-0.21378,0.15244,0,0.3745,-0.50362
tddft_D,14_7_SB9,14_7,21875,0.27355,0.3661,0.366,0.186,0.5475,0.092557,0.092557,0.054694,1,0.3615,0.93933
tddft_D,14_7_SB10,14_7,24875,0.24032,0.35936,0.359,0.18,0.54,0.11904,0.11904,0.07245,1,0.36,0.70786
tddft_D,15_7_SB1,15_7,1437.5,0.49364,0.41941,0.419,0.2335,0.6065,0.074231,-0.074231,0.045555,1,0.373,1.0377
tddft_D,15_7_SB2,15_7,7250,0.27326,0.4032,0.403,0.219,0.5885,0.12994,0.12994,0.079991,1,0.3695,0.60572
tddft_D,15_7_SB3,15_7,30312,0.30043,0.34884,0.3485,0.1705,0.5285,0.048408,0.048408,0.033832,1,0.358,1.201
tddft_D,15_7_SB4,15_7,4250,0.34333,0.4114,0.411,0.2265,0.5975,0.068073,0.068073,0.042076,1,0.371,1.0851
tddft_D,15_7_SB5,15_7,937.5,0.51704,0.42086,0.4205,0.235,0.6085,0.096188,-0.096188,0.05766,1,0.3735,0.89212
tddft_D,17_7_SB1,17_7,0,0.74997,0.4197,0.4195,0.2435,0.5955,0.33027,-0.33027,0.26995,0,0.352,-3.4522
tddft_D,17_7_SB2,17_7,0,0.77228,0.4197,0.4195,0.2435,0.5955,0.35257,-0.35257,0.29241,0,0.352,-4.1197
tddft_D,20_7_SB1,20_7,11375,0.3627,0.39242,0.392,0.2095,0.5765,0.029722,0.029722,0.029111,1,0.367,1.2396
tddft_D,20_7_SB2,20_7,7562.5,0.36887,0.40234,0.402,0.2185,0.5875,0.033463,0.033463,0.0301,1,0.369,1.225
tddft_D,20_7_SB3,20_7,7625,0.35385,0.40217,0.402,0.2185,0.5875,0.048324,0.048324,0.034268,1,0.369,1.1782
tddft_D,20_7_SB4,20_7,5875,0.42712,0.40693,0.4065,0.2225,0.5925,0.020192,-0.020192,0.027868,1,0.37,1.2461
tddft_D,21_7_SB1,21_7,92250,0.20013,0.25448,0.2555,0.0885,0.4285,0.054355,0.054355,0.035572,1,0.34,1.2019
tddft_D,21_7_SB2,21_7,44861,0.29525,0.3221,0.322,0.1465,0.5,0.026856,0.026856,0.027735,1,0.3535,1.2794
tddft_D,21_7_SB3,21_7,750,0.49065,0.42248,0.422,0.2365,0.61,0.068169,-0.068169,0.042702,1,0.3735,1.0705
tddft_D,21_7_SB4,21_7,14312,0.36268,0.38604,0.386,0.204,0.5695,0.023367,0.023367,0.027831,1,0.3655,1.2569
tddft_D,21_7_SB5,21_7,1062.5,0.33755,0.42157,0.421,0.2355,0.609,0.08402,0.08402,0.049862,1,0.3735,0.989
tddft_D,21_7_SB7,21_7,33229,0.26688,0.34408,0.344,0.1665,0.5235,0.077194,0.077194,0.046273,1,0.357,1.052
tddft_D,21_7_SB8,21_7,1187.5,0.30389,0.42121,0.421,0.2355,0.6085,0.11732,0.11732,0.07075,1,0.373,0.73084
tddft_D,21_7_SB9,21_7,312.5,0.45979,0.42376,0.4235,0.2375,0.6115,0.036027,-0.036027,0.031249,1,0.374,1.2006
tddft_D,21_7_SB10,21_7,17562,0.27294,0.37822,0.378,0.197,0.5605,0.10528,0.10528,0.062903,1,0.3635,0.83573
tddft_D,22_7_SB1,22_7,2187.5,0.31708,0.41833,0.418,0.2325,0.6055,0.10125,0.10125,0.059912,1,0.373,0.86667
tddft_D,22_7_SB2,22_7,15312,0.35414,0.38356,0.3835,0.202,0.5665,0.029415,0.029415,0.028903,1,0.3645,1.2457
tddft_D,22_7_SB3,22_7,6687.5,0.40556,0.4058,0.4055,0.2215,0.591,0.00023955,0.00023955,0.026289,1,0.3695,1.2653
tddft_D,22_7_SB4,22_7,57083,0.2549,0.30184,0.302,0.1285,0.478,0.046942,0.046942,0.033013,1,0.3495,1.2231
tddft_D,22_7_SB5,22_7,22812,0.25704,0.36609,0.366,0.186,0.5475,0.10905,0.10905,0.065217,1,0.3615,0.8026
tddft_D,23_7_SB1,23_7,250,0.50564,0.42394,0.4235,0.2375,0.6115,0.081692,-0.081692,0.049379,1,0.374,0.99131
tddft_D,23_7_SB2,23_7,937.5,0.48489,0.42193,0.4215,0.236,0.6095,0.062956,-0.062956,0.040307,1,0.3735,1.0973
tddft_D,23_7_SB3,23_7,8562.5,0.2313,0.40074,0.4005,0.217,0.5855,0.16944,0.16944,0.11231,1,0.3685,0.13221
tddft_D,23_7_SB4,23_7,21125,0.26664,0.36992,0.3695,0.1895,0.5515,0.10327,0.10327,0.061433,1,0.362,0.85306
tddft_D,23_7_SB5,23_7,28562,0.25867,0.35355,0.3535,0.175,0.5335,0.094883,0.094883,0.056201,1,0.3585,0.92305
tddft_D,24_7_SB1,24_7,1875,0.33979,0.41922,0.419,0.2335,0.6065,0.079432,0.079432,0.047571,1,0.373,1.0184
tddft_D,24_7_SB2,24_7,13438,0.20381,0.38821,0.388,0.206,0.5715,0.1844,0.1844,0.12591,0,0.3655,-0.093497
tddft_C,13_7_SB1,13_7,2687.5,0.34376,0.41715,0.417,0.2315,0.6045,0.073383,0.073383,0.044556,1,0.373,1.0535
tddft_C,13_7_SB2,13_7,13375,0.20666,0.39725,0.397,0.2135,0.5825,0.19059,0.19059,0.131,0,0.369,-0.17131
tddft_C,13_7_SB3,13_7,937.5,0.43259,0.42067,0.4205,0.2345,0.6085,0.011918,-0.011918,0.027159,1,0.374,1.2471
tddft_C,13_7_SB4,13_7,4500,0.19856,0.41359,0.413,0.228,0.6005,0.21503,0.21503,0.15317,0,0.3725,-0.5458
tddft_C,13_7_SB5,13_7,0,0.51894,0.42257,0.422,0.236,0.6105,0.096374,-0.096374,0.057536,1,0.3745,0.89006
tddft_C,14_7_SB1,14_7,30312,0.22247,0.37038,0.37,0.189,0.553,0.14791,0.14791,0.094658,1,0.364,0.39599
tddft_C,14_7_SB2,14_7,3062.5,0.34192,0.41641,0.416,0.2305,0.6035,0.074493,0.074493,0.045164,1,0.373,1.0475
tddft_C,14_7_SB3,14_7,7937.5,0.28282,0.40706,0.4065,0.2225,0.593,0.12424,0.12424,0.075735,1,0.3705,0.6645
tddft_C,14_7_SB4,14_7,17938,0.20319,0.38955,0.389,0.2065,0.574,0.18637,0.18637,0.12737,0,0.3675,-0.11473
tddft_C,14_7_SB5,14_7,41000,0.26771,0.3558,0.3555,0.176,0.5375,0.088085,0.088085,0.05216,1,0.3615,0.97336
tddft_C,14_7_SB6,14_7,0,0.5271,0.42257,0.422,0.236,0.6105,0.10454,-0.10454,0.062834,1,0.3745,0.82698
tddft_C,14_7_SB7,14_7,12438,0.43897,0.39893,0.3985,0.215,0.584,0.040037,-0.040037,0.031984,1,0.369,1.2
tddft_C,14_7_SB8,14_7,0,0.63634,0.42257,0.422,0.236,0.6105,0.21377,-0.21377,0.15243,0,0.3745,-0.50346
tddft_C,14_7_SB9,14_7,21875,0.27355,0.38317,0.383,0.201,0.567,0.10963,0.10963,0.06546,1,0.366,0.79836
tddft_C,14_7_SB10,14_7,24875,0.24032,0.37847,0.378,0.1965,0.562,0.13815,0.13815,0.086586,1,0.3655,0.51249
tddft_C,15_7_SB1,15_7,1437.5,0.49364,0.42068,0.4205,0.2345,0.608,0.072959,-0.072959,0.04495,1,0.3735,1.0442
tddft_C,15_7_SB2,15_7,7250,0.27326,0.40938,0.409,0.2245,0.5955,0.13612,0.13612,0.084594,1,0.371,0.54332
tddft_C,15_7_SB3,15_7,30312,0.30043,0.37144,0.371,0.19,0.554,0.071014,0.071014,0.043298,1,0.364,1.0808
tddft_C,15_7_SB4,15_7,4250,0.34333,0.4151,0.415,0.2295,0.602,0.071768,0.071768,0.043805,1,0.3725,1.0636
tddft_C,15_7_SB5,15_7,937.5,0.51704,0.42169,0.4215,0.2355,0.6095,0.095356,-0.095356,0.057159,1,0.374,0.89803
tddft_C,17_7_SB1,17_7,0,0.74997,0.41971,0.42,0.2435,0.596,0.33026,-0.33026,0.26994,0,0.3525,-3.4519
tddft_C,17_7_SB2,17_7,0,0.77228,0.41971,0.42,0.2435,0.596,0.35256,-0.35256,0.2924,0,0.3525,-4.1194
tddft_C,20_7_SB1,20_7,11375,0.3627,0.40187,0.4015,0.218,0.5875,0.039166,0.039166,0.031505,1,0.3695,1.2081
tddft_C,20_7_SB2,20_7,7562.5,0.36887,0.40878,0.4085,0.224,0.595,0.039905,0.039905,0.03183,1,0.371,1.2026
tddft_C,20_7_SB3,20_7,7625,0.35385,0.40866,0.4085,0.224,0.595,0.054817,0.054817,0.036623,1,0.371,1.1485
tddft_C,20_7_SB4,20_7,5875,0.42712,0.41198,0.4115,0.227,0.5985,0.015142,-0.015142,0.027322,1,0.3715,1.2494
tddft_C,21_7_SB1,21_7,92250,0.20013,0.30521,0.305,0.13,0.4835,0.10508,0.10508,0.062908,1,0.3535,0.83977
tddft_C,21_7_SB2,21_7,44861,0.29525,0.35309,0.353,0.1735,0.5345,0.057842,0.057842,0.03735,1,0.361,1.1552
tddft_C,21_7_SB3,21_7,750,0.49065,0.42315,0.423,0.237,0.6105,0.067502,-0.067502,0.042408,1,0.3735,1.0736
tddft_C,21_7_SB4,21_7,14312,0.36268,0.39776,0.3975,0.214,0.5825,0.035085,0.035085,0.030396,1,0.3685,1.2224
tddft_C,21_7_SB5,21_7,1062.5,0.33755,0.42251,0.422,0.2365,0.61,0.084963,0.084963,0.050372,1,0.3735,0.98262
tddft_C,21_7_SB7,21_7,33229,0.26688,0.36847,0.368,0.1875,0.551,0.10159,0.10159,0.060462,1,0.3635,0.86759
tddft_C,21_7_SB8,21_7,1187.5,0.30389,0.42226,0.422,0.236,0.6095,0.11838,0.11838,0.071475,1,0.3735,0.72142
tddft_C,21_7_SB9,21_7,312.5,0.45979,0.42404,0.4235,0.2375,0.6115,0.035749,-0.035749,0.031185,1,0.374,1.2012
tddft_C,21_7_SB10,21_7,17562,0.27294,0.39231,0.392,0.2095,0.5765,0.11936,0.11936,0.072449,1,0.367,0.70939
tddft_C,22_7_SB1,22_7,2187.5,0.31708,0.42026,0.42,0.2345,0.6075,0.10318,0.10318,0.061116,1,0.373,0.85133
tddft_C,22_7_SB2,22_7,15312,0.35414,0.39603,0.3955,0.2125,0.581,0.041886,0.041886,0.032167,1,0.3685,1.2029
tddft_C,22_7_SB3,22_7,6687.5,0.40556,0.41153,0.411,0.2265,0.598,0.0059669,0.0059669,0.026504,1,0.3715,1.2598
tddft_C,22_7_SB4,22_7,57083,0.2549,0.33884,0.3385,0.1605,0.519,0.083934,0.083934,0.049919,1,0.3585,1.0058
tddft_C,22_7_SB5,22_7,22812,0.25704,0.38385,0.3835,0.2015,0.5675,0.12681,0.12681,0.077654,1,0.366,0.63469
tddft_C,23_7_SB1,23_7,250,0.50564,0.42417,0.424,0.238,0.612,0.081468,-0.081468,0.049263,1,0.374,0.99261
tddft_C,23_7_SB2,23_7,937.5,0.48489,0.42276,0.4225,0.2365,0.6105,0.062123,-0.062123,0.039968,1,0.374,1.1009
tddft_C,23_7_SB3,23_7,8562.5,0.2313,0.408,0.4075,0.2235,0.594,0.1767,0.1767,0.11846,1,0.3705,0.040147
tddft_C,23_7_SB4,23_7,21125,0.26664,0.38652,0.386,0.204,0.5705,0.11988,0.11988,0.072642,1,0.3665,0.70393
tddft_C,23_7_SB5,23_7,28562,0.25867,0.37509,0.375,0.1935,0.558,0.11643,0.11643,0.070287,1,0.3645,0.73595
tddft_C,24_7_SB1,24_7,1875,0.33979,0.42088,0.4205,0.235,0.608,0.081087,0.081087,0.048434,1,0.373,1.0077
tddft_C,24_7_SB2,24_7,13438,0.20381,0.39927,0.399,0.2155,0.5845,0.19546,0.19546,0.13562,0,0.369,-0.2474
tddft_D_iid,13_7_SB1,13_7,2687.5,0.34376,0.41446,0.414,0.229,0.601,0.070698,0.070698,0.043273,1,0.372,1.0695
tddft_D_iid,13_7_SB2,13_7,13375,0.20666,0.3848,0.3845,0.2025,0.568,0.17815,0.17815,0.1202,1,0.3655,-0.002649
tddft_D_iid,13_7_SB3,13_7,937.5,0.43259,0.41972,0.4195,0.2335,0.607,0.012865,-0.012865,0.027225,1,0.3735,1.247
tddft_D_iid,13_7_SB4,13_7,4500,0.19856,0.40916,0.409,0.2245,0.5955,0.21059,0.21059,0.14918,0,0.371,-0.47998
tddft_D_iid,13_7_SB5,13_7,0,0.51894,0.42256,0.422,0.236,0.6105,0.096384,-0.096384,0.057542,1,0.3745,0.88999
tddft_D_iid,14_7_SB1,14_7,30312,0.22247,0.34498,0.345,0.167,0.5245,0.12251,0.12251,0.075248,1,0.3575,0.67063
tddft_D_iid,14_7_SB2,14_7,3062.5,0.34192,0.41336,0.413,0.228,0.6,0.071447,0.071447,0.043688,1,0.372,1.0658
tddft_D_iid,14_7_SB3,14_7,7937.5,0.28282,0.39942,0.399,0.2155,0.5845,0.1166,0.1166,0.070367,1,0.369,0.73555
tddft_D_iid,14_7_SB4,14_7,17938,0.20319,0.37337,0.373,0.1925,0.5555,0.17018,0.17018,0.11344,1,0.363,0.10122
tddft_D_iid,14_7_SB5,14_7,41000,0.26771,0.32351,0.3235,0.148,0.5015,0.055797,0.055797,0.036309,1,0.3535,1.1775
tddft_D_iid,14_7_SB6,14_7,0,0.5271,0.42256,0.422,0.236,0.6105,0.10455,-0.10455,0.062841,1,0.3745,0.8269
tddft_D_iid,14_7_SB7,14_7,12438,0.43897,0.38731,0.387,0.205,0.571,0.051659,-0.051659,0.035512,1,0.366,1.1648
tddft_D_iid,14_7_SB8,14_7,0,0.63634,0.42256,0.422,0.236,0.6105,0.21378,-0.21378,0.15244,0,0.3745,-0.50365
tddft_D_iid,14_7_SB9,14_7,21875,0.27355,0.3639,0.3635,0.184,0.545,0.090357,0.090357,0.053397,1,0.361,0.95624
tddft_D_iid,14_7_SB10,14_7,24875,0.24032,0.35693,0.3565,0.178,0.5375,0.11661,0.11661,0.070732,1,0.3595,0.73131
tddft_D_iid,15_7_SB1,15_7,1437.5,0.49364,0.41923,0.419,0.2335,0.6065,0.074408,-0.074408,0.04564,1,0.373,1.0367
tddft_D_iid,15_7_SB2,15_7,7250,0.27326,0.40236,0.402,0.2185,0.5875,0.1291,0.1291,0.079374,1,0.369,0.61404
tddft_D_iid,15_7_SB3,15_7,30312,0.30043,0.34601,0.346,0.168,0.5255,0.045579,0.045579,0.032861,1,0.3575,1.2135
tddft_D_iid,15_7_SB4,15_7,4250,0.34333,0.4109,0.4105,0.226,0.597,0.067564,0.067564,0.041843,1,0.371,1.088
tddft_D_iid,15_7_SB5,15_7,937.5,0.51704,0.42074,0.4205,0.2345,0.608,0.096304,-0.096304,0.057729,1,0.3735,0.8913
tddft_D_iid,17_7_SB1,17_7,0,0.74997,0.4197,0.4195,0.2435,0.5955,0.33027,-0.33027,0.26995,0,0.352,-3.4523
tddft_D_iid,17_7_SB2,17_7,0,0.77228,0.4197,0.4195,0.2435,0.5955,0.35257,-0.35257,0.29241,0,0.352,-4.1197
tddft_D_iid,20_7_SB1,20_7,11375,0.3627,0.39116,0.391,0.2085,0.575,0.028458,0.028458,0.028833,1,0.3665,1.2434
tddft_D_iid,20_7_SB2,20_7,7562.5,0.36887,0.40146,0.401,0.2175,0.5865,0.032587,0.032587,0.029884,1,0.369,1.2279
tddft_D_iid,20_7_SB3,20_7,7625,0.35385,0.40129,0.401,0.2175,0.5865,0.047442,0.047442,0.033967,1,0.369,1.182
tddft_D_iid,20_7_SB4,20_7,5875,0.42712,0.40624,0.406,0.222,0.592,0.020882,-0.020882,0.027956,1,0.37,1.2456
tddft_D_iid,21_7_SB1,21_7,92250,0.20013,0.24925,0.25,0.0845,0.423,0.049122,0.049122,0.033559,1,0.3385,1.2277
tddft_D_iid,21_7_SB2,21_7,44861,0.29525,0.31841,0.3185,0.1435,0.4955,0.02316,0.02316,0.027013,1,0.352,1.2892
tddft_D_iid,21_7_SB3,21_7,750,0.49065,0.42239,0.422,0.2365,0.61,0.068262,-0.068262,0.042743,1,0.3735,1.07
tddft_D_iid,21_7_SB4,21_7,14312,0.36268,0.38449,0.384,0.2025,0.5675,0.021814,0.021814,0.027559,1,0.365,1.2607
tddft_D_iid,21_7_SB5,21_7,1062.5,0.33755,0.42144,0.421,0.2355,0.609,0.083889,0.083889,0.049792,1,0.3735,0.98988
tddft_D_iid,21_7_SB7,21_7,33229,0.26688,0.34105,0.341,0.1635,0.52,0.074171,0.074171,0.044714,1,0.3565,1.0721
tddft_D_iid,21_7_SB8,21_7,1187.5,0.30389,0.42106,0.4205,0.235,0.6085,0.11718,0.11718,0.07065,1,0.3735,0.73214
tddft_D_iid,21_7_SB9,21_7,312.5,0.45979,0.42372,0.4235,0.2375,0.6115,0.036066,-0.036066,0.031258,1,0.374,1.2005
tddft_D_iid,21_7_SB10,21_7,17562,0.27294,0.37638,0.376,0.1955,0.5585,0.10343,0.10343,0.061708,1,0.363,0.85144
tddft_D_iid,22_7_SB1,22_7,2187.5,0.31708,0.41806,0.4175,0.2325,0.605,0.10098,0.10098,0.059747,1,0.3725,0.86878
tddft_D_iid,22_7_SB2,22_7,15312,0.35414,0.38191,0.3815,0.2005,0.5645,0.027768,0.027768,0.028547,1,0.364,1.2506
tddft_D_iid,22_7_SB3,22_7,6687.5,0.40556,0.40502,0.4045,0.221,0.5905,0.00054136,-0.00054136,0.026277,1,0.3695,1.2659
tddft_D_iid,22_7_SB4,22_7,57083,0.2549,0.2976,0.2975,0.125,0.4735,0.042701,0.042701,0.031595,1,0.3485,1.2414
tddft_D_iid,22_7_SB5,22_7,22812,0.25704,0.3638,0.3635,0.184,0.545,0.10677,0.10677,0.063701,1,0.361,0.82287
tddft_D_iid,23_7_SB1,23_7,250,0.50564,0.42391,0.4235,0.2375,0.6115,0.081723,-0.081723,0.049396,1,0.374,0.99113
tddft_D_iid,23_7_SB2,23_7,937.5,0.48489,0.42182,0.4215,0.236,0.609,0.063072,-0.063072,0.040354,1,0.373,1.0968
tddft_D_iid,23_7_SB3,23_7,8562.5,0.2313,0.39975,0.3995,0.2165,0.5845,0.16846,0.16846,0.11149,1,0.368,0.14444
tddft_D_iid,23_7_SB4,23_7,21125,0.26664,0.36777,0.3675,0.1875,0.549,0.10113,0.10113,0.060061,1,0.3615,0.87117
tddft_D_iid,23_7_SB5,23_7,28562,0.25867,0.35083,0.3505,0.1725,0.5305,0.092169,0.092169,0.054563,1,0.358,0.94461
tddft_D_iid,24_7_SB1,24_7,1875,0.33979,0.41899,0.4185,0.2335,0.606,0.079202,0.079202,0.047452,1,0.3725,1.0199
tddft_D_iid,24_7_SB2,24_7,13438,0.20381,0.38674,0.3865,0.2045,0.57,0.18293,0.18293,0.12463,0,0.3655,-0.073519
