dataset,sample,cells,cells_counted,sza,quantity,B2,B3,B4,B8,sample_id,day,included_positive_count
s6_2017,13_7_SB1,2687.5,43,45.214523817159389,hcrf,0.37148927787123259,0.35762437405574843,0.33417502384816483,0.20748433646327727,s6_2017:13_7_SB1,s6_2017:2017-07-13,True
s6_2017,13_7_SB2,13375,214,45.214523817159389,hcrf,0.26460508127099286,0.26147835073494829,0.26468616391885652,0.16563473004092244,s6_2017:13_7_SB2,s6_2017:2017-07-13,True
s6_2017,13_7_SB3,937.5,15,45.214523817159389,hcrf,0.72542612636696979,0.71267605445652793,0.69511687164096991,0.57084792972317733,s6_2017:13_7_SB3,s6_2017:2017-07-13,True
s6_2017,13_7_SB4,4500,72,45.214523817159389,hcrf,0.18945248062969594,0.18361458161883457,0.18376163076371294,0.13404826758060384,s6_2017:13_7_SB4,s6_2017:2017-07-13,True
s6_2017,13_7_SB5,0,0,45.214523817159389,hcrf,0.90910239673320481,0.90156573241135518,0.85429548888514562,0.69015801612278793,s6_2017:13_7_SB5,s6_2017:2017-07-13,False
s6_2017,14_7_SB1,30312.5,485,45.365382564571959,hcrf,0.21191630954381063,0.20670913418292131,0.2169456854011825,0.22540146440554643,s6_2017:14_7_SB1,s6_2017:2017-07-14,True
s6_2017,14_7_SB2,3062.5,49,45.365382564571959,hcrf,0.4475343712291257,0.43962645728410088,0.42678286254074643,0.33948455700380692,s6_2017:14_7_SB2,s6_2017:2017-07-14,True
s6_2017,14_7_SB3,7937.5,127,45.365382564571959,hcrf,0.37328381854382164,0.36072370190062952,0.33362595073091478,0.22570458013522152,s6_2017:14_7_SB3,s6_2017:2017-07-14,True
s6_2017,14_7_SB4,17937.5,287,45.365382564571959,hcrf,0.13331471463297617,0.11592864532250365,0.092087624216094843,0.078961822731987069,s6_2017:14_7_SB4,s6_2017:2017-07-14,True
s6_2017,14_7_SB5,41000,656,45.365382564571959,hcrf,0.15428535486609299,0.15560571621641864,0.19515439817388344,0.30173068105790085,s6_2017:14_7_SB5,s6_2017:2017-07-14,True
s6_2017,14_7_SB6,0,0,45.365382564571959,hcrf,0.75664309306842625,0.74951388456951518,0.70788657894972484,0.51092656924662871,s6_2017:14_7_SB6,s6_2017:2017-07-14,False
s6_2017,14_7_SB7,12437.5,199,45.365382564571959,hcrf,0.3245838183813135,0.33107618010424789,0.36928982124984111,0.40247861314934918,s6_2017:14_7_SB7,s6_2017:2017-07-14,True
s6_2017,14_7_SB8,0,0,45.365382564571959,hcrf,0.82557223147718073,0.8228208667423268,0.81077329559652911,0.7093159710704936,s6_2017:14_7_SB8,s6_2017:2017-07-14,False
s6_2017,14_7_SB9,21875,350,45.365382564571959,hcrf,0.27074262168404761,0.26444786265667103,0.28220192324774024,0.27194143431522688,s6_2017:14_7_SB9,s6_2017:2017-07-14,True
s6_2017,14_7_SB10,24875,398,45.365382564571959,hcrf,0.22535943622092611,0.22085016326235715,0.24603185012524603,0.27018633778225509,s6_2017:14_7_SB10,s6_2017:2017-07-14,True
s6_2017,15_7_SB1,1437.5,23,45.522663968907224,hcrf,0.65180400080317236,0.64495380891816501,0.63393387507289445,0.55729141057032172,s6_2017:15_7_SB1,s6_2017:2017-07-15,True
s6_2017,15_7_SB2,7250,116,45.522663968907224,hcrf,0.41873094299082358,0.40169039831423398,0.36429546268972607,0.2699819104117282,s6_2017:15_7_SB2,s6_2017:2017-07-15,True
s6_2017,15_7_SB3,30312.5,388,45.522663968907224,hcrf,0.15633870666840963,0.15157883709740366,0.16012310393677484,0.15498707505760692,s6_2017:15_7_SB3,s6_2017:2017-07-15,True
s6_2017,15_7_SB4,4250,68,45.522663968907224,hcrf,0.49919419183147484,0.4816910783901836,0.4593239134261029,0.35638264243549139,s6_2017:15_7_SB4,s6_2017:2017-07-15,True
s6_2017,15_7_SB5,937.5,15,45.522663968907224,hcrf,0.62992635663551111,0.62010871194348771,0.60613296606805112,0.5057255406744251,s6_2017:15_7_SB5,s6_2017:2017-07-15,True
s6_2017,17_7_SB1,0,0,45.856306435486161,hcrf,0.57994794390186721,0.56176111215910229,0.53814344814217607,0.4732250698510172,s6_2017:17_7_SB1,s6_2017:2017-07-17,False
s6_2017,17_7_SB2,0,0,45.856306435486161,hcrf,0.91782759327071872,0.91745336571154512,0.91306955064227691,0.88152227284795004,s6_2017:17_7_SB2,s6_2017:2017-07-17,False
s6_2017,20_7_SB1,11375,182,46.403713816820591,hcrf,0.40712147205722132,0.40436147033903463,0.4397478249286752,0.4225296598477104,s6_2017:20_7_SB1,s6_2017:2017-07-20,True
s6_2017,20_7_SB2,7562.5,121,46.403713816820591,hcrf,0.41600166143279632,0.40444230202874848,0.3963389275066313,0.32011667937804511,s6_2017:20_7_SB2,s6_2017:2017-07-20,True
s6_2017,20_7_SB3,7625,122,46.403713816820591,hcrf,0.39811146952298909,0.39725052447125109,0.40572908959085263,0.35400915683317002,s6_2017:20_7_SB3,s6_2017:2017-07-20,True
s6_2017,21_7_SB1,92250,369,46.598486826266416,hcrf,0.11291869644741159,0.11483301263619625,0.1439962821956646,0.21858289703906608,s6_2017:21_7_SB1,s6_2017:2017-07-21,True
s6_2017,21_7_SB2,44861.111111111109,323,46.598486826266416,hcrf,0.21357231913630001,0.21774194445009906,0.26410573918564423,0.30804565246989363,s6_2017:21_7_SB2,s6_2017:2017-07-21,True
s6_2017,21_7_SB3,750,12,46.598486826266416,hcrf,0.70611274650446687,0.70551724842910057,0.70345678385095256,0.63155122273940101,s6_2017:21_7_SB3,s6_2017:2017-07-21,True
s6_2017,21_7_SB4,14312.5,229,46.598486826266416,hcrf,0.34339434011713899,0.34040964702448345,0.35334429243392462,0.32068373442633724,s6_2017:21_7_SB4,s6_2017:2017-07-21,True
s6_2017,21_7_SB5,1062.5,17,46.598486826266416,hcrf,0.32106092773367906,0.31658766666838017,0.3037733528919655,0.23272206318762506,s6_2017:21_7_SB5,s6_2017:2017-07-21,True
s6_2017,21_7_SB7,33229.166666666664,319,46.598486826266416,hcrf,0.17973857265815604,0.17729933445057328,0.19457186712920946,0.17659282610649055,s6_2017:21_7_SB7,s6_2017:2017-07-21,True
s6_2017,21_7_SB8,1187.5,19,46.598486826266416,hcrf,0.33425069315614425,0.32668750331680968,0.30433918435767215,0.16657386178001718,s6_2017:21_7_SB8,s6_2017:2017-07-21,True
s6_2017,21_7_SB9,312.5,5,46.598486826266416,hcrf,0.68507017291872918,0.68211052885493206,0.6915968759652743,0.62735112397270432,s6_2017:21_7_SB9,s6_2017:2017-07-21,True
s6_2017,21_7_SB10,17562.5,281,46.598486826266416,hcrf,0.23072584887674946,0.22675176848014855,0.23999800102576993,0.26252047798194927,s6_2017:21_7_SB10,s6_2017:2017-07-21,True
s6_2017,22_7_SB1,2187.5,35,46.79931709722959,hcrf,0.26434028803051396,0.26117767161101657,0.27660382520996363,0.23974177995697346,s6_2017:22_7_SB1,s6_2017:2017-07-22,True
s6_2017,22_7_SB2,15312.5,245,46.79931709722959,hcrf,0.38517513484471355,0.38614545579240478,0.40465583238224523,0.34095838194802391,s6_2017:22_7_SB2,s6_2017:2017-07-22,True
s6_2017,22_7_SB3,6687.5,107,46.79931709722959,hcrf,0.41754441060952491,0.40972782137068686,0.41327626284473856,0.34752366458989026,s6_2017:22_7_SB3,s6_2017:2017-07-22,True
s6_2017,22_7_SB4,57083.333333333328,548,46.79931709722959,hcrf,0.21712898875059358,0.21890136838327792,0.25272071122561662,0.25982570180347941,s6_2017:22_7_SB4,s6_2017:2017-07-22,True
s6_2017,22_7_SB5,22812.5,365,46.79931709722959,hcrf,0.24376246478696451,0.24226113579645558,0.27354350284737039,0.29561048263315831,s6_2017:22_7_SB5,s6_2017:2017-07-22,True
s6_2017,23_7_SB1,250,4,47.006145119366565,hcrf,0.60062906904524971,0.59293409576553446,0.57075052315085051,0.46596543507952409,s6_2017:23_7_SB1,s6_2017:2017-07-23,True
s6_2017,23_7_SB2,937.5,15,47.006145119366565,hcrf,0.61178036209591402,0.60301606035266508,0.58015000108593917,0.47780405775257995,s6_2017:23_7_SB2,s6_2017:2017-07-23,True
s6_2017,23_7_SB3,8562.5,137,47.006145119366565,hcrf,0.20283406399193335,0.19826530148425017,0.2034743663646979,0.13250380298646322,s6_2017:23_7_SB3,s6_2017:2017-07-23,True
s6_2017,23_7_SB4,21125,338,47.006145119366565,hcrf,0.32121809706633669,0.31389856287374623,0.31487927535904287,0.22562196303677912,s6_2017:23_7_SB4,s6_2017:2017-07-23,True
s6_2017,23_7_SB5,28562.5,457,47.006145119366565,hcrf,0.25086651657065379,0.25704807765478521,0.30105128734271136,0.30639507437305485,s6_2017:23_7_SB5,s6_2017:2017-07-23,True
s6_2017,24_7_SB1,1875,30,47.218909605070664,hcrf,0.41558730583287695,0.40689441587120384,0.40055241454659751,0.31912884281788295,s6_2017:24_7_SB1,s6_2017:2017-07-24,True
s6_2017,24_7_SB2,13437.5,215,47.218909605070664,hcrf,0.26683969258031337,0.26294770837490589,0.27770249225600341,0.20312004680444212,s6_2017:24_7_SB2,s6_2017:2017-07-24,True
sgris_2021,050821-S2,11360,,44,hcrf,0.43879508287930219,0.42894706761172985,0.41146321141363112,0.31313673733313657,sgris_2021:050821-S2,sgris_2021:2005-08-21,True
sgris_2021,050821-S3,24880,,47,hcrf,0.34626729459017619,0.33768088153599984,0.35283523300696035,0.30459415372996046,sgris_2021:050821-S3,sgris_2021:2005-08-21,True
sgris_2021,050821-S4,46720,,47,hcrf,0.2885389504154407,0.27393564759195976,0.25553891935749257,0.17470739076688113,sgris_2021:050821-S4,sgris_2021:2005-08-21,True
sgris_2021,050821-S7,81800,,48,hcrf,0.2271624111687256,0.22048773599276802,0.24106245152934078,0.25585190491170096,sgris_2021:050821-S7,sgris_2021:2005-08-21,True
sgris_2021,050821-S8,77040,,49,hcrf,0.2245994315568052,0.2108346196051222,0.19494550206185732,0.15364326123355351,sgris_2021:050821-S8,sgris_2021:2005-08-21,True
sgris_2021,060821-S1,29440,,49,hcrf,0.17276085728653409,0.16591109274308938,0.16654827975811906,0.15644565320972822,sgris_2021:060821-S1,sgris_2021:2006-08-21,True
sgris_2021,060821-S2,22600,,47,hcrf,0.25624873367729761,0.24942398279936018,0.26942166582633054,0.27071501816296367,sgris_2021:060821-S2,sgris_2021:2006-08-21,True
sgris_2021,060821-S3,12800,,47,hcrf,0.33558512706785376,0.32208155121624493,0.30852092942192377,0.25188142916418343,sgris_2021:060821-S3,sgris_2021:2006-08-21,True
sgris_2021,060821-S5,26780,,46,hcrf,0.18223308299125093,0.17586601483598513,0.18516973609747805,0.19340557618927462,sgris_2021:060821-S5,sgris_2021:2006-08-21,True
sgris_2021,060821-S6,29320,,45,hcrf,0.13862132566519333,0.13176753345659284,0.12819797068311259,0.11005951539136336,sgris_2021:060821-S6,sgris_2021:2006-08-21,True
sgris_2021,060821-S7,96080,,45,hcrf,0.29016357839221479,0.28542406142635796,0.28837910685938412,0.25604098220090499,sgris_2021:060821-S7,sgris_2021:2006-08-21,True
sgris_2021,060821-S9,51000,,45,hcrf,0.12474855621202696,0.12247666947986853,0.15398433381878673,0.23652487262623667,sgris_2021:060821-S9,sgris_2021:2006-08-21,True
sgris_2021,060821-S11,3147,,47,hcrf,0.46650928103627365,0.45808484760291868,0.45252882176814119,0.38468247619829243,sgris_2021:060821-S11,sgris_2021:2006-08-21,True
sgris_2021,060821-S12,8840,,49,hcrf,0.37933142246203128,0.37491808100747975,0.3730526577652799,0.32151758251690266,sgris_2021:060821-S12,sgris_2021:2006-08-21,True
sgris_2021,060821-S13,35893,,50,hcrf,0.211425808076732,0.20399392812112768,0.21302199761242907,0.17492535245293181,sgris_2021:060821-S13,sgris_2021:2006-08-21,True
sgris_2021,060821-S14,19360,,52,hcrf,0.31048325685958261,0.30500315402114175,0.33129503993348386,0.32343703716174438,sgris_2021:060821-S14,sgris_2021:2006-08-21,True
sgris_2021,060821-S15,35360,,53,hcrf,0.14202182566538044,0.13622338463151037,0.15282597931852546,0.13761382378576717,sgris_2021:060821-S15,sgris_2021:2006-08-21,True
sgris_2021,060821-S16,65320,,56,hcrf,0.23787970029158195,0.22893382354580327,0.23942856917539712,0.2287399118866861,sgris_2021:060821-S16,sgris_2021:2006-08-21,True
