fold,task,model,n_train,n_test,n_train_days,n_test_days,n_extrapolation,units,rmse,mae,bias,per_output_rmse,per_output_bias
primary,inverse,mean,41,18,8,2,0,dex,0.7076524446198237,0.6432820792695755,-0.6047804209650989,[0.7076524446198237],[-0.6047804209650989]
primary,inverse,ridge,41,18,8,2,0,dex,0.45086901384938793,0.3427171653430723,-0.33417515926797514,[0.45086901384938793],[-0.33417515926797514]
primary,inverse,random_forest,41,18,8,2,0,dex,0.43703584993782657,0.3571158199302958,-0.33096633087663185,[0.43703584993782657],[-0.33096633087663185]
primary,inverse,gaussian_process,41,18,8,2,0,dex,0.45875960009712236,0.35282346925275165,-0.34232710695323126,[0.45875960009712236],[-0.34232710695323126]
primary,forward,mean,41,18,8,2,1,HCRF,0.12631295931315356,0.10725453570133998,0.08776172910724982,"[0.13330445535369864, 0.13441972191373736, 0.130842093281244, 0.10421833778685541]","[0.09075814074635405, 0.09334003675703771, 0.09334073786911366, 0.07360800105649384]"
primary,forward,ridge,41,18,8,2,1,HCRF,0.07244217602211604,0.06214226271436282,-0.02061391653393759,"[0.08093305846049527, 0.07779104286059514, 0.07003187230687871, 0.05903732740699837]","[-0.03522738267223749, -0.030542518340917788, -0.017567187825948197, 0.0008814227033530955]"
primary,forward,random_forest,41,18,8,2,1,HCRF,0.06369225587181525,0.05456305986635983,-0.011580011178948291,"[0.06554782592433647, 0.06297678900129829, 0.06010308568952783, 0.06596847342814025]","[-0.028947470462910956, -0.023824644583610735, -0.009712612913750397, 0.016164683244478926]"
primary,forward,gaussian_process,41,18,8,2,1,HCRF,0.06919691794748792,0.05975898513686833,-0.008020124392873156,"[0.07262026450723731, 0.06972766873629652, 0.06525128803528431, 0.06898893113363949]","[-0.026955785424109868, -0.021248451907091896, -0.00565463118593094, 0.02177837094564007]"
secondary,inverse,mean,18,41,2,8,12,dex,0.878912488190064,0.6698122284417236,0.6047804209650985,[0.878912488190064],[0.6047804209650985]
secondary,inverse,ridge,18,41,2,8,12,dex,0.5720674910571139,0.42843068500261106,0.38784843028506866,[0.5720674910571139],[0.38784843028506866]
secondary,inverse,random_forest,18,41,2,8,12,dex,0.6402160718449955,0.46416447042836695,0.41830173849052993,[0.6402160718449955],[0.41830173849052993]
secondary,inverse,gaussian_process,18,41,2,8,12,dex,0.7994314450390426,0.5721950208600044,0.524973075009197,[0.7994314450390426],[0.524973075009197]
secondary,forward,mean,18,41,2,8,13,HCRF,0.1783641491142863,0.12943984324659613,-0.08776172910724983,"[0.1891352076204841, 0.18883705079322108, 0.18094156824587906, 0.151933107398783]","[-0.09075814074635405, -0.09334003675703775, -0.0933407378691137, -0.07360800105649386]"
secondary,forward,ridge,18,41,2,8,13,HCRF,0.11478528496223596,0.09137161841827017,-0.024837547952697193,"[0.11565800247537399, 0.11511998080364912, 0.1140660621123458, 0.11428996689475046]","[-0.021068834547346465, -0.02373373640104435, -0.027767983010570103, -0.026779637851827832]"
secondary,forward,random_forest,18,41,2,8,13,HCRF,0.12932090259441095,0.09414770188528974,-0.01616815896669571,"[0.1300098159609114, 0.12981285401010328, 0.12963052425504237, 0.127818548185531]","[-0.012140400447510226, -0.014720883863152864, -0.018991716172349942, -0.018819635383769816]"
secondary,forward,gaussian_process,18,41,2,8,13,HCRF,0.1374325470712697,0.09847584096201353,-0.01981282549064493,"[0.13974267739454, 0.139819377905365, 0.13807713272929345, 0.13193957356307606]","[-0.016062721987439417, -0.018778022178473335, -0.02322127238089417, -0.0211892854157728]"
