station,year,hours,replaced,replaced_elev_lt0,replaced_elev_0_2,replaced_elev_2_5,longest_run_h,upper_bound_energy_MJ_m2,measured_energy_MJ_m2,still_missing_daylight_h,upper_bound_fraction
KAN_L,2016,2207,343,52,165,126,6,8.098,2121,91,0.003817
KAN_L,2017,2208,338,48,157,133,6,8.912,2103,105,0.004237
KAN_L,2018,2208,357,50,166,141,6,9.427,1962,68,0.004805
KAN_L,2019,2208,319,46,154,119,6,7.794,2151,150,0.003622
KAN_L,2020,2208,224,35,103,86,5,5.512,1942,87,0.002838
KAN_L,2021,2207,243,29,120,94,6,6.029,1957,47,0.00308
KAN_L,2022,2207,60,16,20,24,2,1.408,1972,2,0.0007141
KAN_L,2023,2208,317,46,158,113,6,7.145,1742,18,0.004103
KAN_M,2016,2208,98,23,46,29,4,1.806,2265,10,0.0007975
KAN_M,2017,2208,60,32,27,1,3,0.04,2377,0,1.683e-05
KAN_M,2018,2208,0,0,0,0,0,0,2154,0,0
KAN_M,2019,2208,0,0,0,0,0,0,2268,0,0
KAN_M,2020,2208,19,3,7,9,2,0.7096,2121,46,0.0003346
KAN_M,2021,2208,5,2,2,1,2,0.0949,2123,1,4.47e-05
KAN_M,2022,2206,10,0,7,3,1,0.1592,2188,3,7.275e-05
KAN_M,2023,2207,10,3,3,4,2,0.4612,2145,1,0.000215
