,n,mean,sd,median,p2_5,p5,q25,q75,p95,p97_5,iqr,mean_ci_lo,mean_ci_hi,median_ci_lo,median_ci_hi,cv
rf_A,1000,30.1176,48.0412,10.7869,0.307848,0.599604,3.25043,33.9532,131.656,184.484,30.7027,27.3468,33.3045,9.6928,12.112,1.59512
rf_B,1000,76.2902,55.1991,67.6656,3.4807,5.31587,29.9417,115.997,173.28,194.065,86.0549,73.0245,79.8869,61.5846,72.8307,0.723541
rf_C,1000,21.1431,35.1602,7.35243,0.20905,0.378532,2.21124,23.5218,94.6197,130.594,21.3105,19.0792,23.4399,6.36745,8.32105,1.66296
rf_D,1000,34.1804,54.2837,12.0977,0.327427,0.645301,3.67525,38.5095,150.432,210.968,34.8343,31.0199,37.722,10.7054,13.7928,1.58815
eff_A,1000,28.4111,6.39236,28.5106,14.6667,17.045,24.7325,32.6298,38.3746,40.1444,7.89723,27.9922,28.8067,28.0337,28.9258,0.224995
eff_B,1000,194.24,141.183,163.13,15.4832,22.7918,85.4377,272.905,456.083,525.496,187.467,185.53,203.291,150.685,178.16,0.72685
eff_C,1000,19.544,5.30518,19.3063,9.87031,11.4325,16.0373,22.7318,28.9218,30.6563,6.69447,19.2103,19.8746,18.838,19.5795,0.271448
eff_D,1000,32.4569,8.99241,32.0338,15.7137,18.5362,26.4747,38.1156,48.503,51.4288,11.6409,31.8949,33.0055,31.4532,32.6669,0.277057
bba_A,1000,0.461161,0.0711091,0.472261,0.263989,0.309321,0.432238,0.507729,0.552876,0.56739,0.075491,0.456706,0.465429,0.468864,0.475669,0.154196
bba_B,1000,0.404683,0.0770119,0.409509,0.247224,0.266937,0.351353,0.464428,0.520458,0.536242,0.113076,0.399889,0.409407,0.400656,0.415615,0.190302
bba_C,1000,0.472142,0.059415,0.479703,0.319191,0.353525,0.445237,0.511324,0.554574,0.569677,0.0660864,0.468478,0.475658,0.475347,0.483918,0.125841
bba_D,1000,0.45618,0.0774089,0.470129,0.231633,0.291057,0.425997,0.506047,0.550915,0.566398,0.0800497,0.45142,0.460813,0.466176,0.473842,0.169689
d_CB,1000,-55.1471,33.1743,-54.7552,-113.305,-106.445,-83.5228,-26.4955,-4.80775,-2.81615,57.0272,-57.2615,-53.1436,-58.1085,-51.7555,0.60156
d_DC,1000,13.0373,19.5371,4.89389,0.126615,0.262898,1.49218,15.1074,55.9047,78.9356,13.6153,11.8999,14.3377,4.15881,5.57989,1.49856
d_BA,1000,46.1726,31.1056,46.4587,-0.420954,2.53292,21.8858,70.8796,96.5476,101.3,48.9938,44.2397,48.1221,42.3204,49.2517,0.673682
d_CA,1000,-8.97446,14.0168,-3.11807,-56.4116,-39.2122,-10.1704,-0.919458,-0.134481,-0.0846775,9.2509,-9.8662,-8.15093,-3.64177,-2.7751,1.56186
d_DA,1000,4.06282,8.50258,0.941545,-4.62848,-2.23499,0.0788203,4.66693,22.4032,32.1773,4.58811,3.55198,4.60585,0.795991,1.15794,2.09278
