,S1,S1_conf,ST,ST_conf,interaction
dE_ev,0.00011,0.00066,0.00006,0.00001,-0.00005
f_scale,0.00042,0.00218,0.00075,0.00009,0.00032
fwhm_ev,-0.00008,0.00053,0.00004,0.00001,0.00012
cell_volume_um3,-0.00207,0.00872,0.01011,0.00195,0.01218
cell_aspect,0.00000,0.00000,0.00000,0.00000,-0.00000
c_internal,0.04035,0.01989,0.04640,0.00626,0.00605
conc_size_exponent,-0.00115,0.01035,0.01340,0.00236,0.01455
ice_ssa,0.00032,0.00249,0.00095,0.00015,0.00063
rho_top,0.00229,0.00478,0.00323,0.00041,0.00094
conc_cells_ml,0.90338,0.07844,0.94553,0.06447,0.04214
dust_ppb,0.01283,0.01145,0.01909,0.00309,0.00625
transmissivity,0.00279,0.00842,0.00900,0.00137,0.00621
fe_fraction,0.00000,0.00000,0.00000,0.00000,0.00000
