output,group,S1,S1_conf,ST,ST_conf,interaction
rf_C,molecular,0.00013,0.00054,0.00006,0.00002,-0.00007
rf_C,cellular,0.00652,0.00716,0.01327,0.00392,0.00675
rf_C,environmental,0.99306,0.17585,0.98882,0.05819,-0.00424
rf_D,molecular,0.00009,0.00037,0.00002,0.00001,-0.00006
rf_D,cellular,0.00915,0.00812,0.01406,0.00351,0.00491
rf_D,environmental,0.99489,0.15396,0.99445,0.05736,-0.00044
eff_C,molecular,0.00054,0.00248,0.00085,0.00010,0.00031
eff_C,cellular,0.28510,0.05279,0.32727,0.03553,0.04218
eff_C,environmental,0.68402,0.07753,0.72433,0.06079,0.04030
eff_D,molecular,0.00063,0.00205,0.00071,0.00014,0.00008
eff_D,cellular,0.29021,0.05310,0.33121,0.03676,0.04101
eff_D,environmental,0.67227,0.07809,0.70983,0.06023,0.03756
