,dE_ev,f_scale,fwhm_ev,cell_volume_um3,cell_aspect,c_internal,conc_size_exponent,ice_ssa,rho_top,conc_cells_ml,dust_ppb,transmissivity,fe_fraction
dE_ev,,0.00002,0.00001,0.00024,0.00001,-0.00003,0.00011,-0.00001,-0.00003,0.00000,0.00006,0.00002,0.00001
f_scale,,,-0.00008,0.00040,-0.00010,-0.00004,0.00001,0.00001,-0.00004,0.00074,0.00027,0.00021,-0.00008
fwhm_ev,,,,-0.00010,-0.00001,0.00001,-0.00002,-0.00001,-0.00002,-0.00015,-0.00008,0.00005,-0.00001
cell_volume_um3,,,,,-0.00127,-0.00262,0.01615,-0.00134,-0.00090,0.04449,-0.00058,-0.00136,-0.00127
cell_aspect,,,,,,0.00010,0.00003,0.00017,0.00017,-0.00003,0.00019,0.00014,0.00016
c_internal,,,,,,,0.00356,0.00523,0.00525,0.03284,0.00589,0.00629,0.00492
conc_size_exponent,,,,,,,,-0.00181,-0.00111,0.03751,0.00042,-0.00136,-0.00160
ice_ssa,,,,,,,,,-0.00032,-0.00094,-0.00005,-0.00020,-0.00034
rho_top,,,,,,,,,,0.01652,0.00932,0.00811,0.00857
conc_cells_ml,,,,,,,,,,,0.03987,0.04130,0.03581
dust_ppb,,,,,,,,,,,,0.00141,0.00211
transmissivity,,,,,,,,,,,,,0.00329
fe_fraction,,,,,,,,,,,,,
