parameter,base,at_low,at_high,d_low,d_high,swing
conc_cells_ml,13.09694,0.70906,159.16721,-12.38788,146.07027,158.45815
cell_volume_um3,13.09694,9.65469,16.02416,-3.44225,2.92722,6.36948
rho_top,13.09694,10.69189,15.19757,-2.40505,2.10063,4.50568
dust_ppb,13.09694,14.58044,10.55975,1.48350,-2.53719,4.02069
ice_ssa,13.09694,11.68680,14.20512,-1.41014,1.10818,2.51832
transmissivity,13.09694,11.91310,14.24852,-1.18384,1.15158,2.33542
c_internal,13.09694,11.86768,13.35295,-1.22926,0.25601,1.48528
cell_aspect,13.09694,12.75958,13.47342,-0.33736,0.37648,0.71384
conc_size_exponent,13.09694,12.93600,13.22151,-0.16094,0.12457,0.28551
fe_fraction,13.09694,13.00554,13.16585,-0.09139,0.06891,0.16031
f_scale,13.09694,13.02956,13.15705,-0.06738,0.06011,0.12749
dE_ev,13.09694,13.10293,13.09085,0.00599,-0.00609,0.01208
fwhm_ev,13.09694,13.09494,13.09893,-0.00200,0.00200,0.00400
