case,source,date,tier,conc_mean,rf_daily_median,rf_daily_p2_5,rf_daily_p97_5,melt_median,melt_mean,melt_p2_5,melt_p97_5,rf_pub,melt_pub,melt_pub_se,melt_eb_pub,melt_eb_pub_se,sw_daily_mean
Cook2020_Hbio,Cook et al. 2020,2017-07-21,A,2.9e+04,25.45,7.771,63.13,0.6582,0.7258,0.201,1.633,116,1.35,0.01,1.37,0.48,371.9
Cook2020_Hbio,Cook et al. 2020,2017-07-21,C,2.9e+04,18.01,5.046,47.94,0.4659,0.4988,0.1305,1.24,116,1.35,0.01,1.37,0.48,371.9
Cook2020_Hbio,Cook et al. 2020,2017-07-21,D,2.9e+04,29.26,8.465,74.35,0.757,0.83,0.219,1.923,116,1.35,0.01,1.37,0.48,371.9
Cook2020_Lbio,Cook et al. 2020,2017-07-21,A,4730,4.961,1.833,13.6,0.1283,0.1505,0.04741,0.3517,65,1.01,0.01,0.95,0.41,371.9
Cook2020_Lbio,Cook et al. 2020,2017-07-21,C,4730,3.522,1.245,9.77,0.09111,0.1026,0.03221,0.2527,65,1.01,0.01,0.95,0.41,371.9
Cook2020_Lbio,Cook et al. 2020,2017-07-21,D,4730,5.918,2.124,17.12,0.1531,0.1728,0.05495,0.4429,65,1.01,0.01,0.95,0.41,371.9
Williamson2020_high,Williamson et al. 2020,2016-07-26,A,8989,8.183,3.247,19.82,0.2117,0.2415,0.08399,0.5127,,1.86,0.99,,,329.4
Williamson2020_high,Williamson et al. 2020,2016-07-26,C,8989,5.691,2.158,13.89,0.1472,0.1636,0.05582,0.3593,,1.86,0.99,,,329.4
Williamson2020_high,Williamson et al. 2020,2016-07-26,D,8989,9.36,3.574,23.2,0.2421,0.2749,0.09246,0.6001,,1.86,0.99,,,329.4
Williamson2020_low,Williamson et al. 2020,2016-07-26,A,186,0.1177,0.01429,0.8653,0.003045,0.005488,0.0003696,0.02238,,0.03,0,,,329.4
Williamson2020_low,Williamson et al. 2020,2016-07-26,C,186,0.07451,0.009882,0.5881,0.001927,0.003741,0.0002556,0.01521,,0.03,0,,,329.4
Williamson2020_low,Williamson et al. 2020,2016-07-26,D,186,0.1256,0.01662,0.9682,0.003248,0.006307,0.0004299,0.02505,,0.03,0,,,329.4
