wl_nm,extract_mac,T-B3_C_mean,T-B3_D_mean,T-CAM_C_mean,T-CAM_D_mean
250,1.0311e+05,1.7833e+05,1.5063e+05,2.5147e+05,2.3232e+05
251,1.0465e+05,1.8937e+05,1.6166e+05,2.59e+05,2.3985e+05
252,1.062e+05,2.0268e+05,1.7498e+05,2.6801e+05,2.4886e+05
253,1.0799e+05,2.1823e+05,1.9053e+05,2.7858e+05,2.5943e+05
254,1.0978e+05,2.3594e+05,2.0824e+05,2.9078e+05,2.7163e+05
255,1.0904e+05,2.5576e+05,2.2806e+05,3.0466e+05,2.8551e+05
256,1.0831e+05,2.7761e+05,2.5199e+05,3.2026e+05,3.0255e+05
257,1.0963e+05,3.014e+05,2.7822e+05,3.3759e+05,3.2157e+05
258,1.1096e+05,3.2705e+05,3.0694e+05,3.5667e+05,3.4277e+05
259,1.1081e+05,3.5447e+05,3.3717e+05,3.7748e+05,3.6553e+05
260,1.1065e+05,3.8354e+05,3.6816e+05,4.0001e+05,3.8938e+05
261,1.1081e+05,4.1416e+05,4.0892e+05,4.242e+05,4.2057e+05
262,1.1097e+05,4.4621e+05,4.5874e+05,4.4999e+05,4.5865e+05
263,1.1272e+05,4.7954e+05,4.9527e+05,4.7732e+05,4.8819e+05
264,1.1447e+05,5.1403e+05,5.3256e+05,5.0609e+05,5.189e+05
265,1.1572e+05,5.4952e+05,5.7192e+05,5.362e+05,5.5168e+05
266,1.1698e+05,5.8585e+05,6.1308e+05,5.6753e+05,5.8635e+05
267,1.1737e+05,6.2286e+05,6.5555e+05,5.9994e+05,6.2253e+05
268,1.1776e+05,6.6039e+05,6.9753e+05,6.3331e+05,6.5898e+05
269,1.1974e+05,6.9824e+05,7.3899e+05,6.6746e+05,6.9563e+05
270,1.2171e+05,7.3623e+05,7.8017e+05,7.0226e+05,7.3263e+05
271,1.2329e+05,7.7419e+05,8.2005e+05,7.3752e+05,7.6921e+05
272,1.2487e+05,8.1192e+05,8.5908e+05,7.7307e+05,8.0567e+05
273,1.2621e+05,8.4923e+05,8.9687e+05,8.0874e+05,8.4167e+05
274,1.2755e+05,8.8593e+05,9.3302e+05,8.4436e+05,8.7691e+05
275,1.3122e+05,9.2184e+05,9.6762e+05,8.7973e+05,9.1137e+05
276,1.349e+05,9.5677e+05,1.0015e+06,9.1469e+05,9.4558e+05
277,1.4323e+05,9.9055e+05,1.0328e+06,9.4907e+05,9.7828e+05
278,1.5157e+05,1.023e+06,1.0635e+06,9.8269e+05,1.0107e+06
279,1.6994e+05,1.054e+06,1.0915e+06,1.0154e+06,1.0413e+06
280,1.8831e+05,1.0833e+06,1.1188e+06,1.047e+06,1.0715e+06
281,2.2514e+05,1.1109e+06,1.1429e+06,1.0774e+06,1.0995e+06
282,2.6197e+05,1.1366e+06,1.1665e+06,1.1065e+06,1.1272e+06
283,3.0958e+05,1.1603e+06,1.1876e+06,1.1341e+06,1.1529e+06
284,3.5719e+05,1.1819e+06,1.207e+06,1.1601e+06,1.1774e+06
285,3.8838e+05,1.2014e+06,1.2243e+06,1.1844e+06,1.2002e+06
286,4.1958e+05,1.2186e+06,1.2401e+06,1.2069e+06,1.2217e+06
287,4.3807e+05,1.2336e+06,1.2539e+06,1.2276e+06,1.2416e+06
288,4.5657e+05,1.2464e+06,1.2657e+06,1.2464e+06,1.2597e+06
289,4.6758e+05,1.2568e+06,1.2756e+06,1.2632e+06,1.2762e+06
290,4.7859e+05,1.265e+06,1.2838e+06,1.278e+06,1.291e+06
291,4.8392e+05,1.271e+06,1.2903e+06,1.2908e+06,1.3042e+06
292,4.8924e+05,1.2748e+06,1.2951e+06,1.3017e+06,1.3157e+06
293,4.9108e+05,1.2764e+06,1.2977e+06,1.3105e+06,1.3252e+06
294,4.9292e+05,1.276e+06,1.2982e+06,1.3173e+06,1.3326e+06
295,4.9461e+05,1.2737e+06,1.2967e+06,1.3222e+06,1.3381e+06
296,4.9629e+05,1.2694e+06,1.2928e+06,1.3251e+06,1.3412e+06
297,4.9684e+05,1.2634e+06,1.2869e+06,1.3261e+06,1.3424e+06
298,4.9739e+05,1.2558e+06,1.2789e+06,1.3254e+06,1.3414e+06
299,4.9704e+05,1.2466e+06,1.2694e+06,1.3229e+06,1.3386e+06
300,4.9669e+05,1.236e+06,1.2581e+06,1.3187e+06,1.3339e+06
301,4.9561e+05,1.2241e+06,1.2454e+06,1.3129e+06,1.3276e+06
302,4.9453e+05,1.2111e+06,1.2312e+06,1.3055e+06,1.3194e+06
303,4.9258e+05,1.197e+06,1.2158e+06,1.2968e+06,1.3098e+06
304,4.9062e+05,1.1819e+06,1.1995e+06,1.2866e+06,1.2988e+06
305,4.8831e+05,1.1661e+06,1.1823e+06,1.2753e+06,1.2865e+06
306,4.8601e+05,1.1496e+06,1.1638e+06,1.2627e+06,1.2726e+06
307,4.8345e+05,1.1324e+06,1.1453e+06,1.2491e+06,1.258e+06
308,4.8089e+05,1.1148e+06,1.1262e+06,1.2344e+06,1.2423e+06
309,4.7805e+05,1.0968e+06,1.1067e+06,1.2189e+06,1.2257e+06
310,4.7522e+05,1.0785e+06,1.0866e+06,1.2026e+06,1.2081e+06
311,4.7189e+05,1.06e+06,1.0666e+06,1.1855e+06,1.1901e+06
312,4.6856e+05,1.0414e+06,1.0468e+06,1.1678e+06,1.1716e+06
313,4.6562e+05,1.0227e+06,1.0268e+06,1.1496e+06,1.1525e+06
314,4.6268e+05,1.004e+06,1.0067e+06,1.1309e+06,1.1328e+06
315,4.5991e+05,9.8532e+05,9.8683e+05,1.1118e+06,1.1129e+06
316,4.5714e+05,9.6677e+05,9.6752e+05,1.0924e+06,1.0929e+06
317,4.5464e+05,9.4837e+05,9.4887e+05,1.0727e+06,1.0731e+06
318,4.5215e+05,9.3017e+05,9.3129e+05,1.0529e+06,1.0536e+06
319,4.4968e+05,9.1218e+05,9.142e+05,1.0329e+06,1.0343e+06
320,4.4722e+05,8.9445e+05,8.9809e+05,1.0128e+06,1.0153e+06
321,4.4402e+05,8.77e+05,8.8204e+05,9.9273e+05,9.9621e+05
322,4.4082e+05,8.5985e+05,8.6707e+05,9.7268e+05,9.7767e+05
323,4.3841e+05,8.4302e+05,8.5237e+05,9.5271e+05,9.5917e+05
324,4.3601e+05,8.2653e+05,8.3805e+05,9.3285e+05,9.4082e+05
325,4.3432e+05,8.1038e+05,8.2439e+05,9.1315e+05,9.2284e+05
326,4.3263e+05,7.9459e+05,8.1131e+05,8.9364e+05,9.052e+05
327,4.3068e+05,7.7917e+05,7.9843e+05,8.7435e+05,8.8766e+05
328,4.2872e+05,7.6412e+05,7.8595e+05,8.553e+05,8.7039e+05
329,4.2713e+05,7.4946e+05,7.741e+05,8.3653e+05,8.5356e+05
330,4.2553e+05,7.3518e+05,7.624e+05,8.1804e+05,8.3686e+05
331,4.2332e+05,7.213e+05,7.5181e+05,7.9987e+05,8.2096e+05
332,4.2111e+05,7.0781e+05,7.4164e+05,7.8203e+05,8.0541e+05
333,4.1869e+05,6.9472e+05,7.321e+05,7.6453e+05,7.9036e+05
334,4.1627e+05,6.8203e+05,7.2274e+05,7.4738e+05,7.7551e+05
335,4.1384e+05,6.6975e+05,7.1474e+05,7.3059e+05,7.6169e+05
336,4.1141e+05,6.5788e+05,7.0634e+05,7.1418e+05,7.4768e+05
337,4.0778e+05,6.4641e+05,6.9958e+05,6.9815e+05,7.3489e+05
338,4.0416e+05,6.3536e+05,6.9231e+05,6.825e+05,7.2187e+05
339,4.003e+05,6.2471e+05,6.8618e+05,6.6724e+05,7.0973e+05
340,3.9644e+05,6.1447e+05,6.794e+05,6.5238e+05,6.9726e+05
341,3.926e+05,6.0464e+05,6.7379e+05,6.3791e+05,6.857e+05
342,3.8876e+05,5.9521e+05,6.673e+05,6.2383e+05,6.7366e+05
343,3.8478e+05,5.8618e+05,6.6195e+05,6.1015e+05,6.6251e+05
344,3.808e+05,5.7756e+05,6.5522e+05,5.9686e+05,6.5054e+05
345,3.7703e+05,5.6933e+05,6.4992e+05,5.8397e+05,6.3968e+05
346,3.7326e+05,5.6149e+05,6.4342e+05,5.7148e+05,6.2811e+05
347,3.6945e+05,5.5403e+05,6.3806e+05,5.5937e+05,6.1745e+05
348,3.6565e+05,5.4695e+05,6.321e+05,5.4765e+05,6.0651e+05
349,3.6126e+05,5.4024e+05,6.2679e+05,5.3632e+05,5.9615e+05
350,3.5687e+05,5.3388e+05,6.2079e+05,5.2538e+05,5.8545e+05
351,3.5294e+05,5.2787e+05,6.1499e+05,5.1481e+05,5.7502e+05
352,3.4901e+05,5.222e+05,6.0933e+05,5.0462e+05,5.6484e+05
353,3.4544e+05,5.1685e+05,6.0345e+05,4.948e+05,5.5466e+05
354,3.4187e+05,5.1181e+05,5.9737e+05,4.8535e+05,5.4449e+05
355,3.3793e+05,5.0707e+05,5.9119e+05,4.7627e+05,5.3441e+05
356,3.34e+05,5.0261e+05,5.8512e+05,4.6754e+05,5.2457e+05
357,3.3099e+05,4.9842e+05,5.7918e+05,4.5917e+05,5.1499e+05
358,3.2798e+05,4.9448e+05,5.7349e+05,4.5115e+05,5.0577e+05
359,3.2476e+05,4.9078e+05,5.6783e+05,4.4348e+05,4.9673e+05
360,3.2155e+05,4.8729e+05,5.6231e+05,4.3615e+05,4.88e+05
361,3.1826e+05,4.8401e+05,5.5707e+05,4.2915e+05,4.7965e+05
362,3.1497e+05,4.8091e+05,5.5151e+05,4.2248e+05,4.7128e+05
363,3.1204e+05,4.7797e+05,5.4649e+05,4.1614e+05,4.6349e+05
364,3.0911e+05,4.7519e+05,5.4165e+05,4.1011e+05,4.5605e+05
365,3.0596e+05,4.7254e+05,5.3675e+05,4.044e+05,4.4878e+05
366,3.0281e+05,4.7e+05,5.3209e+05,3.9899e+05,4.4191e+05
367,2.9927e+05,4.6756e+05,5.2761e+05,3.9388e+05,4.3538e+05
368,2.9573e+05,4.652e+05,5.2286e+05,3.8906e+05,4.2891e+05
369,2.9376e+05,4.6291e+05,5.1896e+05,3.8453e+05,4.2327e+05
370,2.9179e+05,4.6067e+05,5.1441e+05,3.8027e+05,4.1742e+05
371,2.8956e+05,4.5847e+05,5.0993e+05,3.7629e+05,4.1186e+05
372,2.8733e+05,4.5628e+05,5.051e+05,3.7258e+05,4.0632e+05
373,2.8483e+05,4.5411e+05,5.0105e+05,3.6912e+05,4.0156e+05
374,2.8234e+05,4.5192e+05,4.9603e+05,3.659e+05,3.9639e+05
375,2.8033e+05,4.4972e+05,4.9196e+05,3.6293e+05,3.9213e+05
376,2.7832e+05,4.475e+05,4.8771e+05,3.602e+05,3.8799e+05
377,2.7662e+05,4.4523e+05,4.8383e+05,3.5768e+05,3.8436e+05
378,2.7492e+05,4.4291e+05,4.8004e+05,3.5539e+05,3.8105e+05
379,2.7282e+05,4.4053e+05,4.7606e+05,3.533e+05,3.7786e+05
380,2.7072e+05,4.3808e+05,4.7226e+05,3.5141e+05,3.7503e+05
381,2.6859e+05,4.3556e+05,4.6862e+05,3.4972e+05,3.7256e+05
382,2.6645e+05,4.3296e+05,4.6469e+05,3.482e+05,3.7013e+05
383,2.6451e+05,4.3028e+05,4.6109e+05,3.4686e+05,3.6816e+05
384,2.6257e+05,4.2749e+05,4.5763e+05,3.4569e+05,3.6652e+05
385,2.605e+05,4.2462e+05,4.5401e+05,3.4467e+05,3.6498e+05
386,2.5842e+05,4.2164e+05,4.505e+05,3.438e+05,3.6375e+05
387,2.5583e+05,4.1856e+05,4.4726e+05,3.4307e+05,3.6291e+05
388,2.5323e+05,4.1538e+05,4.4402e+05,3.4247e+05,3.6227e+05
389,2.5063e+05,4.1209e+05,4.4051e+05,3.4199e+05,3.6164e+05
390,2.4802e+05,4.0869e+05,4.3701e+05,3.4163e+05,3.6121e+05
391,2.4514e+05,4.0519e+05,4.333e+05,3.4137e+05,3.608e+05
392,2.4226e+05,4.0157e+05,4.2959e+05,3.412e+05,3.6057e+05
393,2.3997e+05,3.9786e+05,4.2552e+05,3.4113e+05,3.6025e+05
394,2.3768e+05,3.9404e+05,4.2121e+05,3.4113e+05,3.5992e+05
395,2.3451e+05,3.9011e+05,4.1701e+05,3.4121e+05,3.598e+05
396,2.3134e+05,3.8609e+05,4.1249e+05,3.4135e+05,3.596e+05
397,2.2804e+05,3.8196e+05,4.0775e+05,3.4154e+05,3.5937e+05
398,2.2474e+05,3.7774e+05,4.0307e+05,3.4179e+05,3.5929e+05
399,2.221e+05,3.7343e+05,3.9802e+05,3.4207e+05,3.5907e+05
400,2.1946e+05,3.6903e+05,3.9296e+05,3.4239e+05,3.5893e+05
401,2.1641e+05,3.6455e+05,3.8769e+05,3.4274e+05,3.5873e+05
402,2.1337e+05,3.5999e+05,3.8249e+05,3.431e+05,3.5865e+05
403,2.1064e+05,3.5535e+05,3.7724e+05,3.4348e+05,3.5861e+05
404,2.079e+05,3.5064e+05,3.7172e+05,3.4386e+05,3.5843e+05
405,2.0507e+05,3.4586e+05,3.6612e+05,3.4425e+05,3.5825e+05
406,2.0225e+05,3.4102e+05,3.6067e+05,3.4463e+05,3.5822e+05
407,1.9945e+05,3.3612e+05,3.5515e+05,3.45e+05,3.5816e+05
408,1.9665e+05,3.3117e+05,3.4956e+05,3.4536e+05,3.5807e+05
409,1.9405e+05,3.2617e+05,3.4375e+05,3.4569e+05,3.5784e+05
410,1.9146e+05,3.2113e+05,3.3789e+05,3.4599e+05,3.5758e+05
411,1.8903e+05,3.1604e+05,3.3202e+05,3.4627e+05,3.5731e+05
412,1.866e+05,3.1093e+05,3.2634e+05,3.4651e+05,3.5716e+05
413,1.8369e+05,3.0578e+05,3.2061e+05,3.4671e+05,3.5696e+05
414,1.8078e+05,3.0062e+05,3.146e+05,3.4686e+05,3.5653e+05
415,1.7885e+05,2.9543e+05,3.0901e+05,3.4697e+05,3.5636e+05
416,1.7692e+05,2.9022e+05,3.0324e+05,3.4703e+05,3.5603e+05
417,1.742e+05,2.8501e+05,2.9728e+05,3.4704e+05,3.5552e+05
418,1.7149e+05,2.7979e+05,2.9155e+05,3.4699e+05,3.5511e+05
419,1.6956e+05,2.7457e+05,2.8591e+05,3.4687e+05,3.5471e+05
420,1.6763e+05,2.6935e+05,2.8017e+05,3.467e+05,3.5418e+05
421,1.6551e+05,2.6414e+05,2.7446e+05,3.4647e+05,3.536e+05
422,1.6339e+05,2.5895e+05,2.6874e+05,3.4616e+05,3.5293e+05
423,1.618e+05,2.5376e+05,2.6306e+05,3.4579e+05,3.5222e+05
424,1.6021e+05,2.486e+05,2.5748e+05,3.4535e+05,3.5149e+05
425,1.5797e+05,2.4345e+05,2.522e+05,3.4484e+05,3.5088e+05
426,1.5574e+05,2.3834e+05,2.4666e+05,3.4426e+05,3.5001e+05
427,1.5411e+05,2.3325e+05,2.4111e+05,3.436e+05,3.4903e+05
428,1.5248e+05,2.282e+05,2.3564e+05,3.4288e+05,3.4802e+05
429,1.5034e+05,2.2318e+05,2.3022e+05,3.4208e+05,3.4694e+05
430,1.4821e+05,2.182e+05,2.2466e+05,3.412e+05,3.4566e+05
431,1.4666e+05,2.1326e+05,2.1946e+05,3.4025e+05,3.4453e+05
432,1.4512e+05,2.0837e+05,2.1454e+05,3.3922e+05,3.4349e+05
433,1.431e+05,2.0352e+05,2.0932e+05,3.3813e+05,3.4213e+05
434,1.4107e+05,1.9873e+05,2.0411e+05,3.3695e+05,3.4067e+05
435,1.3938e+05,1.9398e+05,1.9935e+05,3.3571e+05,3.3942e+05
436,1.3768e+05,1.8929e+05,1.9427e+05,3.3439e+05,3.3783e+05
437,1.3594e+05,1.8466e+05,1.8962e+05,3.33e+05,3.3643e+05
438,1.342e+05,1.8008e+05,1.8485e+05,3.3153e+05,3.3483e+05
439,1.3269e+05,1.7556e+05,1.8028e+05,3.3e+05,3.3326e+05
440,1.3117e+05,1.7111e+05,1.7548e+05,3.284e+05,3.3142e+05
441,1.2956e+05,1.6672e+05,1.7113e+05,3.2673e+05,3.2978e+05
442,1.2795e+05,1.6239e+05,1.6687e+05,3.2499e+05,3.2809e+05
443,1.2653e+05,1.5812e+05,1.6229e+05,3.2319e+05,3.2607e+05
444,1.2512e+05,1.5393e+05,1.5809e+05,3.2132e+05,3.242e+05
445,1.2355e+05,1.498e+05,1.539e+05,3.1939e+05,3.2223e+05
446,1.2198e+05,1.4574e+05,1.4972e+05,3.174e+05,3.2016e+05
447,1.2054e+05,1.4174e+05,1.4564e+05,3.1535e+05,3.1805e+05
448,1.1911e+05,1.3782e+05,1.416e+05,3.1325e+05,3.1585e+05
449,1.173e+05,1.3397e+05,1.3784e+05,3.1108e+05,3.1376e+05
450,1.1548e+05,1.3019e+05,1.3426e+05,3.0886e+05,3.1167e+05
451,1.1421e+05,1.2648e+05,1.3066e+05,3.0659e+05,3.0948e+05
452,1.1295e+05,1.2284e+05,1.2691e+05,3.0427e+05,3.0708e+05
453,1.1146e+05,1.1928e+05,1.2337e+05,3.0191e+05,3.0473e+05
454,1.0997e+05,1.1578e+05,1.1996e+05,2.9949e+05,3.0238e+05
455,1.0845e+05,1.1236e+05,1.1679e+05,2.9703e+05,3.0009e+05
456,1.0694e+05,1.0901e+05,1.1344e+05,2.9453e+05,2.9759e+05
457,1.056e+05,1.0573e+05,1.104e+05,2.9198e+05,2.952e+05
458,1.0426e+05,1.0253e+05,1.0715e+05,2.894e+05,2.9259e+05
459,1.0312e+05,99393,1.0426e+05,2.8678e+05,2.9015e+05
460,1.0198e+05,96329,1.0129e+05,2.8413e+05,2.8756e+05
461,1.0083e+05,93335,98632,2.8144e+05,2.851e+05
462,99682,90411,95777,2.7872e+05,2.8243e+05
463,98475,87557,93103,2.7598e+05,2.7981e+05
464,97267,84772,90331,2.732e+05,2.7704e+05
465,95876,82054,87808,2.704e+05,2.7438e+05
466,94484,79405,85172,2.6758e+05,2.7157e+05
467,93293,76822,82991,2.6474e+05,2.69e+05
468,92101,74306,80682,2.6188e+05,2.6628e+05
469,90811,71855,78410,2.59e+05,2.6353e+05
470,89520,69468,76051,2.561e+05,2.6065e+05
471,88745,67145,73963,2.5319e+05,2.579e+05
472,87971,64884,72076,2.5027e+05,2.5524e+05
473,87071,62686,70085,2.4734e+05,2.5245e+05
474,86170,60548,68099,2.444e+05,2.4961e+05
475,85239,58469,66090,2.4145e+05,2.4671e+05
476,84307,56450,64264,2.3849e+05,2.4389e+05
477,83568,54488,62510,2.3554e+05,2.4108e+05
478,82830,52583,60881,2.3258e+05,2.3831e+05
479,81746,50734,59364,2.2962e+05,2.3558e+05
480,80663,48939,57777,2.2665e+05,2.3276e+05
481,79896,47198,56146,2.237e+05,2.2988e+05
482,79129,45509,54554,2.2074e+05,2.2699e+05
483,78523,43872,53124,2.1779e+05,2.2419e+05
484,77916,42285,51731,2.1485e+05,2.2138e+05
485,76931,40747,50401,2.1191e+05,2.1858e+05
486,75945,39257,49243,2.0898e+05,2.1588e+05
487,75173,37815,47952,2.0606e+05,2.1307e+05
488,74401,36418,46555,2.0315e+05,2.1016e+05
489,73950,35066,45355,2.0026e+05,2.0737e+05
490,73500,33758,44255,1.9737e+05,2.0463e+05
491,72742,32492,43349,1.945e+05,2.0201e+05
492,71984,31268,42208,1.9165e+05,1.9921e+05
493,71283,30085,41191,1.8881e+05,1.9649e+05
494,70583,28941,40254,1.8599e+05,1.9381e+05
495,69664,27836,39163,1.8318e+05,1.9101e+05
496,68745,26768,38482,1.804e+05,1.8849e+05
497,68675,25737,37465,1.7763e+05,1.8574e+05
498,68605,24741,36870,1.7488e+05,1.8327e+05
499,68131,23780,35895,1.7216e+05,1.8053e+05
500,67656,22852,34829,1.6945e+05,1.7773e+05
501,67146,21956,34251,1.6677e+05,1.7527e+05
502,66636,21093,33277,1.6411e+05,1.7253e+05
503,66300,20260,32776,1.6147e+05,1.7012e+05
504,65964,19457,32070,1.5886e+05,1.6757e+05
505,65781,18682,31600,1.5627e+05,1.6519e+05
506,65599,17936,30909,1.537e+05,1.6267e+05
507,64921,17217,30342,1.5116e+05,1.6023e+05
508,64242,16524,29580,1.4864e+05,1.5767e+05
509,63910,15857,28927,1.4615e+05,1.5519e+05
510,63578,15215,28519,1.4369e+05,1.5289e+05
511,63268,14596,27901,1.4125e+05,1.5045e+05
512,62959,14001,27499,1.3884e+05,1.4817e+05
513,62739,13428,27133,1.3646e+05,1.4593e+05
514,62519,12876,26582,1.341e+05,1.4358e+05
515,62227,12346,26176,1.3177e+05,1.4133e+05
516,61934,11836,25624,1.2947e+05,1.39e+05
517,61748,11345,25189,1.272e+05,1.3677e+05
518,61562,10874,24925,1.2495e+05,1.3466e+05
519,61443,10420,24541,1.2273e+05,1.3249e+05
520,61325,9984.5,24105,1.2054e+05,1.303e+05
521,60994,9565.7,23838,1.1838e+05,1.2825e+05
522,60662,9163.5,23478,1.1625e+05,1.2614e+05
523,60398,8777.1,23077,1.1414e+05,1.2403e+05
524,60134,8406,22540,1.1207e+05,1.2183e+05
525,59835,8049.6,22336,1.1002e+05,1.1989e+05
526,59536,7707.5,22201,1.0799e+05,1.1801e+05
527,59257,7379,21887,1.06e+05,1.1603e+05
528,58978,7063.8,21572,1.0404e+05,1.1406e+05
529,58779,6761.3,21283,1.021e+05,1.1214e+05
530,58579,6471.1,21186,1.0019e+05,1.1036e+05
531,58207,6192.6,20922,98310,1.0849e+05
532,57834,5925.6,20807,96457,1.0674e+05
533,57738,5669.4,20343,94631,1.0477e+05
534,57641,5423.8,19973,92832,1.0289e+05
535,57258,5188.3,19890,91061,1.0122e+05
536,56875,4962.6,19719,89318,99517
537,57004,4746.2,19655,87601,97906
538,57133,4538.9,19448,85911,96216
539,57771,4340.2,19249,84247,94552
540,58409,4149.8,19059,82610,92915
541,57947,3967.4,18876,81000,91305
542,57484,3792.7,18785,79415,89777
543,57172,3625.4,18728,77856,88295
544,56859,3465.2,18471,76323,86695
545,56493,3311.8,18331,74815,85197
546,56127,3164.9,18267,73333,83771
547,55647,3024.4,18127,71875,82314
548,55167,2889.8,17854,70442,80785
549,54763,2761,17656,69033,79328
550,54358,2637.7,17533,67648,77944
551,54324,2519.8,17567,66288,76688
552,54291,2407,17509,64951,75389
553,53997,2299,17401,63637,74076
554,53703,2195.8,17298,62346,72785
555,53371,2097,17365,61079,71632
556,53039,2002.6,17299,59833,70406
557,52904,1912.3,17208,58610,69183
558,52769,1825.9,17122,57409,67982
559,52449,1743.4,17039,56230,66803
560,52129,1664.4,16960,55072,65645
561,52123,1589,16678,53936,64365
562,52118,1516.9,16453,52820,63144
563,51494,1448,16564,51725,62173
564,50869,1382.1,16498,50650,61098
565,50899,1319.2,16435,49595,60044
566,50929,1259,16417,48560,59037
567,50602,1201.6,16511,47545,58127
568,50275,1146.7,16457,46548,57130
569,50030,1094.2,16404,45571,56153
570,49784,1044.1,16354,44612,55194
571,49314,996.31,16306,43672,54254
572,48844,950.62,16260,42749,53331
573,48344,906.98,16217,41844,52427
574,47844,865.32,16175,40957,51539
575,47637,825.53,16135,40088,50670
576,47429,787.54,16097,39235,49817
577,47100,751.27,16047,38398,48971
578,46771,716.65,16013,37579,48151
579,46684,683.59,15855,36775,47262
580,46596,652.04,15754,35988,46426
581,45869,621.93,15724,35216,45654
582,45141,593.18,15696,34459,44898
583,44944,565.75,15834,33717,44271
584,44747,539.56,15849,32991,43573
585,44322,514.58,15824,32279,42861
586,43897,490.74,15801,31581,42163
587,43582,467.98,15778,30898,41480
588,43266,446.28,15756,30228,40810
589,43216,425.56,15735,29572,40154
590,43165,405.8,15716,28929,39512
591,42488,386.95,15489,28300,38739
592,41811,368.97,15292,27683,37998
593,41254,351.81,15440,27080,37509
594,40697,335.45,15244,26488,36793
595,40445,319.84,15256,25909,36233
596,40192,304.95,15407,25342,35781
597,40100,290.75,15393,24787,35225
598,40007,277.2,15380,24243,34682
599,39508,264.28,15367,23711,34149
600,39009,251.96,15354,23189,33628
601,38718,240.22,15273,22679,33070
602,38426,229.01,15138,22179,32484
603,37935,218.33,15044,21690,31938
604,37443,208.14,14923,21212,31383
605,37085,198.43,14914,20743,30914
606,36727,189.16,14904,20284,30455
607,36262,180.33,14896,19835,30007
608,35798,171.91,14887,19396,29567
609,35402,163.88,14879,18966,29137
610,35006,156.22,14733,18545,28621
611,34598,148.93,14657,18134,28161
612,34189,141.97,14511,17731,27663
613,34222,135.33,14449,17336,27230
614,34255,129.01,14443,16951,26844
615,33439,122.98,14437,16573,26467
616,32622,117.23,14431,16204,26098
617,32584,111.75,14426,15842,25736
618,32546,106.53,14241,15489,25258
619,32124,101.55,14208,15143,24894
620,31703,96.807,14203,14805,24555
621,31601,92.283,14005,14474,24090
622,31500,87.971,14001,14150,23767
623,31157,83.86,13997,13833,23450
624,30815,79.942,13993,13524,23140
625,30485,76.207,13989,13221,22837
626,30154,72.647,13944,12924,22512
627,29861,69.254,13789,12634,22117
628,29567,66.02,13785,12351,21834
629,28979,62.937,13727,12074,21518
630,28391,59.998,13572,11803,21142
631,28320,57.197,13569,11538,20877
632,28249,54.528,13566,11278,20618
633,27965,51.983,13564,11025,20364
634,27681,49.558,13479,10777,20059
635,27261,47.247,13269,10534,19673
636,26841,45.043,13170,10297,19369
637,26780,42.943,13168,10065,19137
638,26720,40.942,13166,9838.7,18910
639,26410,39.034,13164,9617,18689
640,26101,37.216,13162,9400.3,18472
641,25895,35.482,13160,9188.5,18260
642,25688,33.831,13006,8981.3,17948
643,25485,32.256,12950,8778.8,17707
644,25282,30.755,12948,8580.8,17509
645,24957,29.325,12794,8387.2,17210
646,24632,27.961,12752,8198,16992
647,24484,26.662,12750,8013,16807
648,24337,25.423,12749,7832.1,16627
649,23788,24.242,12748,7655.3,16450
650,23239,23.117,12553,7482.5,16143
651,23206,22.044,12538,7313.5,15965
652,23173,21.021,12537,7148.4,15800
653,22884,20.046,12536,6987,15638
654,22596,19.117,12342,6829.2,15346
655,22378,18.231,12341,6674.9,15192
656,22161,17.387,12340,6524.1,15041
657,21969,16.582,12339,6376.8,14894
658,21778,15.815,12338,6232.7,14750
659,21690,15.084,12282,6091.9,14571
660,21601,14.386,12088,5954.3,14300
661,21324,13.722,11935,5819.8,14060
662,21048,13.088,11935,5688.3,13928
663,20743,12.484,11934,5559.8,13800
664,20439,11.908,11933,5434.2,13674
665,20488,11.359,11933,5311.5,13552
666,20537,10.836,11836,5191.5,13365
667,20311,10.337,11738,5074.3,13181
668,20085,9.8607,11738,4959.7,13066
669,19929,9.4071,11627,4847.7,12877
670,19773,8.9745,11543,4738.3,12711
671,19429,8.5621,11543,4631.3,12604
672,19085,8.1689,11542,4526.7,12499
673,18952,7.7939,11542,4424.6,12397
674,18818,7.4364,11542,4324.7,12297
675,18613,7.0955,11389,4227.2,12094
676,18408,6.7704,11334,4131.8,11961
677,18313,6.4604,11167,4038.6,11753
678,18218,6.1647,11139,3947.6,11643
679,17804,5.8828,11139,3858.6,11554
680,17389,5.614,11139,3771.6,11467
681,17329,5.3576,11139,3686.6,11382
682,17268,5.113,10945,3603.5,11165
683,17207,4.8798,10931,3522.4,11074
684,17145,4.6574,10930,3443,10995
685,16906,4.4453,10737,3365.5,10783
686,16667,4.2429,10736,3289.8,10708
687,16549,4.0499,10736,3215.7,10634
688,16432,3.8658,10736,3143.4,10561
689,16260,3.6902,10736,3072.7,10491
690,16089,3.5227,10736,3003.6,10422
691,15782,3.363,10680,2936.1,10316
692,15476,3.2105,10542,2870.2,10154
693,15323,3.0651,10472,2805.7,10042
694,15170,2.9264,10334,2742.7,9883.4
695,15084,2.7941,10334,2681.1,9821.9
696,14998,2.6678,10334,2621,9761.7
697,14876,2.5473,10334,2562.2,9702.9
698,14754,2.4324,10333,2504.7,9645.5
699,14575,2.3227,10223,2448.6,9512.9
700,14396,2.2181,10140,2393.7,9400.7
701,14514,2.1182,10140,2340.1,9347.1
702,14632,2.0229,10139,2287.7,9294.7
703,14539,1.932,10001,2236.5,9147.9
704,14446,1.8452,9945.7,2186.5,9059.6
705,14190,1.7624,9945.6,2137.6,9010.7
706,13934,1.6834,9945.5,2089.8,8962.9
707,13841,1.608,9945.4,2043.2,8916.3
708,13748,1.536,9945.3,1997.5,8870.6
709,13504,1.4673,9945.3,1953,8826.1
710,13259,1.4017,9765.4,1909.4,8658.2
711,13196,1.3391,9557.9,1866.8,8472.2
712,13133,1.2794,9737.6,1825.2,8554.9
713,12866,1.2224,9544,1784.5,8380.4
714,12598,1.1679,9543.9,1744.8,8340.7
715,12165,1.1159,9543.9,1706,8301.8
716,11732,1.0663,9543.8,1668,8263.9
717,11772,1.0189,9543.8,1630.9,8226.8
718,11812,0.97371,9543.7,1594.7,8190.6
719,11549,0.93053,9502.2,1559.3,8126.5
720,11285,0.8893,9336.2,1524.6,7977.1
721,11419,0.84993,9336.1,1490.8,7943.3
722,11553,0.81233,9336.1,1457.8,7910.2
723,11126,0.77644,9280.7,1425.4,7839.7
724,10698,0.74215,9142.4,1393.9,7712.5
725,10656,0.70942,9142.4,1363,7681.7
726,10614,0.67815,9142.3,1332.9,7651.5
727,10740,0.64829,9142.3,1303.4,7622
728,10867,0.61977,9142.3,1274.6,7593.2
729,10434,0.59253,9142.3,1246.4,7565.1
730,10002,0.56651,9142.2,1218.9,7537.6
731,10075,0.54166,9142.2,1192,7510.7
732,10148,0.51792,9017.7,1165.7,7398.4
733,9634.1,0.49524,8948.5,1140,7324.9
734,9119.7,0.47358,8810.2,1114.9,7204.2
735,9482.4,0.45288,8741,1090.4,7131.8
736,9845.1,0.4331,8741,1066.4,7107.8
737,9689.5,0.41421,8741,1043,7084.4
738,9533.8,0.39616,8741,1020.1,7061.5
739,9582,0.37891,8741,997.66,7039.1
740,9630.2,0.36243,8741,975.77,7017.2
741,9270,0.34668,8740.9,954.37,6995.8
742,8909.9,0.33163,8561.1,933.46,6850.6
743,9046.3,0.31725,8547.3,913.02,6820.6
744,9182.7,0.3035,8547.3,893.04,6800.7
745,8723.6,0.29036,8533.4,873.51,6771.6
746,8264.4,0.27781,8353.6,854.42,6628.2
747,8248.6,0.26581,8353.6,835.76,6609.5
748,8232.8,0.25434,8353.6,817.52,6591.3
749,8187.6,0.24337,8353.6,799.69,6573.5
750,8142.4,0.23289,8353.6,782.27,6556
