optics,band,n_plots,n_days,slope_obs,unexplained_fraction,frac_q025,frac_q975,share_bootstrap_obs_slope_near_zero
tddft_D,broadband,41,8,-0.1062,0.4353,0.1604,0.6743,0
tddft_D,B2,41,8,-0.1496,0.2439,-0.092,0.5889,0
tddft_D,B4,41,8,-0.1335,0.4712,0.2112,0.6832,0
tddft_D,B8,41,8,-0.09477,0.9226,0.8721,0.9617,0
tierA_empirical,broadband,41,8,-0.1062,0.4155,0.1367,0.6566,0
tierA_empirical,B2,41,8,-0.1496,0.1597,-0.2108,0.5344,0
tierA_empirical,B4,41,8,-0.1335,0.5738,0.3619,0.7489,0
tierA_empirical,B8,41,8,-0.09477,0.9999,0.9927,1.01,0
measured_mac_C,broadband,41,8,-0.1062,0.4356,0.1628,0.673,0
measured_mac_C,B2,41,8,-0.1496,0.2328,-0.1076,0.5819,0
measured_mac_C,B4,41,8,-0.1335,0.4335,0.1577,0.6584,0
measured_mac_C,B8,41,8,-0.09477,0.9993,0.9919,1.009,0
