variant,dataset,n,bias,rmse,spearman,coverage95,coverage95_cal,tau,log_evidence
s6_prior,all,59,0.05212,0.4846,0.7638,0.8305,0.9831,0.37,284.1
s6_prior,s6_2017,41,0.1657,0.4723,0.803,0.8049,0.9756,0.37,284.1
s6_prior,sgris_2021,18,-0.2066,0.5114,0.4324,0.8889,1,0.37,284.1
broad,all,59,-0.003735,0.4968,0.7635,0.8305,0.9831,0.37,297.6
broad,s6_2017,41,0.119,0.4662,0.8051,0.8049,0.9756,0.37,297.6
broad,sgris_2021,18,-0.2832,0.5601,0.4427,0.8889,1,0.37,297.6
low_dust,all,59,0.3416,0.5445,0.7944,0.8136,0.9831,0.44,243
low_dust,s6_2017,41,0.4336,0.5973,0.8298,0.7561,0.9756,0.44,243
low_dust,sgris_2021,18,0.132,0.399,0.5088,0.9444,1,0.44,243
no_dust,all,59,0.3978,0.5849,0.7845,0.7797,0.9661,0.51,227
no_dust,s6_2017,41,0.4881,0.6429,0.8112,0.7317,0.9512,0.51,227
no_dust,sgris_2021,18,0.1921,0.4239,0.4881,0.8889,1,0.51,227
