sample_id,sza_deg,ia_cells_per_ml,sa_cells_per_ml,measured,model_density,model_reff_um,model_sampling_depth_cm
050821-S2,44,11360,0,True,700,2500,1.15
050821-S3,47,24880,0,True,700,2500,2.11
050821-S4,47,46720,0,True,840,3500,0.79
050821-S7,48,81800,0,True,580,4500,1.3
050821-S8,49,77040,0,True,780,5000,0.525
060821-S1,49,29440,160,True,680,8000,3.25
060821-S2,47,22600,0,True,700,2500,3.82
060821-S3,47,12800,120,True,600,4500,1.57
060821-S4,46,20000,0,False,840,15500,3.06
060821-S5,46,26780,200,True,740,3000,4.0
060821-S6,45,29320,1360,True,900,2000,3.71
060821-S7,45,96080,440,True,720,2500,0.578
060821-S9,45,51000,120,True,580,4000,5.6
060821-S10,46,42000,0,False,880,6500,2.45
060821-S11,47,3147,0,True,580,2500,5.15
060821-S12,49,8840,80,True,460,6000,3.57
060821-S13,50,35893,53,True,800,5000,2.53
060821-S14,52,19360,120,True,680,2000,3.51
060821-S15,53,35360,200,True,800,6000,4.11
060821-S16,56,65320,280,True,800,2500,1.165
15-7-SB3,47,30313,0,True,820,4000,4.08
20-7-SB1,48,11375,0,True,580,2500,5.68
22-7-SB4,47,14313,0,True,360,6000,3.36
21-7-SB7,48,33229,0,True,880,2000,3.99
21-7-SB4,48,57083,0,True,800,2000,2.375
22-7-SB5,47,22813,0,True,720,1500,4.85
