time,t_u,gps_lat,gps_lon,gps_alt
2019-04-01,-27.2630,67.0004,-47.0287,1825.3000
2019-04-02,-13.4081,67.0005,-47.0288,1827.0000
2019-04-03,-16.8180,67.0005,-47.0289,1836.7000
2019-04-04,-21.2645,67.0005,-47.0288,1824.6000
2019-04-05,-17.2785,67.0005,-47.0288,1823.3000
2019-04-06,-14.4633,67.0005,-47.0289,1819.4000
2019-04-07,-11.6955,67.0005,-47.0289,1822.5000
2019-04-08,-11.2330,67.0005,-47.0288,1810.0000
2019-04-09,-10.6964,67.0005,-47.0288,1811.8000
2019-04-10,-11.9089,67.0005,-47.0289,1822.5000
2019-04-11,-9.1167,67.0005,-47.0289,1828.9500
2019-04-12,-8.1958,67.0005,-47.0289,1826.7700
2019-04-13,-7.0290,67.0005,-47.0289,1826.2200
2019-04-14,-7.9453,67.0005,-47.0289,1827.3900
2019-04-15,-8.3923,67.0005,-47.0289,1829.4300
2019-04-16,-9.6584,67.0005,-47.0289,1823.6300
2019-04-17,-17.0012,67.0005,-47.0290,1822.5700
2019-04-18,-21.6047,67.0005,-47.0290,1823.3400
2019-04-19,-18.8537,67.0005,-47.0290,1829.0000
2019-04-20,-21.3410,67.0005,-47.0289,1822.3000
2019-04-21,-17.7571,67.0005,-47.0290,1823.5100
2019-04-22,-14.5014,67.0005,-47.0290,1823.7800
2019-04-23,-14.1232,67.0005,-47.0289,1826.5700
2019-04-24,-19.7057,67.0005,-47.0290,1825.9900
2019-04-25,-16.2276,67.0005,-47.0290,1826.7200
2019-04-26,-9.2208,67.0005,-47.0290,1827.4100
2019-04-27,-7.0430,67.0005,-47.0290,1827.7000
2019-04-28,-6.9786,67.0005,-47.0290,1826.9000
2019-04-29,-7.9286,67.0005,-47.0289,1826.2900
2019-04-30,-6.0021,67.0005,-47.0290,1824.5600
2019-05-01,-6.3620,67.0005,-47.0290,1830.1200
2019-05-02,-4.8405,67.0005,-47.0290,1825.1000
2019-05-03,-6.6855,67.0005,-47.0290,1824.6400
2019-05-04,-5.0628,67.0005,-47.0290,1822.9100
2019-05-05,-3.6464,67.0005,-47.0290,1822.9500
2019-05-06,-3.9696,67.0005,-47.0290,1824.0500
2019-05-07,-3.2291,67.0005,-47.0290,1830.8300
2019-05-08,-5.8646,67.0005,-47.0290,1828.2200
2019-05-09,-10.4108,67.0005,-47.0290,1826.7800
2019-05-10,-6.9754,67.0005,-47.0290,1824.8200
2019-05-11,-9.6332,67.0005,-47.0290,1829.0000
2019-05-12,-14.8057,67.0005,-47.0290,1828.5700
2019-05-13,-11.8033,67.0005,-47.0290,1830.2800
2019-05-14,-5.9980,67.0005,-47.0290,1827.3700
2019-05-15,-3.8992,67.0005,-47.0290,1823.8200
2019-05-16,-7.3453,67.0005,-47.0290,1829.0200
2019-05-17,-8.2673,67.0005,-47.0291,1823.9400
2019-05-18,-8.1043,67.0005,-47.0291,1826.1300
2019-05-19,-6.6016,67.0005,-47.0290,1824.3500
2019-05-20,-7.2303,67.0005,-47.0290,1823.1500
2019-05-21,-7.0394,67.0005,-47.0291,1824.5200
2019-05-22,-7.1746,67.0005,-47.0291,1826.6500
2019-05-23,-5.6243,67.0005,-47.0290,1826.6800
2019-05-24,-5.3602,67.0005,-47.0291,1825.0600
2019-05-25,-6.6807,67.0005,-47.0290,1824.7200
2019-05-26,-6.1883,67.0005,-47.0291,1823.3400
2019-05-27,-7.1626,67.0005,-47.0291,1827.8800
2019-05-28,-8.7728,67.0005,-47.0291,1830.2800
2019-05-29,-7.5758,67.0005,-47.0291,1825.9500
2019-05-30,-7.5175,67.0005,-47.0291,1826.8800
2019-05-31,-7.9411,67.0005,-47.0291,1826.6500
2019-06-01,-5.2205,67.0005,-47.0291,1825.2100
2019-06-02,-7.2187,67.0005,-47.0291,1827.9200
2019-06-03,-5.0672,67.0005,-47.0291,1830.0700
2019-06-04,-6.3864,67.0005,-47.0291,1821.6100
2019-06-05,-8.1409,67.0005,-47.0291,1826.8700
2019-06-06,-4.2625,67.0005,-47.0291,1831.2800
2019-06-07,-1.8470,67.0005,-47.0291,1832.4500
2019-06-08,-2.9295,67.0005,-47.0291,1828.9300
2019-06-09,-2.1344,67.0005,-47.0291,1827.3800
2019-06-10,-4.1274,67.0005,-47.0291,1829.3300
2019-06-11,-3.3160,67.0005,-47.0291,1827.3100
2019-06-12,-0.6405,67.0005,-47.0291,1831.6900
2019-06-13,-0.9958,67.0005,-47.0291,1831.0400
2019-06-14,-0.3192,67.0005,-47.0291,1833.1900
2019-06-15,-1.0508,67.0005,-47.0291,1833.9300
2019-06-16,0.0695,67.0005,-47.0292,1832.6900
2019-06-17,-0.2973,67.0005,-47.0291,1833.6600
2019-06-18,-1.0845,67.0005,-47.0291,1834.4500
2019-06-19,-0.3325,67.0005,-47.0291,1838.8300
2019-06-20,-1.0647,67.0005,-47.0291,1835.5500
2019-06-21,-1.6571,67.0005,-47.0291,1837.0400
2019-06-22,-0.3076,67.0005,-47.0291,1836.2800
2019-06-23,-0.5015,67.0005,-47.0291,1835.9600
2019-06-24,0.1803,67.0005,-47.0291,1837.5800
2019-06-25,-0.0810,67.0005,-47.0291,1838.7100
2019-06-26,0.7136,67.0005,-47.0291,1838.7800
2019-06-27,-3.1502,67.0005,-47.0291,1835.9800
2019-06-28,-4.4531,67.0005,-47.0291,1836.0700
2019-06-29,-3.7000,67.0005,-47.0291,1838.7200
2019-06-30,-3.2321,67.0005,-47.0291,1832.7300
2019-07-01,-5.5917,67.0005,-47.0291,1832.8600
2019-07-02,-6.0146,67.0005,-47.0292,1831.7500
2019-07-03,-4.2109,67.0005,-47.0292,1833.2500
2019-07-04,-4.2633,67.0005,-47.0292,1830.4700
2019-07-05,-1.8700,67.0005,-47.0292,1832.6500
2019-07-06,-0.0895,67.0005,-47.0292,1833.5200
2019-07-07,-0.4282,67.0005,-47.0292,1834.5400
2019-07-08,-1.1200,67.0005,-47.0292,1833.4800
2019-07-09,-1.1609,67.0005,-47.0292,1832.3600
2019-07-10,-0.0843,67.0005,-47.0292,1836.1900
2019-07-11,-0.1050,67.0005,-47.0292,1836.6500
2019-07-12,-2.2613,67.0005,-47.0292,1837.5800
2019-07-13,-2.8504,67.0005,-47.0292,1836.9500
2019-07-14,-2.7319,67.0005,-47.0292,1835.9000
2019-07-15,-2.1371,67.0005,-47.0292,1837.3500
2019-07-16,-1.7070,67.0005,-47.0292,1838.0400
2019-07-17,0.0303,67.0005,-47.0292,1837.6400
2019-07-18,0.5592,67.0005,-47.0292,1838.2300
2019-07-19,1.8567,67.0005,-47.0292,1839.5800
2019-07-20,1.3929,67.0005,-47.0292,1839.4000
2019-07-21,0.7269,67.0005,-47.0292,1839.0200
2019-07-22,-1.3556,67.0005,-47.0292,1839.3200
2019-07-23,-0.4377,67.0005,-47.0292,1837.8900
2019-07-24,0.0329,67.0005,-47.0292,1839.8500
2019-07-25,-2.1177,67.0005,-47.0292,1836.8600
2019-07-26,-2.9941,67.0005,-47.0292,1838.1900
2019-07-27,-1.1313,67.0005,-47.0292,1839.3900
2019-07-28,-2.7375,67.0005,-47.0292,1838.0900
2019-07-29,-1.2124,67.0005,-47.0292,1838.2600
2019-07-30,0.9856,67.0005,-47.0293,1840.1500
2019-07-31,2.3531,67.0005,-47.0292,1840.9500
2019-08-01,0.8112,67.0005,-47.0293,1838.3700
2019-08-02,-0.3255,67.0005,-47.0293,1839.3500
2019-08-03,-0.9425,67.0005,-47.0293,1839.2700
2019-08-04,-1.7221,67.0005,-47.0293,1839.0500
2019-08-05,-2.0726,67.0005,-47.0293,1838.6200
2019-08-06,-1.6223,67.0005,-47.0293,1838.7400
2019-08-07,-0.0214,67.0005,-47.0293,1838.7200
2019-08-08,-1.4679,67.0005,-47.0293,1838.7500
2019-08-09,-4.6483,67.0005,-47.0293,1838.2500
2019-08-10,-4.8281,67.0005,-47.0293,1838.3300
2019-08-11,-5.8266,67.0005,-47.0293,1838.9000
2019-08-12,-5.5501,67.0005,-47.0293,1838.9200
2019-08-13,-5.0830,67.0005,-47.0293,1838.1000
2019-08-14,-6.4398,67.0005,-47.0293,1837.3800
2019-08-15,-3.8940,67.0005,-47.0293,1838.5700
2019-08-16,-3.2430,67.0005,-47.0293,1838.7800
2019-08-17,-5.1804,67.0005,-47.0293,1835.9000
2019-08-18,-1.4907,67.0005,-47.0293,1838.8100
2019-08-19,-2.0026,67.0005,-47.0293,1838.1800
2019-08-20,-7.1484,67.0005,-47.0293,1838.1500
2019-08-21,-5.6384,67.0005,-47.0293,1838.2300
2019-08-22,-5.2369,67.0005,-47.0293,1837.9300
2019-08-23,-7.7546,67.0005,-47.0293,1838.1300
2019-08-24,-10.5095,67.0005,-47.0293,1835.5000
2019-08-25,-11.2821,67.0005,-47.0294,1836.6200
2019-08-26,-13.4088,67.0005,-47.0294,1838.9400
2019-08-27,-12.4163,67.0005,-47.0294,1832.6500
2019-08-28,-14.5017,67.0005,-47.0294,1834.9200
2019-08-29,-13.1209,67.0005,-47.0294,1832.6100
2019-08-30,-13.2070,67.0005,-47.0294,1836.3200
2019-08-31,-12.4375,67.0005,-47.0294,1829.1700
2019-09-01,-11.1291,67.0005,-47.0294,1832.1000
2019-09-02,-2.2182,67.0005,-47.0294,1828.3200
2019-09-03,-4.2000,67.0005,-47.0294,1829.1800
2019-09-04,-2.7468,67.0005,-47.0294,1826.7800
2019-09-05,-8.4910,67.0005,-47.0294,1829.6700
2019-09-06,-7.2335,67.0005,-47.0294,1826.2200
2019-09-07,-6.3885,67.0005,-47.0294,1832.0700
2019-09-08,-8.0225,67.0005,-47.0294,1825.5400
2019-09-09,-14.2564,67.0005,-47.0294,1823.7500
2019-09-10,-16.6177,67.0005,-47.0294,1826.1900
2019-09-11,-11.8857,67.0005,-47.0294,1829.3700
2019-09-12,-15.6306,67.0005,-47.0294,1827.8000
2019-09-13,-12.6467,67.0005,-47.0294,1831.8500
2019-09-14,-14.8305,67.0005,-47.0294,1828.6800
2019-09-15,-10.7901,67.0005,-47.0294,1827.1300
2019-09-16,-13.0870,67.0005,-47.0294,1828.6400
2019-09-17,-17.9637,67.0005,-47.0294,1826.6800
2019-09-18,-17.1464,67.0005,-47.0294,1826.5100
2019-09-19,-13.4612,67.0005,-47.0294,1833.4000
2019-09-20,-10.5262,67.0005,-47.0294,1827.6500
2019-09-21,-5.3039,67.0005,-47.0295,1827.7800
2019-09-22,-3.9997,67.0005,-47.0294,1829.3000
2019-09-23,-3.1547,67.0005,-47.0295,1831.6200
2019-09-24,-5.2972,67.0005,-47.0294,1829.7100
2019-09-25,-13.8589,67.0005,-47.0295,1827.5500
2019-09-26,-16.7319,67.0005,-47.0294,1825.5000
2019-09-27,-10.9245,67.0005,-47.0295,1826.8800
2019-09-28,-6.9880,67.0005,-47.0295,1828.9800
2019-09-29,-8.3718,67.0005,-47.0295,1832.8800
2019-09-30,-9.9519,67.0005,-47.0295,1826.8000
