date,habitat,rep,overall.cells.per.ml,total.biomass.um3.ml,total.biomass.pg.c.ml,total.biomass.ng.DW.ml
02.08.16,cryh20,2,62.5,104675.882,10282.4003,52.337941
02.08.16,discry,d,7593.75,17095178.75,1603999.695,8547.589374
02.08.16,h,d,17791.66667,48779435.53,4533870.773,24389.71777
02.08.16,h,2,12916.66667,23389731.73,2188419.175,11694.86587
02.08.16,h,3,10187.5,24677672.64,2307809.512,12338.83632
02.08.16,h,1,28166.66667,87365891.01,8077860.172,43682.94551
02.08.16,h20log,d,218.75,537694.9672,52046.03456,268.8474836
02.08.16,l,3,218.75,366365.587,35584.91552,183.1827935
02.08.16,l,2,31.25,52337.941,5173.372873,26.1689705
02.08.16,l,1,62.5,104675.882,10282.4003,52.337941
02.08.16,m,2,2281.25,4721625.03,448178.655,2360.812515
02.08.16,m,1,1968.75,5081891.238,482056.1587,2540.945619
02.08.16,m,3,6125,17349024.49,1627601.504,8674.512244
09.08.16,cryh20,1,0,0,0,0
09.08.16,cryh20,3,0,0,0,0
09.08.16,cryh20,2,62.5,104675.882,10282.4003,52.337941
09.08.16,h,2,11031.25,24986565.93,2336435.041,12493.28296
09.08.16,h,1,19812.5,42238580.41,3931012.527,21119.29021
09.08.16,h,3,6270.833333,13574900.68,1276346.315,6787.45034
09.08.16,l,1,125,209351.764,20436.91003,104.675882
09.08.16,l,2,31.25,52337.941,5173.372873,26.1689705
09.08.16,l,3,156.25,261689.705,25494.88491,130.8448525
09.08.16,m,2,9093.75,17682586.39,1658610.362,8841.293194
09.08.16,m,1,2906.25,6079080.212,575718.0304,3039.540106
09.08.16,m,3,2343.75,4375777.451,415635.1102,2187.888725
09.08.16,supra,1,0,0,0,0
10.08.16,clean,1,31.25,52337.941,5173.372873,26.1689705
10.08.16,clean,4,218.75,366365.587,35584.91552,183.1827935
10.08.16,dirty,1,8875,29336234.3,2739203.035,14668.11715
10.08.16,dirty,2,11187.5,30044227.75,2804708.263,15022.11387
10.08.16,dirty,3,5093.75,17298485.46,1622902.787,8649.242732
10.08.16,dirty,4,2187.5,5485220.167,519957.4622,2742.610083
10.08.16,dirty,5,19687.5,54237257.51,5036345.781,27118.62876
11.08.16,h,1,2437.5,5236112.442,496551.5952,2618.056221
11.08.16,h,3,6250,14773999.54,1388030.778,7386.999769
11.08.16,h,2,7468.75,17756928.01,1665520.649,8878.464005
11.08.16,l,1,156.25,261689.705,25494.88491,130.8448525
11.08.16,l,2,125,209351.764,20436.91003,104.675882
11.08.16,l,3,531.25,889744.997,85733.12666,444.8724985
11.08.16,m,2,2500,5204779.899,493606.9266,2602.38995
11.08.16,m,1,1250,3790833.928,360539.3272,1895.416964
11.08.16,m,3,6375,19402182.93,1818387.501,9701.091464
14.08.16,cryh20,1,0,0,0,0
14.08.16,cryh20,2,31.25,52337.941,5173.372873,26.1689705
14.08.16,h,3,6541.666667,12517729.11,1177807.504,6258.864553
14.08.16,h,1,18000,35035921.71,3266174.796,17517.96085
14.08.16,h,2,18250,41714022.39,3882630.208,20857.01119
14.08.16,l,3,0,0,0,0
14.08.16,l,1,312.5,523379.41,50672.6692,261.689705
14.08.16,l,2,0,0,0,0
14.08.16,m,1,5446.428571,12585060.09,1184085.584,6292.530044
14.08.16,m,3,8500,19257814.82,1804978.534,9628.907412
14.08.16,m,2,7825,18081224.03,1695661.95,9040.612017
14.08.16,supra,1,0,0,0,0
15.07.16,cryh20,1,0,0,0,0
15.07.16,cryh20,2,0,0,0,0
15.07.16,cryh20,3,15.625,26168.9705,2602.873464,13.08448525
15.07.16,cryh20,4,0,0,0,0
15.07.16,cryh20,5,0,0,0,0
15.07.16,discry,d,5812.5,11186598.18,1053625.455,5593.299091
15.07.16,h,1,3875,8560649.149,808240.5506,4280.324574
15.07.16,h,2,6093.75,13727245.75,1290540.552,6863.622874
15.07.16,h,3,5515.625,12922884.83,1215580.534,6461.442416
15.07.16,h,d,3203.125,6818881.166,645113.6063,3409.440583
15.07.16,h20log,d,46.875,127124.5889,12465.73796,63.56229445
15.07.16,l,1,203.125,527427.1119,51061.02004,263.7135559
15.07.16,l,d,0,0,0,0
15.07.16,l,2,218.75,287450.8044,27980.98215,143.7254022
15.07.16,l,3,0,0,0,0
15.07.16,m,1,1671.875,3185869.407,303476.7439,1592.934703
15.07.16,m,2,7041.666667,14679483.7,1379230.593,7339.741849
15.07.16,m,3,1906.25,3668154.918,348974.857,1834.077459
15.07.16,m,d,1359.375,2484638.633,237209.6554,1242.319317
15.07.16,supra,1,31.25,52337.941,5173.372873,26.1689705
17.07.16,h,3,8343.75,15432531.53,1449331.517,7716.265767
17.07.16,h,1,13906.25,23504565.69,2199066.48,11752.28284
17.07.16,h,1,13541.66667,27211088.48,2542492.609,13605.54424
17.07.16,h,2,16375,36369814.81,3389385.115,18184.9074
17.07.16,h,3,11343.75,22567724.81,2112189.53,11283.86241
17.07.16,h,1,17166.66667,29028875.4,2710761.053,14514.4377
17.07.16,h,2,10187.5,22544293.6,2110016.25,11272.1468
17.07.16,h,3,6395.833333,12087651.15,1137698.901,6043.825575
17.07.16,h,2,9000,17119918.54,1606300.064,8559.95927
17.07.16,h,1,10281.25,30131646.42,2812795.475,15065.82321
17.07.16,h,3,15833.33333,38296325.56,3567263.502,19148.16278
17.07.16,h,3,8312.5,15238527.82,1431274.794,7619.263912
17.07.16,h,1,11968.75,26939040.83,2517301.225,13469.52041
17.07.16,h,2,7562.5,15584345.94,1463460.082,7792.17297
17.07.16,h,2,7718.75,17369551.86,1629509.94,8684.77593
17.07.16,h,1,6392.857143,12245164.93,1152389.932,6122.582467
17.07.16,h,2,7083.333333,9824294.235,926397.0143,4912.147118
17.07.16,h,3,6479.166667,15951866.17,1497658.142,7975.933083
17.07.16,h,2,12937.5,27586182.72,2577222.308,13793.09136
17.07.16,h,1,10875,27607326.38,2579179.857,13803.66319
17.07.16,h,3,13041.66667,34558479.7,3222063.796,17279.23985
17.08.16,h,3,16437.5,51387953.48,4774084.134,25693.97674
17.08.16,h,1,12125,32159002.41,3000290.75,16079.5012
17.08.16,h,2,21312.5,57342641.67,5322037.065,28671.32083
18.07.16,cryh20,2,31.25,52337.941,5173.372873,26.1689705
18.07.16,discry,d,15250,37122453.81,3458887.552,18561.22691
18.07.16,h,d,5562.5,11825012.66,1113199.231,5912.506328
18.07.16,h,2,4562.5,11471560.41,1080220.443,5735.780205
18.07.16,h,1,4625,10699806.32,1008179.892,5349.90316
18.07.16,h,3,5875,12054840.07,1134638.453,6027.420034
18.07.16,h20log,d,687.5,1151434.702,110691.5983,575.717351
18.07.16,l,2,250,649141.0608,62727.0014,324.5705304
18.07.16,l,d,406.25,680393.233,65719.1055,340.1966165
18.07.16,l,1,156.25,261689.705,25494.88491,130.8448525
18.07.16,m,3,1718.75,4211155.172,400136.4652,2105.577586
18.07.16,m,2,1093.75,2163634.038,206820.531,1081.817019
18.07.16,m,1,4156.25,11965385.6,1126294.223,5982.692799
19.07.16,h,1,4937.5,11658396.24,1097654.243,5829.198122
19.07.16,h,2,2843.75,5277164.2,500409.4471,2638.5821
19.07.16,h,3,8093.75,17893587.38,1678222.887,8946.79369
19.07.16,l,3,1406.25,2355207.345,224961.0771,1177.603673
19.07.16,m,1,3968.75,7836795.872,740487.5923,3918.397936
19.07.16,m,2,343.75,659062.8268,63677.05557,329.5314134
19.07.16,m,3,1812.5,4656404.636,442043.241,2328.202318
20.07.16,13,3,3718.75,9572306.082,902846.5146,4786.153041
20.07.16,13,1,12406.25,42782715.97,3981194.855,21391.35798
20.07.16,13,2,4156.25,8173345.871,771995.5135,4086.672936
20.07.16,50,1,6250,19550263.34,1832140.336,9775.13167
20.07.16,50,2,3093.75,5476962.364,519181.7247,2738.481182
20.07.16,50,3,3156.25,7568234.736,715336.0961,3784.117368
20.07.16,biofilm,1,59500,131046752.5,12072464.15,65523.37623
20.07.16,biofilm,2,34500,86170242.49,7968298.544,43085.12124
20.07.16,dark,1,3281.25,9775555.581,921842.3887,4887.77779
20.07.16,dark,2,2625,4130998.561,392588.0231,2065.49928
20.07.16,dark,3,3218.75,7533183.277,712052.843,3766.591639
20.07.16,full,2,2968.75,7412683.014,700764.5891,3706.341507
20.07.16,full,1,3750,7223210.921,683011.8238,3611.605461
20.07.16,full,3,3093.75,7902021.359,746594.9592,3951.010679
20.07.16,h,3,4500,10557585.51,994899.0682,5278.792755
20.07.16,h,2,6218.75,13870542.57,1303890.456,6935.271284
20.07.16,h,1,7656.25,16384413.25,1537897.933,8192.206626
20.07.16,snow,1,1036000,1456520008,131302533.1,728260.0038
20.07.16,snow,2,344000,834306359.3,75589264.89,417153.1796
20.07.16,snow,3,291000,540284767.2,49142315.59,270142.3836
20.07.16,snow,4,108333.3333,227552597.5,20859051.63,113776.2988
20.07.16,snow,5,380000,620988397.7,56412095.53,310494.1989
20.07.16,uv,3,2187.5,5390661.037,511073.9489,2695.330519
20.07.16,uv,1,5500,12060992.7,1135212.344,6030.496348
20.07.16,uv,2,4781.25,10424877.28,982505.0937,5212.43864
21.07.16,discry,d,1562.5,6853594.77,648368.123,3426.797385
21.07.16,h,1,8218.75,25327787.57,2368052.779,12663.89379
21.07.16,h,d,9718.75,25963221.73,2426922.193,12981.61087
21.07.16,h,3,9500,23185988.69,2169527.138,11592.99434
21.07.16,h,2,7031.25,15844442.77,1487663.047,7922.221386
21.07.16,h,1,7968.75,21384802.08,2002445.874,10692.40104
21.07.16,l,2,218.75,366365.587,35584.91552,183.1827935
21.07.16,l,2,125,209351.764,20436.91003,104.675882
21.07.16,l,3,31.25,52337.941,5173.372873,26.1689705
21.07.16,l,d,31.25,52337.941,5173.372873,26.1689705
21.07.16,m,d,7281.25,15643207.63,1468937.694,7821.603815
21.07.16,m,3,3718.75,10678059.94,1006149.281,5339.029969
21.07.16,m,2,4062.5,10284642.23,969406.6256,5142.321113
21.07.16,m,1,2187.5,3329475.988,317030.4682,1664.737994
22.07.16,h,3,8375,21206379.29,1985888.332,10603.18965
22.07.16,h,2,10656.25,26089911.88,2438657.764,13044.95594
22.07.16,h,1,12437.5,26488902.18,2475613.726,13244.45109
22.07.16,h,1,9531.25,22933292.17,2146093.821,11466.64608
22.07.16,h,2,6281.25,14492448.93,1361814.646,7246.224465
22.07.16,h,3,11000,25147192.29,2351319.227,12573.59615
22.07.16,h,3,18687.5,61021036.01,5660264.925,30510.518
22.07.16,h,1,12875,41693888.12,3880773.027,20846.94406
22.07.16,h,2,16208.33333,49664710.09,4615406.65,24832.35504
23.07.16,h,1,15958.33333,39664565.96,3693546.575,19832.28298
23.07.16,h,3,14666.66667,27841886.11,2600895.257,13920.94306
23.07.16,h,2,8937.5,22615325.49,2116604.499,11307.66274
24.07.16,discry,d,5843.75,9285753.433,876058.87,4642.876716
24.07.16,h,2,2625,6936533.58,656143.3152,3468.26679
24.07.16,h,d,8250,19607559.69,1837461.431,9803.779844
24.07.16,h,1,10750,29064434.8,2714051.741,14532.2174
24.07.16,h,3,12166.66667,31092759.97,2901695.517,15546.37999
24.07.16,h20log,d,218.75,366365.587,35584.91552,183.1827935
24.07.16,l,3,187.5,314027.646,30543.70177,157.013823
24.07.16,m,1,1718.75,2916197.528,278009.7857,1458.098764
24.07.16,m,d,3453.125,7855104.158,742201.9286,3927.552079
24.07.16,m,3,1687.5,5842476.639,553508.2643,2921.238319
24.07.16,m,2,5593.75,23416024.73,2190857.08,11708.01236
26.07.16,h,1,10500,40319974.49,3754024.169,20159.98724
26.07.16,h,3,5968.75,11914713.91,1121567.366,5957.356956
26.07.16,h,2,7468.75,17900533.2,1678868.465,8950.266601
29.07.16,h,11,3531.25,13603163.63,1278979.728,6801.581817
29.07.16,h,10,3937.5,12203249.54,1148480.725,6101.624771
29.07.16,h,12,7406.25,15267118.67,1433935.991,7633.559334
29.07.16,h,18,5031.25,16098838.34,1511332.03,8049.419171
29.07.16,h,24,6562.5,22165270.44,2074858.457,11082.63522
29.07.16,h,9,3656.25,9683408.345,913230.6732,4841.704173
29.07.16,h,4,6906.25,18807671.66,1763163.217,9403.835829
29.07.16,h,3,6562.5,19137050.85,1793761.233,9568.525425
29.07.16,h,2,9187.5,28154569.84,2629840.772,14077.28492
29.07.16,h,15,1656.25,5319490.015,504386.7461,2659.745007
29.07.16,h,17,3718.75,12203277.63,1148483.344,6101.638815
29.07.16,h,8,5343.75,11946078.84,1124493.232,5973.039418
29.07.16,h,1,9875,34972024.04,3260271.588,17486.01202
29.07.16,h,7,4312.5,9934190.831,936666.1029,4967.095415
29.07.16,h,16,3312.5,9893575.717,932871.0167,4946.787858
29.07.16,h,21,2468.75,7473275.244,706440.968,3736.637622
29.07.16,h,5,9593.75,23856001.22,2231648.377,11928.00061
29.07.16,h,6,11062.5,27181747,2539775.723,13590.8735
29.07.16,h,20,5593.75,18985828.06,1779713.831,9492.914031
29.07.16,h,22,3375,10213440.23,962755.4843,5106.720116
29.07.16,h,23,4187.5,10115984.99,953651.2904,5057.992496
29.07.16,h,13,4687.5,12231411.11,1151107.205,6115.705555
29.07.16,h,14,6656.25,9619912.065,907296.1337,4809.956032
29.07.16,h,19,4718.75,12619772.28,1187322.103,6309.886141
30.07.16,cryh20,1,31.25,52337.941,5173.372873,26.1689705
30.07.16,discry,d,7156.25,14399034.78,1353115.529,7199.517389
30.07.16,h,1,7843.75,22022624.45,2061625.366,11011.31222
30.07.16,h,2,7562.5,15681444.59,1472495.89,7840.722295
30.07.16,h,d,9968.75,23441312.49,2193201.756,11720.65625
30.07.16,h,3,8093.75,20547490.92,1924732.883,10273.74546
30.07.16,h20log,d,218.75,470474.7171,45594.23792,235.2373586
30.07.16,l,d,31.25,52337.941,5173.372873,26.1689705
30.07.16,l,3,31.25,52337.941,5173.372873,26.1689705
30.07.16,m,3,2843.75,5306486.613,503164.8646,2653.243307
30.07.16,m,1,5093.75,9443387.101,890795.7582,4721.693551
30.07.16,m,2,3343.75,6589232.877,623579.5165,3294.616439
30.07.16,m,d,3515.625,9817743.266,925784.8383,4908.871633
