date,Sample/ctrl ID,conc_std_curve_2_ug.l,conc.std_2.mg.l,conc.std_2.g.l,algal.cells.per.ml,total.biomass.um3.ml,um3.per.cell,total.biomass.pg.c.ml,total.biomass.ng.DW.ml,ng.DW.per.cell,,mg.cell.conc2,ng.per.cell.conc2,ng.phenol.per.um3,ug.phenol.per.um3,,,scan_dilution,date,sample,f.vol,e.vol
14.08.16,14.08.16_hbio_p2_r2,537.4399799,0.53743998,0.00053744,18250,41714022.39,2285.699857,3882630.208,20857.01119,1.142849928,,2.94E-08,0.029448766,1.29E-05,1.29E-08,,,50,14.08.16,hbio_p2_r2,100,5
14.08.16,14.08.16_hbio_p2_r1,999.6947744,0.999694774,0.000999695,18000,35035921.71,1946.440095,3266174.796,17517.96085,0.973220047,,5.55E-08,0.055538599,2.85E-05,2.85E-08,,,50,14.08.16,hbio_p2_r1,100,5
14.08.16,14.08.16_cice_p2_r1,7.44094825,0.007440948,7.44E-06,312.5,523379.41,1674.814112,50672.6692,261.689705,0.837407056,,2.38E-08,0.023811034,1.42E-05,1.42E-08,,,50,14.08.16,cice_p2_r1,100,5
14.08.16,14.08.16_mbio_p2_r1,159.3380613,0.159338061,0.000159338,5446.428571,12585060.09,2310.699558,1184085.584,6292.530044,1.155349779,,2.93E-08,0.029255513,1.27E-05,1.27E-08,,,50,14.08.16,mbio_p2_r1,100,5
14.08.16,14.08.16_mbio_p2_r1,160.744516,0.160744516,0.000160745,5446.428571,12585060.09,2310.699558,1184085.584,6292.530044,1.155349779,,2.95E-08,0.029513747,1.28E-05,1.28E-08,,,50,14.08.16,mbio_p2_r1,100,5
09.08.16,090816_cice_p2_r3,20.56785925,0.020567859,2.06E-05,156.25,261689.705,1674.814112,25494.88491,130.8448525,0.837407056,,1.32E-07,0.131634299,7.86E-05,7.86E-08,,,50,09.08.16,cice_p2_r3,100,5
09.08.16,09.08.16_mbio_p2_r2,324.5964944,0.324596494,0.000324596,9093.75,17682586.39,1944.476854,1658610.362,8841.293194,0.972238427,,3.57E-08,0.03569446,1.84E-05,1.84E-08,,,50,09.08.16,mbio_p2_r2,100,5
09.08.16,090816_mbio_p2_r3,110.3465541,0.110346554,0.000110347,2343.75,4375777.451,1866.998379,415635.1102,2187.888725,0.933499189,,4.71E-08,0.047081196,2.52E-05,2.52E-08,,,50,09.08.16,mbio_p2_r3,100,5
09.08.16,09.08.16_cice_p2_r2,3.500869453,0.003500869,3.50E-06,31.25,52337.941,1674.814112,5173.372873,26.1689705,0.837407056,,1.12E-07,0.112027822,6.69E-05,6.69E-08,,,50,09.08.16,cice_p2_r2,100,5
09.08.16,090816_hbio_p2_r3,223.0973433,0.223097343,0.000223097,6270.833333,13574900.68,2164.768215,1276346.315,6787.45034,1.082384107,,3.56E-08,0.035576985,1.64E-05,1.64E-08,,,50,09.08.16,hbio_p2_r3,100,5
09.08.16,09.08.16_cice_p2_r1,19.1614045,0.019161405,1.92E-05,125,209351.764,1674.814112,20436.91003,104.675882,0.837407056,,1.53E-07,0.153291236,9.15E-05,9.15E-08,,,50,09.08.16,cice_p2_r1,100,5
09.08.16,090816_hbio_p2_r2,532.7517974,0.532751797,0.000532752,11031.25,24986565.93,2265.071132,2336435.041,12493.28296,1.132535566,,4.83E-08,0.04829478,2.13E-05,2.13E-08,,,50,09.08.16,hbio_p2_r2,100,5
09.08.16,090816_mbio_p2_r1,65.105593,0.065105593,6.51E-05,2906.25,6079080.212,2091.726525,575718.0304,3039.540106,1.045863262,,2.24E-08,0.022401924,1.07E-05,1.07E-08,,,50,09.08.16,mbio_p2_r1,100,5
09.08.16,090816_hbio_p2_r1,533.6894339,0.533689434,0.000533689,19812.5,42238580.41,2131.91573,3931012.527,21119.29021,1.065957865,,2.69E-08,0.026937006,1.26E-05,1.26E-08,,,50,09.08.16,hbio_p2_r1,100,5
20.07.16,200716_bod6_h_r3_dar,140.3107558,0.140310756,0.000140311,3218.75,7533183.277,2340.406455,712052.843,3766.591639,1.170203228,,4.36E-08,0.043591691,1.86E-05,1.86E-08,,,50,21.07.16,200716_bod_bottle6_hbio_r3_dark_end,44,5
20.07.16,200716_bod3_h_r3_ful,126.6745342,0.126674534,0.000126675,3093.75,7902021.359,2554.188722,746594.9592,3951.010679,1.277094361,,4.09E-08,0.040945304,1.60E-05,1.60E-08,,,50,21.07.16,200716_bod_bottle3_hbio_r3_full_end,43,5
20.07.16,200716_bod12_h_r3_uv,93.69682361,0.093696824,9.37E-05,2187.5,5390661.037,2464.302188,511073.9489,2695.330519,1.232151094,,4.28E-08,0.042832834,1.74E-05,1.74E-08,,,50,21.07.16,200716_bod_bottle12_hbio_r3_uv_end,45,5
20.07.16,200716_bod15_h_r3_13,164.9795592,0.164979559,0.00016498,3718.75,9572306.082,2574.065501,902846.5146,4786.153041,1.287032751,,4.44E-08,0.044364251,1.72E-05,1.72E-08,,,50,21.07.16,200716_bod_bottle15_hbio_r3_13_end,36,5
20.07.16,200716_bod9_h_r3_50,118.7730591,0.118773059,0.000118773,3156.25,7568234.736,2397.85655,715336.0961,3784.117368,1.198928275,,3.76E-08,0.037631068,1.57E-05,1.57E-08,,,50,21.07.16,200716_bod_bottle9_hbio_r3_50_end,41,5
17.07.16,170716_9pm_hbio_r3,637.5326763,0.637532676,0.000637533,11343.75,22567724.81,1989.441306,2112189.53,11283.86241,0.994720653,,5.62E-08,0.056201228,2.82E-05,2.82E-08,,,50,17.07.16,170716_9pm_hbio_r3,100,5
17.07.16,170716_9pm_h_r2,7.626470053,0.00762647,7.63E-06,7083.333333,9824294.235,1386.959186,926397.0143,4912.147118,0.693479593,,1.08E-09,0.001076678,7.76E-07,7.76E-10,,,50,17.07.16,170716_9pm_hbio_r2,100,5
17.07.16,170716_5pm_hbio_r2,333.9728594,0.333972859,0.000333973,7562.5,15584345.94,2060.739959,1463460.082,7792.17297,1.03036998,,4.42E-08,0.0441617,2.14E-05,2.14E-08,,,50,17.07.16,170716_5pm_hbio_r2,100,5
17.07.16,170716_5pm_hbio_r3,431.9558736,0.431955874,0.000431956,8312.5,15238527.82,1833.206354,1431274.794,7619.263912,0.916603177,,5.20E-08,0.051964616,2.83E-05,2.83E-08,,,50,17.07.16,170716_5pm_hbio_r3,100,5
17.07.16,170716_630am_hbio_r3,483.9946994,0.483994699,0.000483995,13041.66667,34558479.7,2649.851478,3222063.796,17279.23985,1.324925739,,3.71E-08,0.037111415,1.40E-05,1.40E-08,,,50,17.07.16,170716_6.30am_hbio_r3,100,5
17.07.16,170716_630am_hbio_r2,571.6637121,0.571663712,0.000571664,12937.5,27586182.72,2132.265331,2577222.308,13793.09136,1.066132666,,4.42E-08,0.044186567,2.07E-05,2.07E-08,,,50,17.07.16,170716_6.30am_hbio_r2,100,5
17.07.16,170716_330am_hbio_r2,462.663469,0.462663469,0.000462663,10187.5,22544293.6,2212.936795,2110016.25,11272.1468,1.106468398,,4.54E-08,0.045414819,2.05E-05,2.05E-08,,,50,17.07.16,170716_3.30am_hbio_r2,100,5
17.07.16,170716_12am_hbio_r3,171.0585175,0.171058518,0.000171059,8343.75,15432531.53,1849.591794,1449331.517,7716.265767,0.924795897,,2.05E-08,0.020501395,1.11E-05,1.11E-08,,,50,17.07.16,170716_12am_hbio_r3,100,5
19.07.16,190716_lbio_r3,117.2916952,0.117291695,0.000117292,1406.25,2355207.345,1674.814112,224961.0771,1177.603673,0.837407056,,8.34E-08,0.083407428,4.98E-05,4.98E-08,,,50,19.07.16,190716_lbio_r3,100,5
19.07.16,190716_lbio_r3,4.518205055,0.004518205,4.52E-06,1406.25,2355207.345,1674.814112,224961.0771,1177.603673,0.837407056,,3.21E-09,0.003212946,1.92E-06,1.92E-09,,,50,19.07.16,190716_lbio_r3,100,5
19.07.16,190716_mbio_r3,185.6219551,0.185621955,0.000185622,1812.5,4656404.636,2569.050834,442043.241,2328.202318,1.284525417,,1.02E-07,0.102412113,3.99E-05,3.99E-08,,,50,19.07.16,190716_mbio_r3,100,5
19.07.16,190716_hbio_r3,427.7365094,0.427736509,0.000427737,8093.75,17893587.38,2210.790719,1678222.887,8946.79369,1.105395359,,5.28E-08,0.052847754,2.39E-05,2.39E-08,,,50,19.07.16,190716_hbio_r3,100,5
24.07.16,240716_disc4_hbio_r3,501.5753838,0.501575384,0.000501575,12166.66667,31092759.97,2555.569312,2901695.517,15546.37999,1.277784656,,4.12E-08,0.041225374,1.61E-05,1.61E-08,,,50,24.07.16,240716_DISC4_hbio_r3,100,5
24.07.16,240716_disc4_mbio_r2,153.0090149,0.153009015,0.000153009,5593.75,23416024.73,4186.10498,2190857.08,11708.01236,2.093052489,,2.74E-08,0.027353567,6.53E-06,6.53E-09,,,50,24.07.16,240716_DISC4_mbio_r2,100,5
24.07.16,240716_disc4_mbio_r3,47.2904995,0.0472905,4.73E-05,1687.5,5842476.639,3462.208379,553508.2643,2921.238319,1.731104189,,2.80E-08,0.028024,8.09E-06,8.09E-09,,,50,24.07.16,240716_DISC4_mbio_r3,100,5
24.07.16,240716_disc4_lbio_r3,14.92128202,0.014921282,1.49E-05,187.5,314027.646,1674.814112,30543.70177,157.013823,0.837407056,,7.96E-08,0.079580171,4.75E-05,4.75E-08,,,10,24.07.16,240716_DISC4_lbio_r3,100,5
18.07.16,180716_disc2_hbio_r3,180.2004734,0.180200473,0.0001802,5875,12054840.07,2051.887671,1134638.453,6027.420034,1.025943836,,3.07E-08,0.030672421,1.49E-05,1.49E-08,,,50,18.07.16,180716_Disc2_Hbio_r3,100,5
18.07.16,180716_disc2_mbio_r3,43.30554438,0.043305544,4.33E-05,1718.75,4211155.172,2450.126646,400136.4652,2105.577586,1.225063323,,2.52E-08,0.025195953,1.03E-05,1.03E-08,,,50,18.07.16,180716_Disc2_Mbio_r3,100,5
02.08.16,020816_disc_lbio_r3,8.156234675,0.008156235,8.16E-06,218.75,366365.587,1674.814112,35584.91552,183.1827935,0.837407056,,3.73E-08,0.037285644,2.23E-05,2.23E-08,,,50,02.08.16,020816_disc_lbio_r3,100,5
02.08.16,020816_disc_lbio_r3,8.545353823,0.008545354,8.55E-06,218.75,366365.587,1674.814112,35584.91552,183.1827935,0.837407056,,3.91E-08,0.039064475,2.33E-05,2.33E-08,,,50,02.08.16,020816_disc_lbio_r3,100,5
21.07.16,210716_hbio_r3,578.6959859,0.578695986,0.000578696,9500,23185988.69,2440.630388,2169527.138,11592.99434,1.220315194,,6.09E-08,0.060915367,2.50E-05,2.50E-08,,,50,21.07.16,210716_hbio_r3,100,5
21.07.16,210716_mbio_r3,145.9767411,0.145976741,0.000145977,3718.75,10678059.94,2871.411076,1006149.281,5339.029969,1.435705538,,3.93E-08,0.03925425,1.37E-05,1.37E-08,,,50,21.07.16,210716_mbio_r3,100,5
21.07.16,210716_lbio_r3,5.437088825,0.005437089,5.44E-06,31.25,52337.941,1674.814112,5173.372873,26.1689705,0.837407056,,1.74E-07,0.173986842,0.000103884,1.04E-07,,,50,21.07.16,210716_lbio_r3,100,5
21.07.16,210716_nut_hbio_r1,280.627149,0.280627149,0.000280627,7968.75,21384802.08,2683.583006,2002445.874,10692.40104,1.341791503,,3.52E-08,0.035215956,1.31E-05,1.31E-08,,,50,21.07.16,210716_NUT_hbio_r1,115,5
17.07.16,170716_2pm_hbio_r3,525.4851145,0.525485115,0.000525485,15833.33333,38296325.56,2418.715299,3567263.502,19148.16278,1.20935765,,3.32E-08,0.033188534,1.37E-05,1.37E-08,,,50,17.07.16,170716_2pm_hbio_r3,100,5
17.07.16,170716_2pm_hbio_r2,652.3004511,0.652300451,0.0006523,16375,36369814.81,2221.057393,3389385.115,18184.9074,1.110528696,,3.98E-08,0.039835142,1.79E-05,1.79E-08,,,50,17.07.16,170716_2pm_hbio_r2,100,5
11.08.16,11.08.16_cice_p2_r1,25.89162907,0.025891629,2.59E-05,156.25,261689.705,1674.814112,25494.88491,130.8448525,0.837407056,,1.66E-07,0.165706426,9.89E-05,9.89E-08,,,10,11.08.16,cice_p2_r1,100,5
11.08.16,110816_mbio_p2_r1,30.4130425,0.030413043,3.04E-05,1250,3790833.928,3032.667142,360539.3272,1895.416964,1.516333571,,2.43E-08,0.024330434,8.02E-06,8.02E-09,,,10,11.08.16,mbio_p2_r1,100,5
11.08.16,110816_mbio_p2_r2,51.50986375,0.051509864,5.15E-05,2500,5204779.899,2081.91196,493606.9266,2602.38995,1.04095598,,2.06E-08,0.020603946,9.90E-06,9.90E-09,,,50,11.08.16,mbio_p2_r2,100,5
30.07.16,300716_hbio_r2,201.2972946,0.201297295,0.000201297,7562.5,15681444.59,2073.57945,1472495.89,7840.722295,1.036789725,,2.66E-08,0.026617824,1.28E-05,1.28E-08,,,50,30.07.16,300716_hbio_r2,100,5
30.07.16,300716_hbio_r3,549.3948453,0.549394845,0.000549395,8093.75,20547490.92,2538.686137,1924732.883,10273.74546,1.269343068,,6.79E-08,0.0678789,2.67E-05,2.67E-08,,,50,30.07.16,300716_hbio_r3,100,5
30.07.16,300716_mbio_r2,118.5508735,0.118550874,0.000118551,3343.75,6589232.877,1970.611702,623579.5165,3294.616439,0.985305851,,3.55E-08,0.035454467,1.80E-05,1.80E-08,,,50,30.07.16,300716_mbio_r2,100,5
30.07.16,300716_lbio_r3,4.972958758,0.004972959,4.97E-06,31.25,52337.941,1674.814112,5173.372873,26.1689705,0.837407056,,1.59E-07,0.15913468,9.50E-05,9.50E-08,,,10,30.07.16,300716_lbio_r3,100,5
15.07.16,waterpig_150716_icel,43.32697979,0.04332698,4.33E-05,5812.5,11186598.18,1924.576031,1053625.455,5593.299091,0.962288016,,7.45E-09,0.007454104,3.87E-06,3.87E-09,,,50,15.07.16,WATERPIG_150716_DISCRY,100,5
15.07.16,150716_1209_073_iceh,273.525377,0.273525377,0.000273525,3875,8560649.149,2209.19978,808240.5506,4280.324574,1.10459989,,7.06E-08,0.070587194,3.20E-05,3.20E-08,,,50,15.07.16,150716_1209_073_ICE_H,200,5
15.07.16,150716_1224_076_icel,20.43284199,0.020432842,2.04E-05,218.75,287450.8044,1314.06082,27980.98215,143.7254022,0.65703041,,9.34E-08,0.093407278,7.11E-05,7.11E-08,,,50,15.07.16,150716_1224_076_ICE_L,200,5
15.07.16,150716_1224_076_icel,19.79524917,0.019795249,1.98E-05,218.75,287450.8044,1314.06082,27980.98215,143.7254022,0.65703041,,9.05E-08,0.090492568,6.89E-05,6.89E-08,,,50,15.07.16,150716_1224_076_ICE_L,200,5
15.07.16,150716_1237_079_icel,13.37947142,0.013379471,1.34E-05,203.125,527427.1119,2596.564243,51061.02004,263.7135559,1.298282121,,6.59E-08,0.065868167,2.54E-05,2.54E-08,,,50,15.07.16,150716_1237_079_ICE_L,200,5
15.07.16,150716_1227_077_iceh,324.8609754,0.324860975,0.000324861,6093.75,13727245.75,2252.676226,1290540.552,6863.622874,1.126338113,,5.33E-08,0.053310519,2.37E-05,2.37E-08,,,50,15.07.16,150716_1227_077_ICE_H,200,5
17.08.16,170816_hbio_r1,528.298024,0.528298024,0.000528298,12125,32159002.41,2652.288859,3000290.75,16079.5012,1.326144429,,4.36E-08,0.043570971,1.64E-05,1.64E-08,,,50,17.08.16,hbio_r1,100,5
17.08.16,170816_hbio_r2,1062.282011,1.062282011,0.001062282,21312.5,57342641.67,2690.563832,5322037.065,28671.32083,1.345281916,,4.98E-08,0.049843144,1.85E-05,1.85E-08,,,50,17.08.16,hbio_r2,100,5
17.08.16,170816_hbio_r3,889.2880765,0.889288077,0.000889288,16437.5,51387953.48,3126.26333,4774084.134,25693.97674,1.563131665,,5.41E-08,0.054101176,1.73E-05,1.73E-08,,,50,17.08.16,hbio_r3,100,5
17.07.16,170716_10am_hbio_r2,276.5426238,0.276542624,0.000276543,7718.75,17369551.86,2250.306314,1629509.94,8684.77593,1.125153157,,3.58E-08,0.035827384,1.59E-05,1.59E-08,,,50,17.07.16,170716_10am_hbio_r2,100,5
17.07.16,170716_hbio_r2,316.6265841,0.316626584,0.000316627,7718.75,17369551.86,2250.306314,1629509.94,8684.77593,1.125153157,,4.10E-08,0.041020448,1.82E-05,1.82E-08,,,50,17.07.16,170716_10am_hbio_r2,100,5
17.07.16,170716_10am_hbio_r3,42.58282437,0.042582824,4.26E-05,6479.166667,15951866.17,2462.024361,1497658.142,7975.933083,1.23101218,,6.57E-09,0.006572269,2.67E-06,2.67E-09,,,50,17.07.16,170716_10am_hbio_r3,100,5
