sample,day,cells,sza,alb_bb,hcrf_bb,alb_flat,alb_B2,hcrf_B2,k_B2,alb_B3,hcrf_B3,k_B3,alb_B4,hcrf_B4,k_B4,alb_B8,hcrf_B8,k_B8,k_bb
13_7_SB1,13_7,2687.5,45.215,0.34376,0.2489,0.24435,0.45933,0.37152,0.80884,0.45641,0.35771,0.78374,0.45736,0.33418,0.73066,0.35198,0.2092,0.59436,0.72406
13_7_SB2,13_7,13375,45.215,0.20666,0.18421,0.12216,0.2826,0.26457,0.9362,0.27358,0.2615,0.95584,0.27027,0.26468,0.97933,0.19732,0.16735,0.84813,0.89141
13_7_SB3,13_7,937.5,45.215,0.43259,0.54924,0.27117,0.55746,0.72554,1.3015,0.54986,0.71274,1.2962,0.54152,0.69512,1.2836,0.4591,0.5729,1.2479,1.2697
13_7_SB4,13_7,4500,45.215,0.19856,0.13638,-0.31351,0.28058,0.18944,0.67517,0.27808,0.18365,0.66041,0.2906,0.18376,0.63234,0.27129,0.13503,0.49774,0.68684
13_7_SB5,13_7,0,45.215,0.51894,0.67368,0.27844,0.68454,0.90912,1.3281,0.67646,0.90161,1.3328,0.64543,0.8543,1.3236,0.53391,0.6925,1.297,1.2982
14_7_SB1,14_7,30312,45.365,0.22247,0.17532,0.16058,0.26215,0.2119,0.80832,0.2588,0.20674,0.79882,0.2756,0.21694,0.78716,0.28574,0.22605,0.7911,0.78805
14_7_SB2,14_7,3062.5,45.365,0.34192,0.33068,0.18158,0.43623,0.44756,1.026,0.43399,0.43967,1.0131,0.4376,0.42678,0.97528,0.38528,0.341,0.88507,0.96713
14_7_SB3,14_7,7937.5,45.365,0.28282,0.25664,-0.019331,0.38103,0.3733,0.97973,0.37327,0.3608,0.9666,0.36778,0.33363,0.90715,0.30708,0.22693,0.73899,0.90741
14_7_SB4,14_7,17938,45.365,0.20319,0.089696,0.148,0.2334,0.13343,0.57167,0.22868,0.11601,0.50731,0.24202,0.092089,0.38051,0.2639,0.079074,0.29964,0.44145
14_7_SB5,14_7,41000,45.365,0.26771,0.16315,0.13629,0.3044,0.15423,0.50666,0.30496,0.1556,0.51022,0.33683,0.19514,0.57936,0.37535,0.30195,0.80444,0.6094
14_7_SB6,14_7,0,45.365,0.5271,0.54707,0.3197,0.70027,0.75666,1.0805,0.69423,0.74956,1.0797,0.66497,0.7079,1.0645,0.5203,0.51332,0.98658,1.0379
14_7_SB7,14_7,12438,45.365,0.43897,0.29122,0.28952,0.52316,0.32445,0.62017,0.52544,0.33105,0.63004,0.54049,0.36928,0.68323,0.50942,0.40329,0.79166,0.66341
14_7_SB8,14_7,0,45.365,0.63634,0.65415,0.35428,0.78004,0.82559,1.0584,0.78025,0.82284,1.0546,0.77551,0.81078,1.0455,0.70388,0.71104,1.0102,1.028
14_7_SB9,14_7,21875,45.365,0.27355,0.2206,0.12963,0.35176,0.27073,0.76965,0.34638,0.26448,0.76356,0.35251,0.28219,0.80052,0.30264,0.27301,0.90211,0.80645
14_7_SB10,14_7,24875,45.365,0.24032,0.19115,0.13511,0.29818,0.22534,0.75571,0.29376,0.22087,0.75188,0.30716,0.24602,0.80096,0.2893,0.27115,0.93726,0.7954
15_7_SB1,15_7,1437.5,45.523,0.49364,0.51634,0.26139,0.61177,0.65185,1.0655,0.60581,0.64499,1.0647,0.59995,0.63394,1.0566,0.54574,0.55866,1.0237,1.046
15_7_SB2,15_7,7250,45.523,0.27326,0.29909,0.1158,0.36841,0.41885,1.1369,0.35493,0.40178,1.132,0.32902,0.3643,1.1072,0.26182,0.27078,1.0342,1.0945
15_7_SB3,15_7,30312,45.523,0.30043,0.12687,1.4107,0.27455,0.15634,0.56945,0.27247,0.1516,0.55639,0.29204,0.16012,0.54829,0.29422,0.15562,0.52892,0.42229
15_7_SB4,15_7,4250,45.523,0.34333,0.36738,0.17152,0.43309,0.49934,1.153,0.42684,0.48177,1.1287,0.427,0.45933,1.0757,0.37914,0.35774,0.94356,1.0701
15_7_SB5,15_7,937.5,45.523,0.51704,0.48629,0.26932,0.6392,0.63004,0.98567,0.63556,0.62015,0.97576,0.63355,0.60613,0.95673,0.5701,0.50736,0.88995,0.94052
17_7_SB1,17_7,0,45.856,0.74997,0.47011,0.47159,0.83833,0.58019,0.69207,0.8379,0.56183,0.67053,0.84014,0.53815,0.64055,0.82901,0.47407,0.57186,0.62684
17_7_SB2,17_7,0,45.856,0.77228,0.80086,0.51231,0.86688,0.91781,1.0588,0.86837,0.91746,1.0565,0.86862,0.91307,1.0512,0.85041,0.88209,1.0372,1.037
20_7_SB1,20_7,11375,46.404,0.3627,0.33281,0.14883,0.45166,0.40708,0.90132,0.44846,0.40437,0.9017,0.46525,0.43974,0.94517,0.42425,0.42394,0.99927,0.91759
20_7_SB2,20_7,7562.5,46.404,0.36887,0.31148,0.23007,0.46753,0.41606,0.88992,0.46098,0.4045,0.87747,0.45988,0.39634,0.86184,0.39691,0.32135,0.80962,0.8444
20_7_SB3,20_7,7625,46.404,0.35385,0.31371,0.21936,0.42578,0.39806,0.93489,0.42372,0.39726,0.93756,0.44313,0.40573,0.9156,0.41651,0.35527,0.85298,0.88658
21_7_SB1,21_7,92250,46.598,0.20013,0.12623,0.18701,0.21126,0.11283,0.53407,0.2117,0.11483,0.5424,0.23472,0.14399,0.61347,0.26615,0.21873,0.82183,0.63075
21_7_SB2,21_7,44861,46.598,0.29525,0.20609,0.1972,0.31547,0.21342,0.67652,0.31951,0.21773,0.68144,0.35912,0.2641,0.73541,0.39589,0.30864,0.77961,0.69803
21_7_SB3,21_7,750,46.598,0.49065,0.56954,0.3825,0.59168,0.70606,1.1933,0.58875,0.70553,1.1984,0.59,0.70346,1.1923,0.53749,0.6328,1.1773,1.1608
21_7_SB4,21_7,14312,46.598,0.36268,0.2763,0.28928,0.43031,0.3433,0.7978,0.42985,0.34043,0.79198,0.44584,0.35334,0.79253,0.41889,0.32161,0.76778,0.76182
21_7_SB5,21_7,1062.5,46.598,0.33755,0.24234,0.16042,0.42187,0.32105,0.76101,0.41934,0.31662,0.75503,0.42013,0.30378,0.72305,0.37122,0.2336,0.62927,0.71794
21_7_SB7,21_7,33229,46.598,0.26688,0.14433,0.18076,0.31295,0.1797,0.5742,0.31335,0.17731,0.56587,0.33927,0.19457,0.5735,0.32896,0.17749,0.53956,0.54078
21_7_SB8,21_7,1187.5,46.598,0.30389,0.22321,0.20488,0.38267,0.33422,0.8734,0.38032,0.32674,0.85913,0.38594,0.30434,0.78856,0.3197,0.16798,0.52543,0.73452
21_7_SB9,21_7,312.5,46.598,0.45979,0.55654,0.10009,0.55945,0.6851,1.2246,0.56002,0.68212,1.218,0.57905,0.6916,1.1944,0.55317,0.62907,1.1372,1.2104
21_7_SB10,21_7,17562,46.598,0.27294,0.19838,0.33573,0.31006,0.23069,0.74401,0.30843,0.22678,0.73527,0.32133,0.24,0.74688,0.33666,0.26289,0.78089,0.7268
22_7_SB1,22_7,2187.5,46.799,0.31708,0.21394,0.37531,0.36922,0.26428,0.71576,0.36757,0.2612,0.71062,0.3834,0.2766,0.72144,0.35314,0.24073,0.68168,0.67471
22_7_SB2,22_7,15312,46.799,0.35414,0.30312,0.1952,0.43164,0.38505,0.89207,0.4304,0.38615,0.8972,0.4446,0.40465,0.91015,0.40321,0.34255,0.84955,0.85591
22_7_SB3,22_7,6687.5,46.799,0.40556,0.32589,0.2521,0.49141,0.41757,0.84972,0.48724,0.40976,0.84099,0.49863,0.41328,0.82882,0.45458,0.34875,0.7672,0.80357
22_7_SB4,22_7,57083,46.799,0.2549,0.19228,0.15565,0.28382,0.217,0.76456,0.28576,0.2189,0.76602,0.31767,0.25272,0.79553,0.32656,0.26075,0.79846,0.75433
22_7_SB5,22_7,22812,46.799,0.25704,0.21854,0.17473,0.28891,0.24372,0.84358,0.2884,0.24226,0.84004,0.31302,0.27354,0.87387,0.32409,0.29631,0.91427,0.85024
23_7_SB1,23_7,250,47.006,0.50564,0.45592,0.34735,0.63708,0.60065,0.94281,0.63205,0.59298,0.93818,0.61873,0.57075,0.92247,0.53449,0.46745,0.87457,0.90168
23_7_SB2,23_7,937.5,47.006,0.48489,0.46311,0.31696,0.612,0.61183,0.99973,0.60855,0.60307,0.99098,0.59691,0.58015,0.97194,0.51236,0.47928,0.93544,0.9551
23_7_SB3,23_7,8562.5,47.006,0.2313,0.1462,0.1695,0.28321,0.20278,0.71602,0.28234,0.1983,0.70233,0.30127,0.20347,0.67538,0.25962,0.1335,0.5142,0.63208
23_7_SB4,23_7,21125,47.006,0.26664,0.23143,0.16322,0.32684,0.32122,0.98283,0.32538,0.31394,0.96484,0.3479,0.31488,0.9051,0.30982,0.22717,0.73322,0.86794
23_7_SB5,23_7,28562,47.006,0.25867,0.22302,0.058386,0.30719,0.25072,0.81617,0.31103,0.25702,0.82636,0.3447,0.30105,0.87336,0.33602,0.30753,0.91522,0.86219
24_7_SB1,24_7,1875,47.219,0.33979,0.30472,0.2071,0.44001,0.41559,0.9445,0.43368,0.40694,0.93835,0.43329,0.40055,0.92445,0.37,0.32065,0.86662,0.89677
24_7_SB2,24_7,13438,47.219,0.20381,0.19924,0.1443,0.26019,0.26677,1.0253,0.25643,0.26298,1.0255,0.27298,0.2777,1.0173,0.22021,0.20465,0.92933,0.97754
