wavelength_nm,no_algae_median,tierA_empirical_median,measured_mac_C_median,tddft_C_median,tddft_D_median,tddft_D_iid_median,no_algae_q25,tierA_empirical_q25,measured_mac_C_q25,tddft_C_q25,tddft_D_q25,tddft_D_iid_q25,no_algae_q75,tierA_empirical_q75,measured_mac_C_q75,tddft_C_q75,tddft_D_q75,tddft_D_iid_q75
300,0.32709,0.22443,0.26841,0.26828,0.26825,0.26834,0.19343,0.14216,0.1671,0.16704,0.16703,0.16706,0.44919,0.29968,0.31967,0.31964,0.31964,0.31965
305,0.32814,0.22623,0.26932,0.2692,0.26917,0.26925,0.19448,0.14383,0.16801,0.16795,0.16793,0.16797,0.45024,0.30104,0.32069,0.32067,0.32066,0.32068
310,0.32971,0.22759,0.27061,0.27049,0.27046,0.27054,0.19606,0.14505,0.16934,0.16928,0.16927,0.1693,0.45182,0.30258,0.32223,0.3222,0.3222,0.32221
315,0.33129,0.22896,0.2719,0.27178,0.27175,0.27183,0.19763,0.14626,0.17068,0.17061,0.1706,0.17064,0.45339,0.30412,0.32376,0.32374,0.32373,0.32375
320,0.3335,0.23013,0.27366,0.27354,0.2735,0.27359,0.19985,0.14725,0.17253,0.17247,0.17245,0.17249,0.45561,0.30602,0.3259,0.32588,0.32587,0.32589
325,0.33572,0.23136,0.27541,0.27529,0.27525,0.27534,0.20207,0.14823,0.17415,0.17398,0.17394,0.17405,0.45783,0.30792,0.32805,0.32802,0.32802,0.32803
330,0.33817,0.23309,0.27734,0.27721,0.27718,0.27726,0.20452,0.14929,0.17541,0.17524,0.1752,0.17531,0.46028,0.31,0.33041,0.33039,0.33038,0.3304
335,0.34061,0.23482,0.27926,0.27914,0.2791,0.27919,0.20697,0.15035,0.17668,0.1765,0.17646,0.17656,0.46273,0.31208,0.33267,0.33252,0.33248,0.33258
340,0.34285,0.23652,0.28103,0.2809,0.28087,0.28095,0.20921,0.1512,0.17784,0.17767,0.17762,0.17773,0.46497,0.31405,0.33435,0.3342,0.33416,0.33426
345,0.34508,0.23822,0.2828,0.28267,0.28264,0.28272,0.21145,0.15204,0.17901,0.17883,0.17878,0.17889,0.46721,0.31602,0.33604,0.33588,0.33584,0.33594
350,0.34684,0.23983,0.28421,0.28408,0.28404,0.28413,0.21321,0.15323,0.17995,0.17976,0.17971,0.17983,0.46897,0.31772,0.33742,0.33732,0.33729,0.33736
355,0.34795,0.24043,0.28419,0.284,0.28395,0.28408,0.21515,0.15446,0.18056,0.18035,0.1803,0.18043,0.47027,0.31779,0.33756,0.33745,0.33743,0.3375
360,0.34897,0.24161,0.28449,0.28429,0.28424,0.2844,0.21675,0.15572,0.18143,0.18121,0.18117,0.18132,0.4712,0.31848,0.33805,0.33794,0.33792,0.338
365,0.3501,0.24287,0.28487,0.28465,0.28461,0.28478,0.21814,0.15711,0.1822,0.18197,0.18192,0.18211,0.47255,0.3191,0.33854,0.33842,0.3384,0.33849
370,0.35112,0.24406,0.28504,0.28481,0.28477,0.28497,0.21971,0.15893,0.18283,0.18258,0.18254,0.18275,0.47325,0.31985,0.33919,0.33906,0.33904,0.33915
375,0.35218,0.24512,0.28519,0.28494,0.28491,0.28513,0.22081,0.16058,0.18381,0.18354,0.1835,0.18375,0.47405,0.32016,0.33975,0.33961,0.33959,0.33972
380,0.35314,0.24628,0.28532,0.28506,0.28503,0.28528,0.22211,0.16219,0.18446,0.18417,0.18413,0.18441,0.47459,0.32017,0.34025,0.3401,0.34008,0.34022
385,0.35375,0.24727,0.28547,0.28518,0.28515,0.28544,0.22278,0.16355,0.18521,0.18489,0.18486,0.18518,0.4751,0.32,0.34072,0.34056,0.34054,0.3407
390,0.35467,0.24843,0.28563,0.28533,0.2853,0.28561,0.2241,0.16513,0.18598,0.18563,0.1856,0.18595,0.47564,0.32047,0.3413,0.34113,0.34111,0.34129
395,0.35553,0.24981,0.28606,0.28573,0.2857,0.28604,0.22496,0.16621,0.1868,0.18643,0.1864,0.18679,0.47636,0.32123,0.34199,0.3418,0.34179,0.34198
400,0.35638,0.25095,0.28625,0.2859,0.28587,0.28626,0.2263,0.16694,0.18759,0.18719,0.18716,0.18759,0.47681,0.32174,0.34247,0.34227,0.34226,0.34247
405,0.35735,0.25217,0.28655,0.28617,0.28615,0.28657,0.22744,0.16771,0.18837,0.18793,0.1879,0.18839,0.47732,0.32234,0.34294,0.34273,0.34271,0.34295
410,0.35769,0.25274,0.28648,0.28608,0.28605,0.28654,0.22824,0.16779,0.18883,0.18837,0.18834,0.1889,0.47761,0.3225,0.34316,0.34294,0.34292,0.34319
415,0.35799,0.25338,0.28637,0.28596,0.28593,0.28647,0.22897,0.16836,0.18931,0.18882,0.18879,0.18943,0.47784,0.32291,0.34336,0.34313,0.34311,0.34342
420,0.35788,0.2537,0.28603,0.28562,0.28559,0.28623,0.22926,0.16885,0.18954,0.18905,0.18903,0.18978,0.4778,0.32297,0.34321,0.34297,0.34296,0.34331
425,0.35786,0.25409,0.28575,0.28533,0.2853,0.28603,0.22954,0.16962,0.18979,0.1893,0.18927,0.19014,0.4778,0.32314,0.3431,0.34286,0.34285,0.34326
430,0.35693,0.25402,0.28496,0.28456,0.28454,0.28539,0.22887,0.17019,0.18966,0.18918,0.18916,0.19018,0.47696,0.32261,0.34228,0.34206,0.34204,0.34252
435,0.3561,0.25409,0.28419,0.28381,0.28379,0.28477,0.22851,0.17078,0.18951,0.18906,0.18903,0.19021,0.4762,0.32227,0.3416,0.34138,0.34137,0.34192
440,0.35496,0.25407,0.28322,0.28289,0.28287,0.28399,0.22754,0.17147,0.18908,0.18869,0.18866,0.19002,0.47498,0.32166,0.34067,0.34048,0.34047,0.34109
445,0.35396,0.25407,0.28228,0.282,0.28197,0.28324,0.22665,0.17219,0.18862,0.1883,0.18827,0.1898,0.47367,0.3211,0.33966,0.3395,0.33949,0.34019
450,0.35304,0.25428,0.28137,0.2812,0.28116,0.28256,0.22594,0.17305,0.18814,0.18793,0.1879,0.1896,0.47256,0.32152,0.33882,0.33872,0.3387,0.33948
455,0.35199,0.25439,0.28039,0.28031,0.28027,0.2818,0.22499,0.17376,0.1876,0.18751,0.18746,0.18934,0.47131,0.32184,0.33793,0.33789,0.33786,0.33872
460,0.35103,0.2546,0.27949,0.2796,0.27953,0.28112,0.2241,0.17434,0.18714,0.18728,0.18719,0.18915,0.47019,0.3221,0.33705,0.33711,0.33707,0.33796
465,0.35007,0.25498,0.27855,0.27885,0.27874,0.2804,0.22328,0.17491,0.18664,0.18701,0.18688,0.18892,0.46908,0.32228,0.33617,0.33634,0.33628,0.3372
470,0.34853,0.25491,0.27728,0.27786,0.27768,0.27928,0.22195,0.1744,0.1859,0.18661,0.1864,0.18836,0.46746,0.32199,0.33493,0.33525,0.33515,0.33604
475,0.34716,0.25499,0.27617,0.27703,0.27679,0.27832,0.2207,0.17369,0.18526,0.18631,0.18603,0.18792,0.46592,0.32179,0.33373,0.33421,0.33407,0.33493
480,0.34469,0.25427,0.27436,0.27568,0.27529,0.2766,0.21836,0.17194,0.18399,0.1856,0.18515,0.18676,0.46332,0.32065,0.33171,0.33245,0.33223,0.33296
485,0.34231,0.2537,0.2727,0.27448,0.27394,0.27502,0.21608,0.17055,0.18275,0.1849,0.18429,0.18562,0.46075,0.3197,0.3298,0.33079,0.33049,0.33109
490,0.33948,0.25304,0.27075,0.27359,0.27246,0.27311,0.21363,0.16833,0.18136,0.18481,0.18349,0.1843,0.45788,0.31792,0.32758,0.32934,0.32853,0.32891
495,0.33681,0.25257,0.26899,0.2729,0.27118,0.2714,0.21127,0.16653,0.18012,0.18486,0.18284,0.18311,0.45502,0.31635,0.32555,0.32857,0.32702,0.32722
500,0.33406,0.25203,0.26721,0.27305,0.27008,0.26965,0.20878,0.1647,0.1788,0.18673,0.1824,0.18186,0.45206,0.31498,0.32348,0.32847,0.32584,0.32546
505,0.3314,0.25165,0.26558,0.27229,0.26888,0.26806,0.20652,0.1628,0.17756,0.18866,0.18203,0.18067,0.44924,0.31379,0.32159,0.32634,0.32481,0.32384
510,0.32879,0.25132,0.26407,0.27323,0.26734,0.26614,0.20406,0.16106,0.17635,0.19069,0.18192,0.17952,0.44638,0.31267,0.32003,0.32472,0.32332,0.32232
515,0.32635,0.25106,0.26257,0.2743,0.26594,0.26421,0.20162,0.15957,0.17526,0.18853,0.18195,0.1785,0.44357,0.31163,0.31853,0.32668,0.32119,0.32082
520,0.32398,0.25062,0.26069,0.27637,0.26465,0.26236,0.19951,0.15948,0.17435,0.18676,0.18225,0.17765,0.44108,0.31065,0.31731,0.33309,0.31917,0.31868
525,0.32188,0.25037,0.25918,0.27686,0.26373,0.26087,0.19753,0.16044,0.17368,0.18481,0.1828,0.17704,0.43861,0.30979,0.3161,0.3394,0.31746,0.3168
530,0.31902,0.24937,0.2571,0.2824,0.26216,0.25879,0.19484,0.16059,0.1725,0.18212,0.18134,0.17583,0.43551,0.30823,0.31385,0.347,0.31547,0.31421
535,0.31617,0.24836,0.25508,0.28696,0.26065,0.25676,0.19204,0.16081,0.17126,0.17928,0.17832,0.17457,0.43243,0.30678,0.31129,0.35039,0.31357,0.31177
540,0.31235,0.24646,0.25236,0.28616,0.25832,0.254,0.18834,0.15967,0.16951,0.17543,0.17428,0.17277,0.42836,0.30438,0.30797,0.34946,0.31107,0.30874
545,0.30858,0.24457,0.24961,0.29096,0.25596,0.25122,0.18465,0.15841,0.1678,0.17172,0.17039,0.17008,0.42434,0.30202,0.30499,0.34899,0.30875,0.30574
550,0.30429,0.24183,0.24651,0.29458,0.25309,0.24806,0.18043,0.15682,0.16519,0.16879,0.16589,0.1657,0.41978,0.29924,0.30159,0.34919,0.30589,0.30231
555,0.29997,0.2389,0.24335,0.29226,0.25017,0.24484,0.17627,0.15516,0.16116,0.1679,0.16143,0.16122,0.41521,0.29607,0.29817,0.35106,0.30311,0.29886
560,0.29554,0.23576,0.24004,0.28889,0.24695,0.24146,0.17205,0.15331,0.15656,0.16488,0.15682,0.15661,0.41056,0.29269,0.2947,0.35458,0.30056,0.29556
565,0.29111,0.23261,0.23673,0.28558,0.24373,0.23807,0.16794,0.15089,0.1521,0.16198,0.15237,0.15215,0.40584,0.28923,0.29124,0.35751,0.29787,0.29233
570,0.28623,0.22912,0.23297,0.28153,0.23995,0.23422,0.16362,0.14667,0.14709,0.1585,0.14735,0.14714,0.40075,0.28543,0.28774,0.35766,0.29486,0.28875
575,0.28117,0.22547,0.22904,0.27739,0.23535,0.2302,0.15911,0.14194,0.14208,0.15483,0.14234,0.14212,0.39535,0.28149,0.28404,0.35795,0.2916,0.28497
580,0.277,0.22274,0.22575,0.27395,0.23158,0.22681,0.15495,0.13749,0.13761,0.1512,0.13787,0.13765,0.39083,0.27867,0.28113,0.35777,0.28886,0.28198
585,0.27286,0.22005,0.2225,0.27051,0.22793,0.22346,0.15083,0.13301,0.13311,0.1476,0.13337,0.13314,0.38623,0.27624,0.27824,0.35906,0.28607,0.27901
590,0.26918,0.21778,0.21931,0.26714,0.22426,0.22015,0.1477,0.12898,0.12904,0.14479,0.12929,0.12907,0.38206,0.27461,0.27586,0.3579,0.28376,0.27654
595,0.26558,0.21543,0.21604,0.26377,0.22054,0.21676,0.1439,0.12458,0.12461,0.14131,0.12486,0.12463,0.3776,0.2726,0.2731,0.35649,0.28092,0.27368
600,0.2612,0.21283,0.21216,0.25948,0.21599,0.21276,0.13925,0.11942,0.11939,0.13679,0.11965,0.11942,0.37228,0.27024,0.26971,0.35184,0.27753,0.27019
605,0.25624,0.20873,0.20734,0.25462,0.21052,0.20781,0.13455,0.11445,0.11438,0.13223,0.11463,0.1144,0.36656,0.2674,0.26584,0.34667,0.27359,0.26623
610,0.25061,0.20383,0.20214,0.24903,0.20499,0.20249,0.12893,0.10744,0.10731,0.12668,0.10755,0.10732,0.36016,0.26459,0.26101,0.34025,0.26893,0.26128
615,0.2453,0.19905,0.1971,0.24376,0.19956,0.19718,0.12343,0.10053,0.10034,0.12124,0.10057,0.10034,0.35388,0.26208,0.25622,0.3339,0.26412,0.25638
620,0.23888,0.19285,0.19032,0.23735,0.19273,0.19035,0.11723,0.093353,0.093106,0.11505,0.093341,0.093109,0.34654,0.2592,0.25068,0.32582,0.25866,0.25074
625,0.2319,0.18605,0.18293,0.23039,0.1853,0.1829,0.11102,0.08712,0.086816,0.10886,0.087047,0.086814,0.33871,0.25626,0.24517,0.31783,0.25313,0.24512
630,0.22348,0.17953,0.17422,0.22204,0.17654,0.17413,0.10365,0.080173,0.07982,0.10158,0.080046,0.079811,0.32962,0.25208,0.23846,0.3095,0.24665,0.23828
635,0.21596,0.1743,0.16675,0.21458,0.16903,0.1666,0.095601,0.071254,0.070852,0.093629,0.071074,0.070837,0.32082,0.24773,0.23175,0.30177,0.23998,0.23144
640,0.20936,0.1695,0.16004,0.20795,0.16226,0.15983,0.08876,0.063331,0.062886,0.086735,0.063103,0.062866,0.31308,0.24364,0.22593,0.29382,0.23401,0.22548
645,0.20259,0.16606,0.1532,0.20113,0.15537,0.15293,0.082403,0.056187,0.0557,0.079829,0.05591,0.055673,0.3053,0.23725,0.22023,0.28727,0.22822,0.21965
650,0.19629,0.16462,0.14674,0.19448,0.14879,0.14641,0.076554,0.049655,0.049137,0.072041,0.049337,0.049105,0.29793,0.2306,0.21487,0.27917,0.22242,0.21417
655,0.19009,0.16292,0.14043,0.18792,0.14237,0.14004,0.070432,0.043027,0.042478,0.064136,0.042667,0.04244,0.29132,0.2243,0.20948,0.27101,0.21659,0.20866
660,0.18461,0.15925,0.13488,0.18204,0.13672,0.13443,0.065068,0.037124,0.036552,0.056832,0.03673,0.036509,0.28554,0.21873,0.20461,0.26367,0.21117,0.20368
665,0.17925,0.15513,0.12962,0.17628,0.13155,0.12913,0.059829,0.032197,0.030968,0.049768,0.031137,0.03092,0.27976,0.21354,0.19994,0.25506,0.20608,0.1989
670,0.17386,0.15159,0.12444,0.17085,0.12671,0.12386,0.054626,0.027959,0.025412,0.04396,0.025573,0.025356,0.27411,0.20852,0.19545,0.24884,0.20147,0.19423
675,0.16846,0.14794,0.11924,0.1654,0.12222,0.11857,0.049062,0.023777,0.019792,0.038208,0.019947,0.019728,0.26833,0.2034,0.19094,0.24238,0.19688,0.18953
680,0.16206,0.14517,0.11294,0.15932,0.11799,0.11219,0.042465,0.018901,0.013193,0.032747,0.013346,0.013121,0.26156,0.19735,0.18566,0.23733,0.19169,0.18402
685,0.15488,0.14039,0.10529,0.15246,0.11134,0.10446,0.035131,0.01329,0.0058884,0.02655,0.0060398,0.0058084,0.25388,0.19133,0.17953,0.23103,0.18503,0.1765
690,0.146,0.13214,0.096005,0.14419,0.103,0.094883,0.026001,0.0061773,-0.0035718,0.01959,-0.0034213,-0.0036628,0.24332,0.18394,0.17047,0.22567,0.17584,0.16689
695,0.13795,0.12475,0.089287,0.13676,0.096324,0.086855,0.017241,-0.00056512,-0.012836,0.013,-0.012687,-0.012938,0.23323,0.17788,0.1624,0.22151,0.16823,0.15827
700,0.13055,0.1182,0.084073,0.12988,0.090889,0.079905,0.0092662,-0.0064672,-0.021539,0.0069043,-0.020458,-0.021656,0.22354,0.176,0.15598,0.21694,0.16153,0.15093
705,0.12366,0.11206,0.079824,0.12353,0.08642,0.073814,0.0016123,-0.012049,-0.028466,0.0011293,-0.027054,-0.028727,0.21428,0.17771,0.14985,0.21281,0.155,0.14422
710,0.11768,0.10673,0.076313,0.11767,0.082247,0.069441,-0.00506,-0.017037,-0.033505,-0.005099,-0.032888,-0.0338,0.20577,0.17783,0.14414,0.20558,0.14925,0.13853
715,0.11223,0.10205,0.073479,0.11235,0.07875,0.065744,-0.011194,-0.021486,-0.037655,-0.010789,-0.037443,-0.037983,0.19746,0.17383,0.139,0.19855,0.14386,0.13416
720,0.10802,0.09854,0.067695,0.10808,0.076005,0.062886,-0.016094,-0.025224,-0.040703,-0.015878,-0.040423,-0.040961,0.19021,0.17006,0.13243,0.19079,0.13898,0.12927
725,0.10402,0.095296,0.06197,0.10403,0.073319,0.059181,-0.021153,-0.029122,-0.044129,-0.021127,-0.043781,-0.044318,0.18296,0.1663,0.12598,0.18303,0.13421,0.124
730,0.10124,0.093674,0.065227,0.10124,0.069579,0.057739,-0.025964,-0.033004,-0.047048,-0.025948,-0.046901,-0.047436,0.17613,0.16252,0.12653,0.17617,0.1302,0.11945
735,0.098406,0.09189,0.068388,0.098408,0.065675,0.056107,-0.030766,-0.036878,-0.050295,-0.030761,-0.050349,-0.050882,0.17045,0.15861,0.12622,0.17046,0.12512,0.11501
740,0.092819,0.086849,0.06682,0.092822,0.06064,0.051112,-0.037262,-0.042599,-0.054931,-0.037242,-0.055314,-0.055844,0.16423,0.15277,0.1257,0.16427,0.11845,0.10916
745,0.087263,0.081342,0.069716,0.087268,0.055949,0.046009,-0.04337,-0.047933,-0.059209,-0.043336,-0.05992,-0.060446,0.15762,0.14777,0.1253,0.1577,0.11195,0.10339
750,0.079221,0.074566,0.067961,0.079322,0.050486,0.039645,-0.050499,-0.054384,-0.062347,-0.050458,-0.065679,-0.066196,0.14972,0.14104,0.12561,0.14981,0.10461,0.096592
755,0.071737,0.068543,0.064375,0.071854,0.045706,0.033986,-0.056857,-0.060066,-0.064514,-0.056809,-0.070455,-0.070999,0.1413,0.13419,0.12698,0.14141,0.09781,0.089521
760,0.064862,0.06329,0.062863,0.064982,0.041158,0.028495,-0.059902,-0.062545,-0.064175,-0.059853,-0.071447,-0.074262,0.13429,0.1294,0.12746,0.13441,0.094337,0.08509
765,0.059742,0.059244,0.059522,0.059754,0.037261,0.024274,-0.067309,-0.069388,-0.068199,-0.067259,-0.07719,-0.079175,0.12579,0.1223,0.12382,0.12591,0.087783,0.079006
770,0.055069,0.054668,0.05524,0.055082,0.030818,0.017796,-0.074403,-0.076077,-0.073718,-0.074352,-0.08371,-0.085383,0.1181,0.11569,0.11958,0.11821,0.080547,0.071705
775,0.050824,0.04964,0.051187,0.050832,0.024657,0.012557,-0.079706,-0.080976,-0.077446,-0.079654,-0.087839,-0.090356,0.11212,0.11049,0.11668,0.11221,0.074412,0.065332
780,0.046078,0.044489,0.046263,0.046086,0.024608,0.013064,-0.084034,-0.085006,-0.08288,-0.083981,-0.090865,-0.092014,0.10726,0.10611,0.10921,0.10732,0.072741,0.063618
785,0.040535,0.039029,0.040645,0.040659,0.020271,0.014999,-0.08885,-0.089524,-0.088801,-0.088795,-0.094516,-0.094954,0.10195,0.10116,0.10201,0.10202,0.070397,0.061738
790,0.035859,0.034855,0.035976,0.035986,0.020454,0.016186,-0.092215,-0.092665,-0.092163,-0.092159,-0.096743,-0.097113,0.098169,0.09764,0.09823,0.098235,0.071366,0.064045
795,0.030201,0.0297,0.030324,0.030331,0.022368,0.015518,-0.096841,-0.097065,-0.096786,-0.096783,-0.10038,-0.10068,0.093139,0.092876,0.093204,0.093208,0.071107,0.065123
800,0.02603,0.025878,0.026158,0.026162,0.019809,0.019086,-0.1,-0.10007,-0.099947,-0.099945,-0.10269,-0.10292,0.089636,0.089556,0.089703,0.089706,0.076646,0.07035
805,0.021046,0.021243,0.021178,0.02118,0.016307,0.015827,-0.10432,-0.10423,-0.10426,-0.10426,-0.1062,-0.10635,0.084477,0.084677,0.084611,0.084613,0.073961,0.072859
810,0.01839,0.018784,0.018525,0.018526,0.014664,0.014391,-0.10645,-0.10628,-0.10639,-0.10639,-0.10764,-0.10772,0.081932,0.082331,0.082069,0.08207,0.075879,0.074183
815,0.016048,0.016637,0.016186,0.016185,0.014918,0.01455,-0.10808,-0.10781,-0.10802,-0.10802,-0.10859,-0.10861,0.080071,0.080667,0.08021,0.08021,0.078866,0.07845
820,0.013474,0.01411,0.013612,0.013611,0.014479,0.014669,-0.11094,-0.11066,-0.11088,-0.11088,-0.11046,-0.11036,0.077923,0.078568,0.078063,0.078063,0.078991,0.07921
825,0.012339,0.013023,0.012478,0.012477,0.015479,0.016228,-0.11233,-0.11229,-0.11232,-0.11232,-0.11107,-0.11067,0.078127,0.078487,0.078201,0.0782,0.0799,0.080456
830,0.011578,0.012207,0.011719,0.011719,0.01322,0.013594,-0.11359,-0.11356,-0.11358,-0.11358,-0.11344,-0.11323,0.077528,0.077902,0.077602,0.077602,0.078822,0.079178
835,0.011631,0.011713,0.011652,0.011652,0.011652,0.011652,-0.1149,-0.11487,-0.11489,-0.11489,-0.11489,-0.11489,0.077152,0.077629,0.07727,0.07727,0.07727,0.07727
840,0.0090676,0.0091508,0.0090883,0.0090883,0.0090883,0.0090883,-0.11797,-0.11794,-0.11796,-0.11796,-0.11796,-0.11796,0.074318,0.074803,0.074439,0.074439,0.074439,0.074439
845,0.0072044,0.0072777,0.0072227,0.0072227,0.0072227,0.0072227,-0.11949,-0.11946,-0.11948,-0.11948,-0.11948,-0.11948,0.072968,0.07346,0.073091,0.073091,0.073091,0.073091
850,0.003205,0.00328,0.0032238,0.0032238,0.0032238,0.0032238,-0.12237,-0.12234,-0.12236,-0.12236,-0.12236,-0.12236,0.069799,0.070302,0.069925,0.069925,0.069925,0.069925
855,0.00011858,0.00019522,0.00013784,0.00013784,0.00013784,0.00013784,-0.12381,-0.12379,-0.12381,-0.12381,-0.12381,-0.12381,0.067575,0.068089,0.067704,0.067704,0.067704,0.067704
860,-0.004798,-0.0047194,-0.0047782,-0.0047782,-0.0047782,-0.0047782,-0.12713,-0.1271,-0.12712,-0.12712,-0.12712,-0.12712,0.06353,0.064058,0.063663,0.063663,0.063663,0.063663
865,-0.0092507,-0.00917,-0.0092303,-0.0092303,-0.0092303,-0.0092303,-0.12965,-0.12962,-0.12964,-0.12964,-0.12964,-0.12964,0.059968,0.060509,0.060105,0.060105,0.060105,0.060105
870,-0.013062,-0.012979,-0.013041,-0.013041,-0.013041,-0.013041,-0.13123,-0.1312,-0.13122,-0.13122,-0.13122,-0.13122,0.057129,0.057683,0.05727,0.05727,0.05727,0.05727
875,-0.016826,-0.016742,-0.016805,-0.016805,-0.016805,-0.016805,-0.13079,-0.13078,-0.13079,-0.13079,-0.13079,-0.13079,0.05434,0.054906,0.054484,0.054484,0.054484,0.054484
880,-0.018759,-0.018673,-0.018737,-0.018737,-0.018737,-0.018737,-0.12889,-0.12884,-0.12888,-0.12888,-0.12888,-0.12888,0.053181,0.053756,0.053328,0.053328,0.053328,0.053328
885,-0.020632,-0.020565,-0.020615,-0.020615,-0.020615,-0.020615,-0.12828,-0.12823,-0.12827,-0.12827,-0.12827,-0.12827,0.050646,0.051455,0.050854,0.050854,0.050854,0.050854
890,-0.020853,-0.020785,-0.020835,-0.020835,-0.020835,-0.020835,-0.12671,-0.12666,-0.1267,-0.1267,-0.1267,-0.1267,0.049217,0.050033,0.049426,0.049426,0.049426,0.049426
895,-0.02216,-0.021426,-0.021971,-0.021971,-0.021971,-0.021971,-0.12583,-0.12577,-0.12582,-0.12582,-0.12582,-0.12582,0.047341,0.048166,0.047553,0.047553,0.047553,0.047553
900,-0.021414,-0.020677,-0.021224,-0.021224,-0.021224,-0.021224,-0.12422,-0.12416,-0.12421,-0.12421,-0.12421,-0.12421,0.046763,0.047592,0.046977,0.046977,0.046977,0.046977
905,-0.0227,-0.021959,-0.022509,-0.022509,-0.022509,-0.022509,-0.12513,-0.12508,-0.12512,-0.12512,-0.12512,-0.12512,0.045336,0.046168,0.04555,0.04555,0.04555,0.04555
910,-0.02288,-0.022137,-0.022689,-0.022689,-0.022689,-0.022689,-0.12503,-0.12497,-0.12502,-0.12502,-0.12502,-0.12502,0.04427,0.045105,0.044485,0.044485,0.044485,0.044485
915,-0.023672,-0.022926,-0.02348,-0.02348,-0.02348,-0.02348,-0.12554,-0.12548,-0.12552,-0.12552,-0.12552,-0.12552,0.043255,0.044092,0.04347,0.04347,0.04347,0.04347
920,-0.024575,-0.023828,-0.024384,-0.024384,-0.024384,-0.024384,-0.12663,-0.12657,-0.12661,-0.12661,-0.12661,-0.12661,0.04246,0.043299,0.042675,0.042675,0.042675,0.042675
925,-0.024195,-0.023445,-0.024003,-0.024003,-0.024003,-0.024003,-0.12622,-0.12617,-0.12621,-0.12621,-0.12621,-0.12621,0.042926,0.043768,0.043141,0.043141,0.043141,0.043141
930,-0.022676,-0.021923,-0.022485,-0.022485,-0.022485,-0.022485,-0.12498,-0.12492,-0.12497,-0.12497,-0.12497,-0.12497,0.043727,0.044572,0.043942,0.043942,0.043942,0.043942
935,-0.020066,-0.019311,-0.019876,-0.019876,-0.019876,-0.019876,-0.12219,-0.12213,-0.12217,-0.12217,-0.12217,-0.12217,0.045445,0.046293,0.045659,0.045659,0.045659,0.045659
940,-0.020314,-0.019958,-0.020224,-0.020224,-0.020224,-0.020224,-0.12219,-0.12213,-0.12217,-0.12217,-0.12217,-0.12217,0.046513,0.046918,0.046596,0.046596,0.046596,0.046596
945,-0.019153,-0.018796,-0.019064,-0.019064,-0.019064,-0.019064,-0.11962,-0.11956,-0.1196,-0.1196,-0.1196,-0.1196,0.048753,0.051408,0.049421,0.049421,0.049421,0.049421
950,-0.017363,-0.017236,-0.017331,-0.017331,-0.017331,-0.017331,-0.11724,-0.11718,-0.11723,-0.11723,-0.11723,-0.11723,0.047786,0.04996,0.048183,0.048183,0.048183,0.048183
955,-0.015956,-0.015844,-0.015929,-0.015929,-0.015929,-0.015929,-0.11299,-0.11293,-0.11298,-0.11298,-0.11298,-0.11298,0.048762,0.049047,0.048826,0.048826,0.048826,0.048826
960,-0.016752,-0.01664,-0.016724,-0.016724,-0.016724,-0.016724,-0.11151,-0.11145,-0.11149,-0.11149,-0.11149,-0.11149,0.046486,0.046756,0.046552,0.046552,0.046552,0.046552
965,-0.018636,-0.018524,-0.018609,-0.018609,-0.018609,-0.018609,-0.11021,-0.11015,-0.1102,-0.1102,-0.1102,-0.1102,0.043735,0.044478,0.043944,0.043944,0.043944,0.043944
970,-0.021324,-0.021212,-0.021297,-0.021297,-0.021297,-0.021297,-0.10822,-0.10816,-0.10821,-0.10821,-0.10821,-0.10821,0.039817,0.040798,0.040024,0.040024,0.040024,0.040024
975,-0.022788,-0.022677,-0.022761,-0.022761,-0.022761,-0.022761,-0.10531,-0.10514,-0.10527,-0.10527,-0.10527,-0.10527,0.036746,0.037937,0.03695,0.03695,0.03695,0.03695
980,-0.024045,-0.023935,-0.024019,-0.024019,-0.024019,-0.024019,-0.10347,-0.1033,-0.10343,-0.10343,-0.10343,-0.10343,0.033278,0.034301,0.033523,0.033523,0.033523,0.033523
985,-0.025825,-0.025715,-0.025799,-0.025799,-0.025799,-0.025799,-0.10228,-0.10211,-0.10224,-0.10224,-0.10224,-0.10224,0.03059,0.031604,0.030832,0.030832,0.030832,0.030832
990,-0.026662,-0.026436,-0.026609,-0.026609,-0.026609,-0.026609,-0.10085,-0.10068,-0.10081,-0.10081,-0.10081,-0.10081,0.027892,0.02889,0.028128,0.028128,0.028128,0.028128
995,-0.027765,-0.027542,-0.027713,-0.027713,-0.027713,-0.027713,-0.099938,-0.099782,-0.099909,-0.099909,-0.099909,-0.099909,0.024686,0.025641,0.02491,0.02491,0.02491,0.02491
1000,-0.031189,-0.03097,-0.031138,-0.031138,-0.031138,-0.031138,-0.091699,-0.091584,-0.091673,-0.091673,-0.091673,-0.091673,0.020774,0.021738,0.020998,0.020998,0.020998,0.020998
1005,-0.032901,-0.032686,-0.032851,-0.032851,-0.032851,-0.032851,-0.091205,-0.091091,-0.091179,-0.091179,-0.091179,-0.091179,0.017809,0.018728,0.01802,0.01802,0.01802,0.01802
1010,-0.034068,-0.033857,-0.034021,-0.034021,-0.034021,-0.034021,-0.090525,-0.090413,-0.0905,-0.0905,-0.0905,-0.0905,0.015632,0.016535,0.015837,0.015837,0.015837,0.015837
1015,-0.036292,-0.036085,-0.036245,-0.036245,-0.036245,-0.036245,-0.091426,-0.091317,-0.091402,-0.091402,-0.091402,-0.091402,0.012486,0.013373,0.012685,0.012685,0.012685,0.012685
1020,-0.037439,-0.037234,-0.037394,-0.037394,-0.037394,-0.037394,-0.091626,-0.091518,-0.091602,-0.091602,-0.091602,-0.091602,0.010796,0.011603,0.010945,0.010945,0.010945,0.010945
1025,-0.039846,-0.039644,-0.039802,-0.039802,-0.039802,-0.039802,-0.093641,-0.093534,-0.093618,-0.093618,-0.093618,-0.093618,0.0082821,0.0089454,0.0084274,0.0084274,0.0084274,0.0084274
1030,-0.040683,-0.040482,-0.04064,-0.04064,-0.04064,-0.04064,-0.09467,-0.094563,-0.094647,-0.094647,-0.094647,-0.094647,0.0073861,0.0080486,0.0075297,0.0075297,0.0075297,0.0075297
1035,-0.042777,-0.042575,-0.042734,-0.042734,-0.042734,-0.042734,-0.097361,-0.097254,-0.097338,-0.097338,-0.097338,-0.097338,0.0052798,0.0059414,0.0054217,0.0054217,0.0054217,0.0054217
1040,-0.04369,-0.043487,-0.043647,-0.043647,-0.043647,-0.043647,-0.099453,-0.099345,-0.09943,-0.09943,-0.09943,-0.09943,0.0044171,0.0050843,0.0045589,0.0045589,0.0045589,0.0045589
1045,-0.045619,-0.045414,-0.045576,-0.045576,-0.045576,-0.045576,-0.10289,-0.10278,-0.10286,-0.10286,-0.10286,-0.10286,0.0026199,0.0034985,0.0028049,0.0028049,0.0028049,0.0028049
1050,-0.047075,-0.046868,-0.047032,-0.047032,-0.047032,-0.047032,-0.10628,-0.10617,-0.10626,-0.10626,-0.10626,-0.10626,0.0016998,0.0025896,0.0018857,0.0018857,0.0018857,0.0018857
1055,-0.049051,-0.048841,-0.049008,-0.049008,-0.049008,-0.049008,-0.11034,-0.11023,-0.11032,-0.11032,-0.11032,-0.11032,0.00050913,0.0014359,0.00070097,0.00070097,0.00070097,0.00070097
1060,-0.050989,-0.050776,-0.050945,-0.050945,-0.050945,-0.050945,-0.11442,-0.11441,-0.11441,-0.11441,-0.11441,-0.11441,-0.00016489,0.00094044,2.7808e-05,2.7808e-05,2.7808e-05,2.7808e-05
1065,-0.052442,-0.05234,-0.052422,-0.052422,-0.052422,-0.052422,-0.11863,-0.11863,-0.11863,-0.11863,-0.11863,-0.11863,-0.000621,0.00083583,-0.00032291,-0.00032291,-0.00032291,-0.00032291
1070,-0.053539,-0.053436,-0.053518,-0.053518,-0.053518,-0.053518,-0.12261,-0.12261,-0.12261,-0.12261,-0.12261,-0.12261,-0.00093731,0.00053301,-0.00063903,-0.00063903,-0.00063903,-0.00063903
1075,-0.053853,-0.053749,-0.053832,-0.053832,-0.053832,-0.053832,-0.12458,-0.12442,-0.12455,-0.12455,-0.12455,-0.12455,-0.00064511,0.00090024,-0.00034664,-0.00034664,-0.00034664,-0.00034664
1080,-0.054264,-0.054159,-0.054243,-0.054243,-0.054243,-0.054243,-0.12593,-0.12577,-0.1259,-0.1259,-0.1259,-0.1259,-0.00059454,0.00096525,-0.00029748,-0.00029748,-0.00029748,-0.00029748
1085,-0.053612,-0.053507,-0.053592,-0.053592,-0.053592,-0.053592,-0.12577,-0.12561,-0.12574,-0.12574,-0.12574,-0.12574,0.00031635,0.0018155,0.00061201,0.00061201,0.00061201,0.00061201
1090,-0.052875,-0.052769,-0.052854,-0.052854,-0.052854,-0.052854,-0.12519,-0.12503,-0.12516,-0.12516,-0.12516,-0.12516,0.0011583,0.0026606,0.0014515,0.0014515,0.0014515,0.0014515
1095,-0.05134,-0.051234,-0.05132,-0.05132,-0.05132,-0.05132,-0.12345,-0.12329,-0.12342,-0.12342,-0.12342,-0.12342,0.0026276,0.0041332,0.0029184,0.0029184,0.0029184,0.0029184
1100,-0.050251,-0.050145,-0.050231,-0.050231,-0.050231,-0.050231,-0.12108,-0.12108,-0.12108,-0.12108,-0.12108,-0.12108,0.0036122,0.00511,0.003892,0.003892,0.003892,0.003892
1105,-0.04874,-0.048635,-0.048721,-0.048721,-0.048721,-0.048721,-0.11787,-0.11787,-0.11787,-0.11787,-0.11787,-0.11787,0.004932,0.0064059,0.0051848,0.0051848,0.0051848,0.0051848
1110,-0.048326,-0.04822,-0.048306,-0.048306,-0.048306,-0.048306,-0.11531,-0.11531,-0.11531,-0.11531,-0.11531,-0.11531,0.0053822,0.0066463,0.0055641,0.0055641,0.0055641,0.0055641
1115,-0.047366,-0.04723,-0.047347,-0.047347,-0.047347,-0.047347,-0.11213,-0.11201,-0.1121,-0.1121,-0.1121,-0.1121,0.0065769,0.0075513,0.0067559,0.0067559,0.0067559,0.0067559
1120,-0.045623,-0.045403,-0.045583,-0.045583,-0.045583,-0.045583,-0.10842,-0.10831,-0.1084,-0.1084,-0.1084,-0.1084,0.0080508,0.0090199,0.0082267,0.0082267,0.0082267,0.0082267
1125,-0.042696,-0.042477,-0.042657,-0.042657,-0.042657,-0.042657,-0.10327,-0.10316,-0.10325,-0.10325,-0.10325,-0.10325,0.010615,0.011579,0.010788,0.010788,0.010788,0.010788
1130,-0.039202,-0.038952,-0.039158,-0.039158,-0.039158,-0.039158,-0.097298,-0.097183,-0.097278,-0.097278,-0.097278,-0.097278,0.014299,0.015229,0.014464,0.014464,0.014464,0.014464
1135,-0.033348,-0.033153,-0.033314,-0.033314,-0.033314,-0.033314,-0.090326,-0.090212,-0.090306,-0.090306,-0.090306,-0.090306,0.01894,0.019712,0.019062,0.019062,0.019062,0.019062
1140,-0.027191,-0.026999,-0.027158,-0.027158,-0.027158,-0.027158,-0.084236,-0.084001,-0.084175,-0.084175,-0.084175,-0.084175,0.023514,0.024022,0.02356,0.02356,0.02356,0.02356
1145,-0.022085,-0.021718,-0.022023,-0.022023,-0.022023,-0.022023,-0.080346,-0.079195,-0.08015,-0.08015,-0.08015,-0.08015,0.028951,0.029215,0.028996,0.028996,0.028996,0.028996
1150,-0.020663,-0.019459,-0.020461,-0.020461,-0.020461,-0.020461,-0.078312,-0.07719,-0.078124,-0.078124,-0.078124,-0.078124,0.032073,0.032331,0.032116,0.032116,0.032116,0.032116
1155,-0.02014,-0.018967,-0.019947,-0.019947,-0.019947,-0.019947,-0.075592,-0.074499,-0.075412,-0.075412,-0.075412,-0.075412,0.034584,0.034835,0.034625,0.034625,0.034625,0.034625
1160,-0.020904,-0.019775,-0.020722,-0.020722,-0.020722,-0.020722,-0.073529,-0.072477,-0.07336,-0.07336,-0.07336,-0.07336,0.033839,0.034418,0.033931,0.033931,0.033931,0.033931
1165,-0.021662,-0.020576,-0.021491,-0.021491,-0.021491,-0.021491,-0.070956,-0.069944,-0.070797,-0.070797,-0.070797,-0.070797,0.032115,0.032671,0.032201,0.032201,0.032201,0.032201
1170,-0.022241,-0.021799,-0.022182,-0.022182,-0.022182,-0.022182,-0.068266,-0.067302,-0.068118,-0.068118,-0.068118,-0.068118,0.029678,0.030208,0.029758,0.029758,0.029758,0.029758
1175,-0.022213,-0.02184,-0.022158,-0.022158,-0.022158,-0.022158,-0.065076,-0.06416,-0.06494,-0.06494,-0.06494,-0.06494,0.027465,0.027969,0.027539,0.027539,0.027539,0.027539
1180,-0.021143,-0.020789,-0.021092,-0.021092,-0.021092,-0.021092,-0.060619,-0.05975,-0.060493,-0.060493,-0.060493,-0.060493,0.026341,0.026819,0.026409,0.026409,0.026409,0.026409
1185,-0.020616,-0.020281,-0.020569,-0.020569,-0.020569,-0.020569,-0.056942,-0.05612,-0.056827,-0.056827,-0.056827,-0.056827,0.025747,0.026175,0.025818,0.025818,0.025818,0.025818
1190,-0.019913,-0.019597,-0.01987,-0.01987,-0.01987,-0.01987,-0.053429,-0.052652,-0.053323,-0.053323,-0.053323,-0.053323,0.024102,0.024661,0.024177,0.024177,0.024177,0.024177
1195,-0.020114,-0.019817,-0.020075,-0.020075,-0.020075,-0.020075,-0.051178,-0.050447,-0.051082,-0.051082,-0.051082,-0.051082,0.022308,0.022832,0.022377,0.022377,0.022377,0.022377
1200,-0.019292,-0.019222,-0.019283,-0.019283,-0.019283,-0.019283,-0.049389,-0.048702,-0.049302,-0.049302,-0.049302,-0.049302,0.020484,0.020961,0.020544,0.020544,0.020544,0.020544
1205,-0.01928,-0.019215,-0.019272,-0.019272,-0.019272,-0.019272,-0.048522,-0.047878,-0.048442,-0.048442,-0.048442,-0.048442,0.018221,0.018668,0.018275,0.018275,0.018275,0.018275
1210,-0.01917,-0.019109,-0.019163,-0.019163,-0.019163,-0.019163,-0.047618,-0.047012,-0.047546,-0.047546,-0.047546,-0.047546,0.016317,0.016737,0.016367,0.016367,0.016367,0.016367
1215,-0.019806,-0.019749,-0.019799,-0.019799,-0.019799,-0.019799,-0.047493,-0.046949,-0.047428,-0.047428,-0.047428,-0.047428,0.014006,0.014399,0.014051,0.014051,0.014051,0.014051
1220,-0.020028,-0.019974,-0.020022,-0.020022,-0.020022,-0.020022,-0.047155,-0.04667,-0.047101,-0.047101,-0.047101,-0.047101,0.012363,0.012735,0.012404,0.012404,0.012404,0.012404
1225,-0.021018,-0.020959,-0.021012,-0.021012,-0.021012,-0.021012,-0.047467,-0.047009,-0.047418,-0.047418,-0.047418,-0.047418,0.010364,0.010715,0.010401,0.010401,0.010401,0.010401
1230,-0.02137,-0.021313,-0.021364,-0.021364,-0.021364,-0.021364,-0.046995,-0.046554,-0.046948,-0.046948,-0.046948,-0.046948,0.0094812,0.009819,0.0095161,0.0095161,0.0095161,0.0095161
1235,-0.02205,-0.021995,-0.022045,-0.022045,-0.022045,-0.022045,-0.047027,-0.046603,-0.046984,-0.046984,-0.046984,-0.046984,0.0083165,0.0086414,0.0083491,0.0083491,0.0083491,0.0083491
1240,-0.022176,-0.022123,-0.022171,-0.022171,-0.022171,-0.022171,-0.046599,-0.046184,-0.046557,-0.046557,-0.046557,-0.046557,0.0078941,0.008212,0.0079254,0.0079254,0.0079254,0.0079254
1245,-0.022583,-0.022531,-0.022578,-0.022578,-0.022578,-0.022578,-0.046606,-0.046201,-0.046567,-0.046567,-0.046567,-0.046567,0.0072728,0.0075836,0.0073026,0.0073026,0.0073026,0.0073026
1250,-0.022882,-0.022831,-0.022877,-0.022877,-0.022877,-0.022877,-0.04662,-0.046219,-0.046581,-0.046581,-0.046581,-0.046581,0.006886,0.0071926,0.0069149,0.0069149,0.0069149,0.0069149
1255,-0.023389,-0.023338,-0.023384,-0.023384,-0.023384,-0.023384,-0.04699,-0.046595,-0.046953,-0.046953,-0.046953,-0.046953,0.0063302,0.0066326,0.0063581,0.0063581,0.0063581,0.0063581
1260,-0.023803,-0.023753,-0.023799,-0.023799,-0.023799,-0.023799,-0.047371,-0.046978,-0.047335,-0.047335,-0.047335,-0.047335,0.0059767,0.0062777,0.0060039,0.0060039,0.0060039,0.0060039
1265,-0.024356,-0.024306,-0.024351,-0.024351,-0.024351,-0.024351,-0.048047,-0.047655,-0.048011,-0.048011,-0.048011,-0.048011,0.0055258,0.0058253,0.0055523,0.0055523,0.0055523,0.0055523
1270,-0.024802,-0.024752,-0.024798,-0.024798,-0.024798,-0.024798,-0.048706,-0.048314,-0.048671,-0.048671,-0.048671,-0.048671,0.0052447,0.0055449,0.005271,0.005271,0.005271,0.005271
1275,-0.025321,-0.025271,-0.025317,-0.025317,-0.025317,-0.025317,-0.049497,-0.049104,-0.049462,-0.049462,-0.049462,-0.049462,0.0048996,0.0052004,0.0049255,0.0049255,0.0049255,0.0049255
1280,-0.025604,-0.025554,-0.0256,-0.0256,-0.0256,-0.0256,-0.050118,-0.049722,-0.050083,-0.050083,-0.050083,-0.050083,0.0047655,0.0050682,0.0047913,0.0047913,0.0047913,0.0047913
1285,-0.025789,-0.025738,-0.025785,-0.025785,-0.025785,-0.025785,-0.050587,-0.050189,-0.050553,-0.050553,-0.050553,-0.050553,0.0047144,0.0050188,0.00474,0.00474,0.00474,0.00474
1290,-0.025703,-0.025651,-0.025699,-0.025699,-0.025699,-0.025699,-0.050723,-0.050322,-0.050689,-0.050689,-0.050689,-0.050689,0.0049492,0.0052558,0.0049746,0.0049746,0.0049746,0.0049746
1295,-0.02544,-0.025388,-0.025436,-0.025436,-0.025436,-0.025436,-0.050616,-0.050213,-0.050583,-0.050583,-0.050583,-0.050583,0.0053276,0.0056363,0.0053529,0.0053529,0.0053529,0.0053529
1300,-0.025034,-0.024982,-0.02503,-0.02503,-0.02503,-0.02503,-0.050329,-0.049923,-0.050295,-0.050295,-0.050295,-0.050295,0.0059129,0.0062234,0.0059381,0.0059381,0.0059381,0.0059381
1305,-0.024425,-0.024373,-0.024421,-0.024421,-0.024421,-0.024421,-0.04978,-0.049373,-0.049747,-0.049747,-0.049747,-0.049747,0.0066894,0.0070017,0.0067144,0.0067144,0.0067144,0.0067144
1310,-0.02372,-0.023667,-0.023716,-0.023716,-0.023716,-0.023716,-0.049349,-0.048896,-0.049313,-0.049313,-0.049313,-0.049313,0.0075352,0.0078487,0.00756,0.00756,0.00756,0.00756
1315,-0.022854,-0.022802,-0.02285,-0.02285,-0.02285,-0.02285,-0.048677,-0.048222,-0.04864,-0.04864,-0.04864,-0.04864,0.0085882,0.0089029,0.0086128,0.0086128,0.0086128,0.0086128
1320,-0.021903,-0.02185,-0.021899,-0.021899,-0.021899,-0.021899,-0.04805,-0.047594,-0.048014,-0.048014,-0.048014,-0.048014,0.0096235,0.0099388,0.0096479,0.0096479,0.0096479,0.0096479
1325,-0.021133,-0.020872,-0.021087,-0.021087,-0.021087,-0.021087,-0.047219,-0.046763,-0.047184,-0.047184,-0.047184,-0.047184,0.010758,0.011074,0.010783,0.010783,0.010783,0.010783
1330,-0.020536,-0.019997,-0.020491,-0.020491,-0.020491,-0.020491,-0.046333,-0.046172,-0.046329,-0.046329,-0.046329,-0.046329,0.011719,0.012034,0.011742,0.011742,0.011742,0.011742
1335,-0.019994,-0.019422,-0.019949,-0.019949,-0.019949,-0.019949,-0.044647,-0.044595,-0.044643,-0.044643,-0.044643,-0.044643,0.012587,0.012901,0.01261,0.01261,0.01261,0.01261
1340,-0.019589,-0.019019,-0.019545,-0.019545,-0.019545,-0.019545,-0.043252,-0.0432,-0.043248,-0.043248,-0.043248,-0.043248,0.013328,0.013642,0.013351,0.013351,0.013351,0.013351
1345,-0.019139,-0.018571,-0.019095,-0.019095,-0.019095,-0.019095,-0.041975,-0.041924,-0.041972,-0.041972,-0.041972,-0.041972,0.013909,0.014221,0.013932,0.013932,0.013932,0.013932
1350,-0.018825,-0.018262,-0.018782,-0.018782,-0.018782,-0.018782,-0.040848,-0.040805,-0.040844,-0.040844,-0.040844,-0.040844,0.01427,0.014579,0.014292,0.014292,0.014292,0.014292
1355,-0.018378,-0.01782,-0.018337,-0.018337,-0.018337,-0.018337,-0.039868,-0.039853,-0.039867,-0.039867,-0.039867,-0.039867,0.014752,0.015059,0.014774,0.014774,0.014774,0.014774
1360,-0.017834,-0.017283,-0.017794,-0.017794,-0.017794,-0.017794,-0.039127,-0.039112,-0.039126,-0.039126,-0.039126,-0.039126,0.014701,0.015003,0.014722,0.014722,0.014722,0.014722
1365,-0.016337,-0.015794,-0.016298,-0.016298,-0.016298,-0.016298,-0.036972,-0.036957,-0.036971,-0.036971,-0.036971,-0.036971,0.015213,0.015523,0.015234,0.015234,0.015234,0.015234
1370,-0.01273,-0.012723,-0.012729,-0.012729,-0.012729,-0.012729,-0.031187,-0.031173,-0.031186,-0.031186,-0.031186,-0.031186,0.015306,0.015732,0.015333,0.015333,0.015333,0.015333
1375,-0.008576,-0.0084772,-0.0085696,-0.0085696,-0.0085696,-0.0085696,-0.024772,-0.024758,-0.024771,-0.024771,-0.024771,-0.024771,0.014684,0.014994,0.014702,0.014702,0.014702,0.014702
1380,-0.0036176,-0.0035363,-0.0036128,-0.0036128,-0.0036128,-0.0036128,-0.017858,-0.017799,-0.017855,-0.017855,-0.017855,-0.017855,0.021201,0.021402,0.021213,0.021213,0.021213,0.021213
1385,-0.00015561,-7.728e-05,-0.00015117,-0.00015117,-0.00015117,-0.00015117,-0.013134,-0.012982,-0.013125,-0.013125,-0.013125,-0.013125,0.023118,0.023233,0.023124,0.023124,0.023124,0.023124
1390,0.0031586,0.0032308,0.0031624,0.0031624,0.0031624,0.0031624,-0.010866,-0.010726,-0.010858,-0.010858,-0.010858,-0.010858,0.026574,0.02688,0.026592,0.026592,0.026592,0.026592
1395,0.0066735,0.0067395,0.0066767,0.0066767,0.0066767,0.0066767,-0.0068726,-0.0067399,-0.0068656,-0.0068656,-0.0068656,-0.0068656,0.027451,0.027509,0.027454,0.027454,0.027454,0.027454
1400,0.0087687,0.008801,0.0087701,0.0087701,0.0087701,0.0087701,-0.0048986,-0.0043606,-0.0048692,-0.0048692,-0.0048692,-0.0048692,0.026619,0.026817,0.026628,0.026628,0.026628,0.026628
1405,0.010139,0.010251,0.010144,0.010144,0.010144,0.010144,-0.0035735,-0.0030213,-0.0035482,-0.0035482,-0.0035482,-0.0035482,0.025665,0.025819,0.025671,0.025671,0.025671,0.025671
1410,0.0097806,0.0098901,0.0097844,0.0097844,0.0097844,0.0097844,-0.0029367,-0.0026241,-0.0029325,-0.0029325,-0.0029325,-0.0029325,0.023606,0.023679,0.023609,0.023609,0.023609,0.023609
1415,0.0091339,0.0091514,0.0091342,0.0091342,0.0091342,0.0091342,-0.0029676,-0.0027608,-0.0029654,-0.0029654,-0.0029654,-0.0029654,0.021053,0.021091,0.021054,0.021054,0.021054,0.021054
1420,0.0083114,0.0083715,0.008312,0.008312,0.008312,0.008312,-0.0024876,-0.0023832,-0.0024859,-0.0024859,-0.0024859,-0.0024859,0.018511,0.018566,0.018512,0.018512,0.018512,0.018512
1425,0.0071601,0.0072022,0.0071597,0.0071597,0.0071597,0.0071597,-0.002199,-0.0020629,-0.0021984,-0.0021984,-0.0021984,-0.0021984,0.015799,0.015859,0.015798,0.015798,0.015798,0.015798
1430,0.0079104,0.0079325,0.0079101,0.0079101,0.0079101,0.0079101,-0.00039135,-0.00027537,-0.00039184,-0.00039184,-0.00039184,-0.00039184,0.015111,0.015134,0.01511,0.01511,0.01511,0.01511
1435,0.0087467,0.0087626,0.0087463,0.0087463,0.0087463,0.0087463,0.001022,0.0010631,0.001021,0.001021,0.001021,0.001021,0.014394,0.014419,0.014393,0.014393,0.014393,0.014393
1440,0.010253,0.010263,0.010253,0.010253,0.010253,0.010253,0.0031939,0.0032551,0.0031925,0.0031925,0.0031925,0.0031925,0.014371,0.014395,0.01437,0.01437,0.01437,0.01437
1445,0.011114,0.011118,0.011114,0.011114,0.011114,0.011114,0.0057049,0.0057233,0.005704,0.005704,0.005704,0.005704,0.014058,0.014077,0.014058,0.014058,0.014058,0.014058
1450,0.01165,0.011657,0.011649,0.011649,0.011649,0.011649,0.0076167,0.0076424,0.0076159,0.0076159,0.0076159,0.0076159,0.014,0.014022,0.013999,0.013999,0.013999,0.013999
1455,0.011883,0.011891,0.011883,0.011883,0.011883,0.011883,0.0089887,0.0090106,0.008988,0.008988,0.008988,0.008988,0.014369,0.014388,0.014368,0.014368,0.014368,0.014368
1460,0.012324,0.012329,0.012324,0.012324,0.012324,0.012324,0.010135,0.010142,0.010135,0.010135,0.010135,0.010135,0.014702,0.014719,0.014701,0.014701,0.014701,0.014701
1465,0.012444,0.012447,0.012444,0.012444,0.012444,0.012444,0.010897,0.010916,0.010896,0.010896,0.010896,0.010896,0.014405,0.014418,0.014405,0.014405,0.014405,0.014405
1470,0.01261,0.012612,0.01261,0.01261,0.01261,0.01261,0.011373,0.01138,0.011372,0.011372,0.011372,0.011372,0.014558,0.014568,0.014557,0.014557,0.014557,0.014557
1475,0.012847,0.012848,0.012847,0.012847,0.012847,0.012847,0.011417,0.011427,0.011416,0.011416,0.011416,0.011416,0.014446,0.014453,0.014446,0.014446,0.014446,0.014446
1480,0.013093,0.013094,0.013093,0.013093,0.013093,0.013093,0.011453,0.011462,0.011452,0.011452,0.011452,0.011452,0.014461,0.014468,0.01446,0.01446,0.01446,0.01446
1485,0.013245,0.013246,0.013245,0.013245,0.013245,0.013245,0.011482,0.011491,0.011482,0.011482,0.011482,0.011482,0.014455,0.014464,0.014454,0.014454,0.014454,0.014454
1490,0.01326,0.01326,0.01326,0.01326,0.01326,0.01326,0.011485,0.01149,0.011484,0.011484,0.011484,0.011484,0.014343,0.014348,0.014343,0.014343,0.014343,0.014343
1495,0.013205,0.013205,0.013205,0.013205,0.013205,0.013205,0.011435,0.01144,0.011435,0.011435,0.011435,0.011435,0.014307,0.014316,0.014306,0.014306,0.014306,0.014306
1500,0.013116,0.013117,0.013116,0.013116,0.013116,0.013116,0.011387,0.011392,0.011386,0.011386,0.011386,0.011386,0.014225,0.014227,0.014225,0.014225,0.014225,0.014225
1505,0.013072,0.013072,0.013072,0.013072,0.013072,0.013072,0.011289,0.011295,0.011289,0.011289,0.011289,0.011289,0.014175,0.014178,0.014175,0.014175,0.014175,0.014175
1510,0.013044,0.013044,0.013044,0.013044,0.013044,0.013044,0.011232,0.011238,0.011232,0.011232,0.011232,0.011232,0.01411,0.014112,0.01411,0.01411,0.01411,0.01411
1515,0.012959,0.012959,0.012959,0.012959,0.012959,0.012959,0.011162,0.011169,0.011162,0.011162,0.011162,0.011162,0.014129,0.014133,0.014129,0.014129,0.014129,0.014129
1520,0.012862,0.012862,0.012862,0.012862,0.012862,0.012862,0.011078,0.011084,0.011077,0.011077,0.011077,0.011077,0.014005,0.014015,0.014004,0.014004,0.014004,0.014004
1525,0.012757,0.012757,0.012757,0.012757,0.012757,0.012757,0.010969,0.010971,0.010969,0.010969,0.010969,0.010969,0.014044,0.014052,0.014044,0.014044,0.014044,0.014044
1530,0.012584,0.012584,0.012584,0.012584,0.012584,0.012584,0.010795,0.010799,0.010795,0.010795,0.010795,0.010795,0.013911,0.013919,0.01391,0.01391,0.01391,0.01391
1535,0.012493,0.012493,0.012493,0.012493,0.012493,0.012493,0.010654,0.010664,0.010653,0.010653,0.010653,0.010653,0.013861,0.013873,0.01386,0.01386,0.01386,0.01386
1540,0.012306,0.012307,0.012306,0.012306,0.012306,0.012306,0.010489,0.010499,0.010488,0.010488,0.010488,0.010488,0.013756,0.013769,0.013755,0.013755,0.013755,0.013755
1545,0.012191,0.012193,0.012191,0.012191,0.012191,0.012191,0.010348,0.010359,0.010348,0.010348,0.010348,0.010348,0.013648,0.013653,0.013648,0.013648,0.013648,0.013648
1550,0.011981,0.011983,0.011981,0.011981,0.011981,0.011981,0.010281,0.010288,0.010281,0.010281,0.010281,0.010281,0.013535,0.013541,0.013535,0.013535,0.013535,0.013535
1555,0.011808,0.011811,0.011808,0.011808,0.011808,0.011808,0.010094,0.010102,0.010094,0.010094,0.010094,0.010094,0.013348,0.013354,0.013348,0.013348,0.013348,0.013348
1560,0.011594,0.011596,0.011594,0.011594,0.011594,0.011594,0.0098615,0.0098694,0.0098612,0.0098612,0.0098612,0.0098612,0.013216,0.013222,0.013216,0.013216,0.013216,0.013216
1565,0.011508,0.011511,0.011508,0.011508,0.011508,0.011508,0.0096072,0.0096172,0.0096068,0.0096068,0.0096068,0.0096068,0.013087,0.013095,0.013087,0.013087,0.013087,0.013087
1570,0.011371,0.011375,0.011371,0.011371,0.011371,0.011371,0.0093132,0.0093263,0.0093126,0.0093126,0.0093126,0.0093126,0.012907,0.01292,0.012907,0.012907,0.012907,0.012907
1575,0.011197,0.011201,0.011197,0.011197,0.011197,0.011197,0.0090821,0.0090958,0.0090814,0.0090814,0.0090814,0.0090814,0.01283,0.012843,0.012829,0.012829,0.012829,0.012829
1580,0.010985,0.010989,0.010985,0.010985,0.010985,0.010985,0.0088255,0.0088398,0.0088248,0.0088248,0.0088248,0.0088248,0.012717,0.012731,0.012716,0.012716,0.012716,0.012716
1585,0.010748,0.010753,0.010748,0.010748,0.010748,0.010748,0.0084257,0.0084283,0.0084256,0.0084256,0.0084256,0.0084256,0.012669,0.012684,0.012668,0.012668,0.012668,0.012668
1590,0.010517,0.010522,0.010517,0.010517,0.010517,0.010517,0.0079723,0.007975,0.0079722,0.0079722,0.0079722,0.0079722,0.0126,0.012616,0.012599,0.012599,0.012599,0.012599
1595,0.010303,0.010307,0.010302,0.010302,0.010302,0.010302,0.0075879,0.0075989,0.0075875,0.0075875,0.0075875,0.0075875,0.01265,0.012665,0.012649,0.012649,0.012649,0.012649
1600,0.010175,0.010182,0.010175,0.010175,0.010175,0.010175,0.0072482,0.0072595,0.0072477,0.0072477,0.0072477,0.0072477,0.012488,0.012502,0.012487,0.012487,0.012487,0.012487
1605,0.010093,0.0101,0.010093,0.010093,0.010093,0.010093,0.0069635,0.0069753,0.006963,0.006963,0.006963,0.006963,0.0125,0.012515,0.012499,0.012499,0.012499,0.012499
1610,0.01,0.010007,0.0099997,0.0099997,0.0099997,0.0099997,0.0066417,0.0066538,0.0066413,0.0066413,0.0066413,0.0066413,0.012466,0.012481,0.012465,0.012465,0.012465,0.012465
1615,0.0099507,0.0099581,0.0099504,0.0099504,0.0099504,0.0099504,0.006365,0.0063774,0.0063645,0.0063645,0.0063645,0.0063645,0.01234,0.012349,0.012339,0.012339,0.012339,0.012339
1620,0.0098443,0.009847,0.0098442,0.0098442,0.0098442,0.0098442,0.006052,0.0060648,0.0060516,0.0060516,0.0060516,0.0060516,0.012252,0.012268,0.012251,0.012251,0.012251,0.012251
1625,0.0097115,0.0097143,0.0097114,0.0097114,0.0097114,0.0097114,0.0057956,0.0058006,0.0057954,0.0057954,0.0057954,0.0057954,0.012177,0.012187,0.012176,0.012176,0.012176,0.012176
1630,0.0095449,0.0095477,0.0095447,0.0095447,0.0095447,0.0095447,0.0055045,0.0055097,0.0055043,0.0055043,0.0055043,0.0055043,0.012119,0.012129,0.012119,0.012119,0.012119,0.012119
1635,0.0093596,0.0093664,0.0093593,0.0093593,0.0093593,0.0093593,0.0051779,0.0051831,0.0051777,0.0051777,0.0051777,0.0051777,0.011977,0.011987,0.011976,0.011976,0.011976,0.011976
1640,0.0091894,0.0091964,0.0091891,0.0091891,0.0091891,0.0091891,0.0048901,0.0048954,0.0048899,0.0048899,0.0048899,0.0048899,0.012012,0.012032,0.012011,0.012011,0.012011,0.012011
1645,0.0090757,0.0090828,0.0090754,0.0090754,0.0090754,0.0090754,0.004576,0.0045815,0.0045758,0.0045758,0.0045758,0.0045758,0.011912,0.011923,0.011911,0.011911,0.011911,0.011911
1650,0.0088254,0.0088327,0.0088251,0.0088251,0.0088251,0.0088251,0.0042185,0.0042242,0.0042183,0.0042183,0.0042183,0.0042183,0.011724,0.011745,0.011723,0.011723,0.011723,0.011723
1655,0.0087349,0.0087424,0.0087346,0.0087346,0.0087346,0.0087346,0.0040128,0.0040186,0.0040126,0.0040126,0.0040126,0.0040126,0.011746,0.011768,0.011746,0.011746,0.011746,0.011746
1660,0.0085789,0.0085866,0.0085786,0.0085786,0.0085786,0.0085786,0.0037813,0.0037872,0.0037811,0.0037811,0.0037811,0.0037811,0.011657,0.011674,0.011657,0.011657,0.011657,0.011657
1665,0.0084701,0.008478,0.0084698,0.0084698,0.0084698,0.0084698,0.0035908,0.0036505,0.0035906,0.0035906,0.0035906,0.0035906,0.011663,0.011665,0.011663,0.011663,0.011663,0.011663
1670,0.0083225,0.0083323,0.0083221,0.0083221,0.0083221,0.0083221,0.0034831,0.0035533,0.0034812,0.0034812,0.0034812,0.0034812,0.011447,0.011473,0.011446,0.011446,0.011446,0.011446
1675,0.0081908,0.0082027,0.0081904,0.0081904,0.0081904,0.0081904,0.0028462,0.0029183,0.0028443,0.0028443,0.0028443,0.0028443,0.011235,0.011253,0.011234,0.011234,0.011234,0.011234
1680,0.0079976,0.0080012,0.0079975,0.0079975,0.0079975,0.0079975,0.002673,0.0027418,0.0026712,0.0026712,0.0026712,0.0026712,0.011008,0.011012,0.011008,0.011008,0.011008,0.011008
1685,0.0077412,0.0077449,0.0077411,0.0077411,0.0077411,0.0077411,0.0020454,0.0020628,0.0020448,0.0020448,0.0020448,0.0020448,0.010833,0.010863,0.010832,0.010832,0.010832,0.010832
1690,0.0074043,0.0074172,0.0074038,0.0074038,0.0074038,0.0074038,0.0015889,0.0016577,0.0015871,0.0015871,0.0015871,0.0015871,0.010769,0.010784,0.010769,0.010769,0.010769,0.010769
1695,0.0073638,0.007377,0.0073633,0.0073633,0.0073633,0.0073633,0.0015404,0.0015518,0.00154,0.00154,0.00154,0.00154,0.010914,0.010921,0.010913,0.010913,0.010913,0.010913
1700,0.0070154,0.007029,0.0070149,0.0070149,0.0070149,0.0070149,0.0013277,0.001335,0.0013275,0.0013275,0.0013275,0.0013275,0.010965,0.010983,0.010965,0.010965,0.010965,0.010965
1705,0.0066387,0.0066526,0.0066382,0.0066382,0.0066382,0.0066382,0.00093758,0.00098296,0.0009364,0.0009364,0.0009364,0.0009364,0.010723,0.010741,0.010723,0.010723,0.010723,0.010723
1710,0.006953,0.0069573,0.0069529,0.0069529,0.0069529,0.0069529,0.00073875,0.00077144,0.00073781,0.00073781,0.00073781,0.00073781,0.010805,0.010834,0.010805,0.010805,0.010805,0.010805
1715,0.0065533,0.0065681,0.0065529,0.0065529,0.0065529,0.0065529,0.00031175,0.00034529,0.00031081,0.00031081,0.00031081,0.00031081,0.010463,0.010483,0.010462,0.010462,0.010462,0.010462
1720,0.0063767,0.0063918,0.0063762,0.0063762,0.0063762,0.0063762,-6.2344e-05,-2.7956e-05,-6.3278e-05,-6.3278e-05,-6.3278e-05,-6.3278e-05,0.010621,0.010645,0.01062,0.01062,0.01062,0.01062
1725,0.0060478,0.0060632,0.0060473,0.0060473,0.0060473,0.0060473,-0.00022403,-0.00017499,-0.00022527,-0.00022527,-0.00022527,-0.00022527,0.010817,0.01083,0.010817,0.010817,0.010817,0.010817
1730,0.0058488,0.0058535,0.0058486,0.0058486,0.0058486,0.0058486,-0.00071418,-0.00066403,-0.00071541,-0.00071541,-0.00071541,-0.00071541,0.010558,0.010583,0.010557,0.010557,0.010557,0.010557
1735,0.0058714,0.0058876,0.0058709,0.0058709,0.0058709,0.0058709,-0.00067849,-0.00062722,-0.00067971,-0.00067971,-0.00067971,-0.00067971,0.010631,0.010657,0.01063,0.01063,0.01063,0.01063
1740,0.0057524,0.0057573,0.0057523,0.0057523,0.0057523,0.0057523,-0.00071586,-0.00066356,-0.00071706,-0.00071706,-0.00071706,-0.00071706,0.010721,0.010748,0.01072,0.01072,0.01072,0.01072
1745,0.0056741,0.0056791,0.0056739,0.0056739,0.0056739,0.0056739,-0.0011739,-0.0011205,-0.001175,-0.001175,-0.001175,-0.001175,0.010577,0.010589,0.010576,0.010576,0.010576,0.010576
1750,0.0059024,0.0059031,0.0059024,0.0059024,0.0059024,0.0059024,-0.0010241,-0.00096982,-0.0010252,-0.0010252,-0.0010252,-0.0010252,0.010743,0.010774,0.010743,0.010743,0.010743,0.010743
1755,0.005627,0.0056321,0.0056268,0.0056268,0.0056268,0.0056268,-0.0015279,-0.0014727,-0.0015291,-0.0015291,-0.0015291,-0.0015291,0.010716,0.010752,0.010715,0.010715,0.010715,0.010715
1760,0.0054766,0.0054774,0.0054766,0.0054766,0.0054766,0.0054766,-0.0015363,-0.0014721,-0.0015377,-0.0015377,-0.0015377,-0.0015377,0.01088,0.0109,0.010879,0.010879,0.010879,0.010879
1765,0.0055296,0.0055304,0.0055296,0.0055296,0.0055296,0.0055296,-0.0018063,-0.0017494,-0.0018074,-0.0018074,-0.0018074,-0.0018074,0.01092,0.010939,0.010919,0.010919,0.010919,0.010919
1770,0.0052461,0.0052468,0.005246,0.005246,0.005246,0.005246,-0.0021018,-0.0020441,-0.002103,-0.002103,-0.002103,-0.002103,0.010759,0.010768,0.010759,0.010759,0.010759,0.010759
1775,0.0052922,0.005293,0.0052922,0.0052922,0.0052922,0.0052922,-0.0021086,-0.0020239,-0.00211,-0.00211,-0.00211,-0.00211,0.010865,0.010891,0.010865,0.010865,0.010865,0.010865
1780,0.0052491,0.0052499,0.0052491,0.0052491,0.0052491,0.0052491,-0.0021887,-0.0021293,-0.0021898,-0.0021898,-0.0021898,-0.0021898,0.011089,0.011105,0.011089,0.011089,0.011089,0.011089
1785,0.0050051,0.0050115,0.0050049,0.0050049,0.0050049,0.0050049,-0.0026868,-0.0025998,-0.0026881,-0.0026881,-0.0026881,-0.0026881,0.010912,0.010921,0.010911,0.010911,0.010911,0.010911
1790,0.0048359,0.0048424,0.0048357,0.0048357,0.0048357,0.0048357,-0.0029217,-0.0029126,-0.0029219,-0.0029219,-0.0029219,-0.0029219,0.011025,0.011046,0.011025,0.011025,0.011025,0.011025
1795,0.0048008,0.0048074,0.0048006,0.0048006,0.0048006,0.0048006,-0.0031408,-0.0030696,-0.0031421,-0.0031421,-0.0031421,-0.0031421,0.010723,0.010748,0.010722,0.010722,0.010722,0.010722
1800,0.0020918,0.0021169,0.0020913,0.0020913,0.0020913,0.0020913,-0.0061037,-0.0060847,-0.006104,-0.006104,-0.006104,-0.006104,0.0064523,0.0064757,0.0064519,0.0064519,0.0064519,0.0064519
1805,0.00051257,0.0005294,0.00051222,0.00051222,0.00051222,0.00051222,-0.0091763,-0.009169,-0.0091764,-0.0091764,-0.0091764,-0.0091764,0.0047882,0.0048103,0.0047877,0.0047877,0.0047877,0.0047877
1810,-0.0013597,-0.0013292,-0.0013604,-0.0013604,-0.0013604,-0.0013604,-0.010023,-0.010016,-0.010023,-0.010023,-0.010023,-0.010023,0.0042453,0.0042835,0.0042446,0.0042446,0.0042446,0.0042446
1815,-0.0041921,-0.004185,-0.0041923,-0.0041923,-0.0041923,-0.0041923,-0.012498,-0.01249,-0.012498,-0.012498,-0.012498,-0.012498,0.0022763,0.0022923,0.0022758,0.0022758,0.0022758,0.0022758
1820,-0.0078408,-0.0078273,-0.0078411,-0.0078411,-0.0078411,-0.0078411,-0.015139,-0.015113,-0.015139,-0.015139,-0.015139,-0.015139,-0.00053912,-0.00051726,-0.00053958,-0.00053958,-0.00053958,-0.00053958
1825,-0.013903,-0.013849,-0.013904,-0.013904,-0.013904,-0.013904,-0.020656,-0.020649,-0.020656,-0.020656,-0.020656,-0.020656,-0.0018792,-0.0018296,-0.0018797,-0.0018797,-0.0018797,-0.0018797
1830,-0.022902,-0.02285,-0.022902,-0.022902,-0.022902,-0.022902,-0.03674,-0.036727,-0.03674,-0.03674,-0.03674,-0.03674,-0.007231,-0.0071637,-0.0072313,-0.0072313,-0.0072313,-0.0072313
1835,-0.035884,-0.03587,-0.035885,-0.035885,-0.035885,-0.035885,-0.067221,-0.067193,-0.067222,-0.067222,-0.067222,-0.067222,-0.010635,-0.010614,-0.010635,-0.010635,-0.010635,-0.010635
1840,-0.062015,-0.061993,-0.062016,-0.062016,-0.062016,-0.062016,-0.12051,-0.12048,-0.12051,-0.12051,-0.12051,-0.12051,-0.014437,-0.014376,-0.014438,-0.014438,-0.014438,-0.014438
1845,-0.091247,-0.091226,-0.091248,-0.091248,-0.091248,-0.091248,-0.18722,-0.18715,-0.18722,-0.18722,-0.18722,-0.18722,-0.014981,-0.01496,-0.014981,-0.014981,-0.014981,-0.014981
1850,-0.10952,-0.10952,-0.10952,-0.10952,-0.10952,-0.10952,-0.24224,-0.24221,-0.24224,-0.24224,-0.24224,-0.24224,-0.01915,-0.019149,-0.01915,-0.01915,-0.01915,-0.01915
1855,-0.089781,-0.089779,-0.089781,-0.089781,-0.089781,-0.089781,-0.2203,-0.22027,-0.2203,-0.2203,-0.2203,-0.2203,-0.013733,-0.013727,-0.013733,-0.013733,-0.013733,-0.013733
1860,-0.089251,-0.089244,-0.089251,-0.089251,-0.089251,-0.089251,-0.19297,-0.19294,-0.19297,-0.19297,-0.19297,-0.19297,-0.010672,-0.010667,-0.010672,-0.010672,-0.010672,-0.010672
1865,-0.058639,-0.058636,-0.058639,-0.058639,-0.058639,-0.058639,-0.1594,-0.15938,-0.1594,-0.1594,-0.1594,-0.1594,-0.01014,-0.010139,-0.01014,-0.01014,-0.01014,-0.01014
1870,-0.047916,-0.047891,-0.047917,-0.047917,-0.047917,-0.047917,-0.13385,-0.13384,-0.13385,-0.13385,-0.13385,-0.13385,-0.0066654,-0.0066651,-0.0066654,-0.0066654,-0.0066654,-0.0066654
1875,-0.034794,-0.034788,-0.034794,-0.034794,-0.034794,-0.034794,-0.10032,-0.1003,-0.10032,-0.10032,-0.10032,-0.10032,-0.0034048,-0.0034034,-0.0034048,-0.0034048,-0.0034048,-0.0034048
1880,-0.034471,-0.034469,-0.034471,-0.034471,-0.034471,-0.034471,-0.089922,-0.089913,-0.089922,-0.089922,-0.089922,-0.089922,-0.00035775,-0.00035589,-0.0003578,-0.0003578,-0.0003578,-0.0003578
1885,-0.030881,-0.030876,-0.030881,-0.030881,-0.030881,-0.030881,-0.085535,-0.08552,-0.085536,-0.085536,-0.085536,-0.085536,-0.00075893,-0.00075539,-0.00075905,-0.00075905,-0.00075905,-0.00075905
1890,-0.027752,-0.027751,-0.027753,-0.027753,-0.027753,-0.027753,-0.09507,-0.095069,-0.09507,-0.09507,-0.09507,-0.09507,0.00045496,0.00051747,0.00045405,0.00045405,0.00045405,0.00045405
1895,-0.023608,-0.023604,-0.023609,-0.023609,-0.023609,-0.023609,-0.089814,-0.089803,-0.089815,-0.089815,-0.089815,-0.089815,0.0027499,0.0027868,0.002749,0.002749,0.002749,0.002749
1900,-0.021872,-0.021861,-0.021872,-0.021872,-0.021872,-0.021872,-0.067002,-0.06699,-0.067002,-0.067002,-0.067002,-0.067002,0.0013546,0.0013559,0.0013545,0.0013545,0.0013545,0.0013545
1905,-0.016004,-0.016002,-0.016004,-0.016004,-0.016004,-0.016004,-0.058395,-0.05839,-0.058395,-0.058395,-0.058395,-0.058395,0.00023271,0.00024308,0.00023242,0.00023242,0.00023242,0.00023242
1910,-0.0079697,-0.0079601,-0.00797,-0.00797,-0.00797,-0.00797,-0.045049,-0.045047,-0.045049,-0.045049,-0.045049,-0.045049,0.0039992,0.0039993,0.0039992,0.0039992,0.0039992,0.0039992
1915,-0.0014815,-0.0014741,-0.0014817,-0.0014817,-0.0014817,-0.0014817,-0.028477,-0.02847,-0.028477,-0.028477,-0.028477,-0.028477,0.0067004,0.0067102,0.0067002,0.0067002,0.0067002,0.0067002
1920,0.0039083,0.0039226,0.0039079,0.0039079,0.0039079,0.0039079,-0.016088,-0.016087,-0.016088,-0.016088,-0.016088,-0.016088,0.007492,0.0074985,0.0074918,0.0074918,0.0074918,0.0074918
1925,0.0056334,0.0056426,0.0056332,0.0056332,0.0056332,0.0056332,-0.0035863,-0.0035855,-0.0035863,-0.0035863,-0.0035863,-0.0035863,0.0093046,0.0093047,0.0093046,0.0093046,0.0093046,0.0093046
1930,0.0062663,0.0062689,0.0062662,0.0062662,0.0062662,0.0062662,-0.0015363,-0.0015347,-0.0015364,-0.0015364,-0.0015364,-0.0015364,0.010313,0.010314,0.010313,0.010313,0.010313,0.010313
1935,0.0084899,0.0084963,0.0084899,0.0084899,0.0084899,0.0084899,0.000982,0.00098343,0.00098194,0.00098194,0.00098194,0.00098194,0.011109,0.011112,0.011109,0.011109,0.011109,0.011109
1940,0.009254,0.009256,0.0092539,0.0092539,0.0092539,0.0092539,0.003622,0.0036221,0.003622,0.003622,0.003622,0.003622,0.011185,0.011192,0.011185,0.011185,0.011185,0.011185
1945,0.0096181,0.0096193,0.0096181,0.0096181,0.0096181,0.0096181,0.0052951,0.0052952,0.0052951,0.0052951,0.0052951,0.0052951,0.01139,0.011397,0.01139,0.01139,0.01139,0.01139
1950,0.010547,0.010548,0.010547,0.010547,0.010547,0.010547,0.0069528,0.0069529,0.0069528,0.0069528,0.0069528,0.0069528,0.012007,0.012008,0.012007,0.012007,0.012007,0.012007
1955,0.010642,0.010643,0.010642,0.010642,0.010642,0.010642,0.0073729,0.0073752,0.0073728,0.0073728,0.0073728,0.0073728,0.012335,0.012336,0.012335,0.012335,0.012335,0.012335
1960,0.011224,0.011224,0.011224,0.011224,0.011224,0.011224,0.0082091,0.0082116,0.008209,0.008209,0.008209,0.008209,0.012528,0.012528,0.012528,0.012528,0.012528,0.012528
1965,0.011732,0.011734,0.011732,0.011732,0.011732,0.011732,0.0086913,0.0086967,0.0086911,0.0086911,0.0086911,0.0086911,0.012736,0.012737,0.012736,0.012736,0.012736,0.012736
1970,0.011726,0.011727,0.011726,0.011726,0.011726,0.011726,0.0087065,0.0087102,0.0087065,0.0087065,0.0087065,0.0087065,0.012835,0.012836,0.012835,0.012835,0.012835,0.012835
1975,0.011587,0.011587,0.011587,0.011587,0.011587,0.011587,0.0092627,0.0092737,0.0092625,0.0092625,0.0092625,0.0092625,0.013005,0.013005,0.013005,0.013005,0.013005,0.013005
1980,0.011642,0.011642,0.011642,0.011642,0.011642,0.011642,0.0096815,0.0096822,0.0096815,0.0096815,0.0096815,0.0096815,0.012925,0.012925,0.012925,0.012925,0.012925,0.012925
1985,0.011522,0.011522,0.011522,0.011522,0.011522,0.011522,0.0095484,0.0095527,0.0095482,0.0095482,0.0095482,0.0095482,0.012972,0.012975,0.012972,0.012972,0.012972,0.012972
1990,0.011431,0.011431,0.011431,0.011431,0.011431,0.011431,0.0089719,0.0089839,0.0089717,0.0089717,0.0089717,0.0089717,0.012747,0.012748,0.012747,0.012747,0.012747,0.012747
1995,0.011388,0.01139,0.011388,0.011388,0.011388,0.011388,0.0090224,0.0090331,0.0090222,0.0090222,0.0090222,0.0090222,0.01273,0.01273,0.01273,0.01273,0.01273,0.01273
2000,0.01112,0.01112,0.01112,0.01112,0.01112,0.01112,0.0083591,0.00836,0.0083591,0.0083591,0.0083591,0.0083591,0.012469,0.012471,0.012469,0.012469,0.012469,0.012469
2005,0.010541,0.010541,0.010541,0.010541,0.010541,0.010541,0.0076189,0.0076196,0.0076189,0.0076189,0.0076189,0.0076189,0.012341,0.012344,0.012341,0.012341,0.012341,0.012341
2010,0.010879,0.010881,0.010879,0.010879,0.010879,0.010879,0.0078959,0.0078993,0.0078957,0.0078957,0.0078957,0.0078957,0.011959,0.011961,0.011959,0.011959,0.011959,0.011959
2015,0.010808,0.010808,0.010808,0.010808,0.010808,0.010808,0.00803,0.0080344,0.0080299,0.0080299,0.0080299,0.0080299,0.012284,0.012286,0.012284,0.012284,0.012284,0.012284
2020,0.011201,0.011203,0.011201,0.011201,0.011201,0.011201,0.0087807,0.0087815,0.0087807,0.0087807,0.0087807,0.0087807,0.012409,0.01241,0.012409,0.012409,0.012409,0.012409
2025,0.011307,0.011308,0.011307,0.011307,0.011307,0.011307,0.0088591,0.0088707,0.0088589,0.0088589,0.0088589,0.0088589,0.012475,0.012478,0.012475,0.012475,0.012475,0.012475
2030,0.011528,0.011529,0.011528,0.011528,0.011528,0.011528,0.0090943,0.0090951,0.0090942,0.0090942,0.0090942,0.0090942,0.012744,0.012745,0.012744,0.012744,0.012744,0.012744
2035,0.011686,0.011686,0.011686,0.011686,0.011686,0.011686,0.0090421,0.0090468,0.009042,0.009042,0.009042,0.009042,0.01268,0.012681,0.01268,0.01268,0.01268,0.01268
2040,0.01147,0.011472,0.01147,0.01147,0.01147,0.01147,0.0092703,0.0092712,0.0092703,0.0092703,0.0092703,0.0092703,0.012724,0.012726,0.012724,0.012724,0.012724,0.012724
2045,0.011568,0.011568,0.011568,0.011568,0.011568,0.011568,0.0092706,0.0092722,0.0092706,0.0092706,0.0092706,0.0092706,0.012583,0.012583,0.012583,0.012583,0.012583,0.012583
2050,0.011324,0.011328,0.011324,0.011324,0.011324,0.011324,0.0084403,0.00845,0.0084401,0.0084401,0.0084401,0.0084401,0.012466,0.012467,0.012466,0.012466,0.012466,0.012466
2055,0.011052,0.011057,0.011052,0.011052,0.011052,0.011052,0.0085924,0.0085978,0.0085923,0.0085923,0.0085923,0.0085923,0.012574,0.012577,0.012574,0.012574,0.012574,0.012574
2060,0.010999,0.011,0.010999,0.010999,0.010999,0.010999,0.0087358,0.0087362,0.0087358,0.0087358,0.0087358,0.0087358,0.012406,0.012407,0.012406,0.012406,0.012406,0.012406
2065,0.011113,0.011118,0.011113,0.011113,0.011113,0.011113,0.0087688,0.0087706,0.0087688,0.0087688,0.0087688,0.0087688,0.012357,0.012359,0.012357,0.012357,0.012357,0.012357
2070,0.011131,0.011139,0.011131,0.011131,0.011131,0.011131,0.0087222,0.0087253,0.0087222,0.0087222,0.0087222,0.0087222,0.01228,0.012282,0.01228,0.01228,0.01228,0.01228
2075,0.011143,0.011148,0.011143,0.011143,0.011143,0.011143,0.0094201,0.0094228,0.0094201,0.0094201,0.0094201,0.0094201,0.012513,0.012514,0.012513,0.012513,0.012513,0.012513
2080,0.011185,0.011188,0.011185,0.011185,0.011185,0.011185,0.0091039,0.0091074,0.0091039,0.0091039,0.0091039,0.0091039,0.012526,0.012527,0.012526,0.012526,0.012526,0.012526
2085,0.011173,0.011174,0.011173,0.011173,0.011173,0.011173,0.0093968,0.0093998,0.0093967,0.0093967,0.0093967,0.0093967,0.012393,0.012394,0.012393,0.012393,0.012393,0.012393
2090,0.011057,0.01106,0.011057,0.011057,0.011057,0.011057,0.009509,0.0095142,0.0095089,0.0095089,0.0095089,0.0095089,0.012301,0.012306,0.012301,0.012301,0.012301,0.012301
2095,0.0112,0.0112,0.0112,0.0112,0.0112,0.0112,0.0091768,0.0091768,0.0091768,0.0091768,0.0091768,0.0091768,0.012242,0.012247,0.012242,0.012242,0.012242,0.012242
2100,0.010899,0.010901,0.010899,0.010899,0.010899,0.010899,0.0094152,0.0094189,0.0094151,0.0094151,0.0094151,0.0094151,0.012257,0.012258,0.012257,0.012257,0.012257,0.012257
2105,0.010925,0.010926,0.010925,0.010925,0.010925,0.010925,0.0094456,0.0094531,0.0094454,0.0094454,0.0094454,0.0094454,0.012163,0.012166,0.012163,0.012163,0.012163,0.012163
2110,0.010979,0.010981,0.010979,0.010979,0.010979,0.010979,0.0094422,0.0094425,0.0094422,0.0094422,0.0094422,0.0094422,0.011954,0.011956,0.011954,0.011954,0.011954,0.011954
2115,0.010782,0.010787,0.010782,0.010782,0.010782,0.010782,0.0092599,0.0092629,0.0092598,0.0092598,0.0092598,0.0092598,0.011776,0.011785,0.011776,0.011776,0.011776,0.011776
2120,0.010805,0.010807,0.010805,0.010805,0.010805,0.010805,0.0091002,0.0091078,0.0091001,0.0091001,0.0091001,0.0091001,0.011687,0.011691,0.011687,0.011687,0.011687,0.011687
2125,0.010564,0.010566,0.010564,0.010564,0.010564,0.010564,0.0089631,0.0089706,0.008963,0.008963,0.008963,0.008963,0.011722,0.011726,0.011722,0.011722,0.011722,0.011722
2130,0.010443,0.010453,0.010443,0.010443,0.010443,0.010443,0.0089205,0.0089311,0.0089205,0.0089205,0.0089205,0.0089205,0.01158,0.011584,0.01158,0.01158,0.01158,0.01158
2135,0.010233,0.010236,0.010233,0.010233,0.010233,0.010233,0.008731,0.0087457,0.008731,0.008731,0.008731,0.008731,0.011509,0.011521,0.011509,0.011509,0.011509,0.011509
2140,0.010239,0.01024,0.010239,0.010239,0.010239,0.010239,0.0086015,0.0086185,0.0086015,0.0086015,0.0086015,0.0086015,0.011433,0.011452,0.011433,0.011433,0.011433,0.011433
2145,0.010078,0.010078,0.010078,0.010078,0.010078,0.010078,0.0080674,0.0080856,0.0080674,0.0080674,0.0080674,0.0080674,0.011414,0.011426,0.011414,0.011414,0.011414,0.011414
2150,0.0098828,0.0098926,0.0098828,0.0098828,0.0098828,0.0098828,0.0076067,0.0076338,0.0076067,0.0076067,0.0076067,0.0076067,0.011185,0.011205,0.011185,0.011185,0.011185,0.011185
2155,0.009819,0.0098232,0.009819,0.009819,0.009819,0.009819,0.0073826,0.0074034,0.0073826,0.0073826,0.0073826,0.0073826,0.010942,0.01095,0.010942,0.010942,0.010942,0.010942
2160,0.0095901,0.009593,0.0095901,0.0095901,0.0095901,0.0095901,0.0068819,0.0069127,0.0068821,0.0068821,0.0068821,0.0068821,0.011099,0.011113,0.011099,0.011099,0.011099,0.011099
2165,0.0094972,0.0095077,0.0094973,0.0094973,0.0094973,0.0094973,0.0070078,0.007022,0.0070079,0.0070079,0.0070079,0.0070079,0.011249,0.011266,0.011249,0.011249,0.011249,0.011249
2170,0.0091478,0.0091603,0.0091478,0.0091478,0.0091478,0.0091478,0.0062997,0.0063162,0.0062998,0.0062998,0.0062998,0.0062998,0.010635,0.010662,0.010635,0.010635,0.010635,0.010635
2175,0.0088103,0.0088262,0.0088104,0.0088104,0.0088104,0.0088104,0.0059305,0.0059465,0.0059306,0.0059306,0.0059306,0.0059306,0.010764,0.01078,0.010764,0.010764,0.010764,0.010764
2180,0.0088766,0.0088863,0.0088766,0.0088766,0.0088766,0.0088766,0.0060178,0.0060562,0.0060182,0.0060182,0.0060182,0.0060182,0.010755,0.010781,0.010755,0.010755,0.010755,0.010755
2185,0.0084948,0.0085053,0.0084948,0.0084948,0.0084948,0.0084948,0.0048594,0.0048883,0.0048597,0.0048597,0.0048597,0.0048597,0.010359,0.010391,0.010359,0.010359,0.010359,0.010359
2190,0.0080603,0.0080635,0.0080603,0.0080603,0.0080603,0.0080603,0.0043401,0.0043762,0.0043405,0.0043405,0.0043405,0.0043405,0.0099358,0.0099445,0.0099359,0.0099359,0.0099359,0.0099359
2195,0.0078298,0.0078353,0.0078298,0.0078298,0.0078298,0.0078298,0.0036144,0.0036923,0.0036157,0.0036157,0.0036157,0.0036157,0.009704,0.0097342,0.0097044,0.0097044,0.0097044,0.0097044
2200,0.0072219,0.0072414,0.007222,0.007222,0.007222,0.007222,0.0031707,0.0031908,0.0031709,0.0031709,0.0031709,0.0031709,0.0086481,0.0086619,0.0086481,0.0086481,0.0086481,0.0086481
2205,0.0056993,0.0057082,0.0056993,0.0056993,0.0056993,0.0056993,0.0021443,0.0021652,0.0021446,0.0021446,0.0021446,0.0021446,0.0074825,0.0075092,0.0074829,0.0074829,0.0074829,0.0074829
2210,0.0053246,0.0053515,0.0053249,0.0053249,0.0053249,0.0053249,0.001016,0.0010172,0.001016,0.001016,0.001016,0.001016,0.0077455,0.0077656,0.0077458,0.0077458,0.0077458,0.0077458
2215,0.0018621,0.0018856,0.0018623,0.0018623,0.0018623,0.0018623,-0.0013456,-0.0013311,-0.0013454,-0.0013454,-0.0013454,-0.0013454,0.0048869,0.0049072,0.0048872,0.0048872,0.0048872,0.0048872
2220,-0.0026836,-0.0026673,-0.0026833,-0.0026833,-0.0026833,-0.0026833,-0.0070066,-0.0069991,-0.0070065,-0.0070065,-0.0070065,-0.0070065,0.0024871,0.0025113,0.0024873,0.0024873,0.0024873,0.0024873
2225,-0.010127,-0.010121,-0.010127,-0.010127,-0.010127,-0.010127,-0.017261,-0.017256,-0.017261,-0.017261,-0.017261,-0.017261,-0.0049377,-0.0049004,-0.0049374,-0.0049374,-0.0049374,-0.0049374
2230,-0.026777,-0.026753,-0.026777,-0.026777,-0.026777,-0.026777,-0.038945,-0.038927,-0.038945,-0.038945,-0.038945,-0.038945,-0.017509,-0.017485,-0.017509,-0.017509,-0.017509,-0.017509
2235,-0.065119,-0.065041,-0.065117,-0.065117,-0.065117,-0.065117,-0.10054,-0.10053,-0.10054,-0.10054,-0.10054,-0.10054,-0.043791,-0.043753,-0.04379,-0.04379,-0.04379,-0.04379
2240,-0.20844,-0.20842,-0.20844,-0.20844,-0.20844,-0.20844,-0.25291,-0.25289,-0.25291,-0.25291,-0.25291,-0.25291,-0.13837,-0.13836,-0.13837,-0.13837,-0.13837,-0.13837
2245,-0.35241,-0.3524,-0.35241,-0.35241,-0.35241,-0.35241,-0.45177,-0.45177,-0.45177,-0.45177,-0.45177,-0.45177,-0.30259,-0.30258,-0.30259,-0.30259,-0.30259,-0.30259
2250,-0.57725,-0.57724,-0.57725,-0.57725,-0.57725,-0.57725,-0.65712,-0.65712,-0.65712,-0.65712,-0.65712,-0.65712,-0.45642,-0.45641,-0.45642,-0.45642,-0.45642,-0.45642
2255,-0.46005,-0.46005,-0.46005,-0.46005,-0.46005,-0.46005,-0.58245,-0.58241,-0.58245,-0.58245,-0.58245,-0.58245,-0.38581,-0.38577,-0.38581,-0.38581,-0.38581,-0.38581
2260,-0.35169,-0.35167,-0.35169,-0.35169,-0.35169,-0.35169,-0.43944,-0.43943,-0.43944,-0.43944,-0.43944,-0.43944,-0.29564,-0.29564,-0.29564,-0.29564,-0.29564,-0.29564
2265,-0.25923,-0.25919,-0.25923,-0.25923,-0.25923,-0.25923,-0.32953,-0.32949,-0.32952,-0.32952,-0.32952,-0.32952,-0.18885,-0.18884,-0.18885,-0.18885,-0.18885,-0.18885
2270,-0.19677,-0.19675,-0.19677,-0.19677,-0.19677,-0.19677,-0.2608,-0.2608,-0.2608,-0.2608,-0.2608,-0.2608,-0.12565,-0.12563,-0.12565,-0.12565,-0.12565,-0.12565
2275,-0.13532,-0.13525,-0.13532,-0.13532,-0.13532,-0.13532,-0.18973,-0.18972,-0.18973,-0.18973,-0.18973,-0.18973,-0.089576,-0.089567,-0.089576,-0.089576,-0.089576,-0.089576
2280,-0.087672,-0.087667,-0.087672,-0.087672,-0.087672,-0.087672,-0.14457,-0.14454,-0.14457,-0.14457,-0.14457,-0.14457,-0.065392,-0.065371,-0.065391,-0.065391,-0.065391,-0.065391
2285,-0.074701,-0.074694,-0.074701,-0.074701,-0.074701,-0.074701,-0.10818,-0.10812,-0.10818,-0.10818,-0.10818,-0.10818,-0.053936,-0.053907,-0.053935,-0.053935,-0.053935,-0.053935
2290,-0.062504,-0.062492,-0.062504,-0.062504,-0.062504,-0.062504,-0.096218,-0.096204,-0.096217,-0.096217,-0.096217,-0.096217,-0.041315,-0.041223,-0.041312,-0.041312,-0.041312,-0.041312
2295,-0.054662,-0.054642,-0.054661,-0.054661,-0.054661,-0.054661,-0.094574,-0.094551,-0.094573,-0.094573,-0.094573,-0.094573,-0.03551,-0.035491,-0.03551,-0.03551,-0.03551,-0.03551
2300,-0.055612,-0.055605,-0.055612,-0.055612,-0.055612,-0.055612,-0.094398,-0.094394,-0.094398,-0.094398,-0.094398,-0.094398,-0.033109,-0.033102,-0.033109,-0.033109,-0.033109,-0.033109
2305,-0.075012,-0.074995,-0.075012,-0.075012,-0.075012,-0.075012,-0.097431,-0.097427,-0.097431,-0.097431,-0.097431,-0.097431,-0.049752,-0.049733,-0.049751,-0.049751,-0.049751,-0.049751
2310,-0.095122,-0.095118,-0.095122,-0.095122,-0.095122,-0.095122,-0.15667,-0.15666,-0.15667,-0.15667,-0.15667,-0.15667,-0.066797,-0.066793,-0.066797,-0.066797,-0.066797,-0.066797
2315,-0.11073,-0.11073,-0.11073,-0.11073,-0.11073,-0.11073,-0.15963,-0.15963,-0.15963,-0.15963,-0.15963,-0.15963,-0.076892,-0.07687,-0.076892,-0.076892,-0.076892,-0.076892
2320,-0.15796,-0.15796,-0.15796,-0.15796,-0.15796,-0.15796,-0.23318,-0.23316,-0.23317,-0.23317,-0.23317,-0.23317,-0.10667,-0.10666,-0.10667,-0.10667,-0.10667,-0.10667
2325,-0.17004,-0.17,-0.17004,-0.17004,-0.17004,-0.17004,-0.22072,-0.22071,-0.22072,-0.22072,-0.22072,-0.22072,-0.10949,-0.10949,-0.10949,-0.10949,-0.10949,-0.10949
2330,-0.16645,-0.16645,-0.16645,-0.16645,-0.16645,-0.16645,-0.22808,-0.22807,-0.22808,-0.22808,-0.22808,-0.22808,-0.10284,-0.10282,-0.10284,-0.10284,-0.10284,-0.10284
2335,-0.1022,-0.10218,-0.1022,-0.1022,-0.1022,-0.1022,-0.14995,-0.14995,-0.14995,-0.14995,-0.14995,-0.14995,-0.068877,-0.068868,-0.068877,-0.068877,-0.068877,-0.068877
2340,-0.087621,-0.087583,-0.08762,-0.08762,-0.08762,-0.08762,-0.14372,-0.14371,-0.14372,-0.14372,-0.14372,-0.14372,-0.062244,-0.062234,-0.062244,-0.062244,-0.062244,-0.062244
2345,-0.101,-0.101,-0.101,-0.101,-0.101,-0.101,-0.14016,-0.14015,-0.14016,-0.14016,-0.14016,-0.14016,-0.061766,-0.061756,-0.061766,-0.061766,-0.061766,-0.061766
2350,-0.086099,-0.086097,-0.086099,-0.086099,-0.086099,-0.086099,-0.16087,-0.16082,-0.16087,-0.16087,-0.16087,-0.16087,-0.03422,-0.0342,-0.03422,-0.03422,-0.03422,-0.03422
2355,-0.11011,-0.11011,-0.11011,-0.11011,-0.11011,-0.11011,-0.15601,-0.15596,-0.156,-0.156,-0.156,-0.156,-0.060255,-0.060248,-0.060255,-0.060255,-0.060255,-0.060255
2360,-0.096253,-0.096242,-0.096252,-0.096252,-0.096252,-0.096252,-0.17548,-0.17547,-0.17548,-0.17548,-0.17548,-0.17548,-0.063427,-0.063406,-0.063427,-0.063427,-0.063427,-0.063427
2365,-0.13037,-0.13037,-0.13037,-0.13037,-0.13037,-0.13037,-0.19973,-0.19972,-0.19973,-0.19973,-0.19973,-0.19973,-0.064381,-0.064367,-0.06438,-0.06438,-0.06438,-0.06438
2370,-0.14753,-0.14752,-0.14753,-0.14753,-0.14753,-0.14753,-0.23842,-0.23842,-0.23842,-0.23842,-0.23842,-0.23842,-0.071686,-0.071675,-0.071685,-0.071685,-0.071685,-0.071685
2375,-0.13053,-0.13053,-0.13053,-0.13053,-0.13053,-0.13053,-0.19882,-0.19879,-0.19882,-0.19882,-0.19882,-0.19882,-0.051811,-0.051805,-0.051811,-0.051811,-0.051811,-0.051811
2380,-0.16413,-0.16411,-0.16413,-0.16413,-0.16413,-0.16413,-0.24858,-0.24858,-0.24858,-0.24858,-0.24858,-0.24858,-0.084179,-0.084178,-0.084179,-0.084179,-0.084179,-0.084179
2385,-0.17406,-0.17405,-0.17406,-0.17406,-0.17406,-0.17406,-0.26664,-0.2666,-0.26664,-0.26664,-0.26664,-0.26664,-0.10403,-0.10403,-0.10403,-0.10403,-0.10403,-0.10403
2390,-0.15307,-0.15306,-0.15307,-0.15307,-0.15307,-0.15307,-0.2482,-0.2482,-0.2482,-0.2482,-0.2482,-0.2482,-0.05315,-0.053133,-0.053149,-0.053149,-0.053149,-0.053149
2395,-0.15899,-0.15899,-0.15899,-0.15899,-0.15899,-0.15899,-0.28898,-0.28897,-0.28898,-0.28898,-0.28898,-0.28898,-0.054984,-0.054972,-0.054984,-0.054984,-0.054984,-0.054984
2400,-0.17976,-0.17975,-0.17976,-0.17976,-0.17976,-0.17976,-0.26483,-0.26482,-0.26483,-0.26483,-0.26483,-0.26483,-0.095727,-0.095711,-0.095726,-0.095726,-0.095726,-0.095726
2405,-0.23964,-0.23963,-0.23964,-0.23964,-0.23964,-0.23964,-0.29325,-0.29324,-0.29325,-0.29325,-0.29325,-0.29325,-0.11164,-0.11164,-0.11164,-0.11164,-0.11164,-0.11164
2410,-0.16479,-0.16478,-0.16478,-0.16478,-0.16478,-0.16478,-0.30786,-0.30786,-0.30786,-0.30786,-0.30786,-0.30786,-0.032107,-0.032106,-0.032107,-0.032107,-0.032107,-0.032107
2415,-0.23545,-0.23544,-0.23545,-0.23545,-0.23545,-0.23545,-0.41025,-0.41025,-0.41025,-0.41025,-0.41025,-0.41025,0.017811,0.017829,0.017812,0.017812,0.017812,0.017812
2420,-0.25859,-0.25858,-0.25859,-0.25859,-0.25859,-0.25859,-0.58667,-0.58667,-0.58667,-0.58667,-0.58667,-0.58667,0.020042,0.020052,0.020042,0.020042,0.020042,0.020042
2425,-0.32249,-0.32249,-0.32249,-0.32249,-0.32249,-0.32249,-0.76605,-0.76603,-0.76605,-0.76605,-0.76605,-0.76605,0.051756,0.051764,0.051756,0.051756,0.051756,0.051756
2430,-0.45983,-0.45983,-0.45983,-0.45983,-0.45983,-0.45983,-0.87396,-0.87396,-0.87396,-0.87396,-0.87396,-0.87396,-0.074609,-0.074606,-0.074609,-0.074609,-0.074609,-0.074609
2435,-0.62891,-0.62891,-0.62891,-0.62891,-0.62891,-0.62891,-1.1173,-1.1173,-1.1173,-1.1173,-1.1173,-1.1173,0.076475,0.076483,0.076476,0.076476,0.076476,0.076476
2440,-0.30868,-0.30868,-0.30868,-0.30868,-0.30868,-0.30868,-0.89305,-0.89304,-0.89305,-0.89305,-0.89305,-0.89305,1.0301,1.0301,1.0301,1.0301,1.0301,1.0301
2445,-0.41654,-0.41653,-0.41654,-0.41654,-0.41654,-0.41654,-1.0972,-1.0972,-1.0972,-1.0972,-1.0972,-1.0972,0.047448,0.047452,0.047448,0.047448,0.047448,0.047448
2450,-0.31244,-0.31243,-0.31244,-0.31244,-0.31244,-0.31244,-1.0332,-1.0332,-1.0332,-1.0332,-1.0332,-1.0332,0.26189,0.2619,0.26189,0.26189,0.26189,0.26189
2455,-0.59088,-0.59087,-0.59088,-0.59088,-0.59088,-0.59088,-1.3322,-1.3322,-1.3322,-1.3322,-1.3322,-1.3322,0.28125,0.28125,0.28125,0.28125,0.28125,0.28125
2460,-0.69812,-0.69812,-0.69812,-0.69812,-0.69812,-0.69812,-1.2754,-1.2754,-1.2754,-1.2754,-1.2754,-1.2754,0.33098,0.33098,0.33098,0.33098,0.33098,0.33098
2465,-0.57402,-0.57401,-0.57402,-0.57402,-0.57402,-0.57402,-1.651,-1.651,-1.651,-1.651,-1.651,-1.651,-0.11878,-0.11877,-0.11878,-0.11878,-0.11878,-0.11878
2470,-0.66112,-0.66111,-0.66112,-0.66112,-0.66112,-0.66112,-1.9602,-1.9602,-1.9602,-1.9602,-1.9602,-1.9602,0.27804,0.27805,0.27804,0.27804,0.27804,0.27804
2475,-1.0392,-1.0392,-1.0392,-1.0392,-1.0392,-1.0392,-1.7818,-1.7818,-1.7818,-1.7818,-1.7818,-1.7818,-0.51981,-0.51981,-0.51981,-0.51981,-0.51981,-0.51981
2480,-0.99189,-0.99187,-0.99189,-0.99189,-0.99189,-0.99189,-1.5687,-1.5687,-1.5687,-1.5687,-1.5687,-1.5687,-0.47147,-0.47146,-0.47147,-0.47147,-0.47147,-0.47147
2485,-0.66728,-0.66727,-0.66728,-0.66728,-0.66728,-0.66728,-1.8768,-1.8768,-1.8768,-1.8768,-1.8768,-1.8768,-0.22301,-0.22298,-0.22301,-0.22301,-0.22301,-0.22301
2490,-0.93655,-0.93654,-0.93655,-0.93655,-0.93655,-0.93655,-1.4073,-1.4072,-1.4073,-1.4073,-1.4073,-1.4073,-0.44809,-0.44809,-0.44809,-0.44809,-0.44809,-0.44809
2495,-0.76394,-0.76393,-0.76394,-0.76394,-0.76394,-0.76394,-1.3726,-1.3726,-1.3726,-1.3726,-1.3726,-1.3726,-0.42792,-0.42791,-0.42792,-0.42792,-0.42792,-0.42792
2500,-0.97536,-0.97536,-0.97536,-0.97536,-0.97536,-0.97536,-1.7897,-1.7897,-1.7897,-1.7897,-1.7897,-1.7897,-0.5372,-0.53719,-0.5372,-0.5372,-0.5372,-0.5372
