optics,variant,n,bias_alb,mae_alb,rmse_alb,bias_alb_flat,bias_hcrf,hcrf_geometry,hcrf_albedo,bias_B2,bias_B3,bias_B4,bias_B8
no_algae,reference,46,0.14308,0.17403,0.19721,-0.0223,0.13508,0.02526,0.10982,0.32273,0.28067,0.15851,-0.02116
tierA_empirical,reference,46,0.10091,0.13206,0.15283,-0.036611,0.097202,0.018492,0.07871,0.237,0.20786,0.12154,-0.021018
tierA_empirical,B: radius prior 10%,46,0.13564,0.15922,0.17725,-0.015363,0.1284,0.02006,0.10834,0.25357,0.23288,0.16765,0.052254
tierA_empirical,B: radius prior 90%,46,0.065565,0.11269,0.13303,-0.056242,0.065446,0.016996,0.04845,0.21555,0.17836,0.070838,-0.091614
tierA_empirical,B: crust density 330,46,0.13704,0.16167,0.1806,-0.016503,0.12965,0.021079,0.10857,0.2799,0.2474,0.15519,0.015255
tierA_empirical,B: crust density 560,46,0.07128,0.11231,0.13348,-0.0524,0.07058,0.016453,0.054128,0.20229,0.17535,0.092605,-0.053683
tierA_empirical,B: crust depth 1 cm,46,0.13517,0.16154,0.18172,-0.027785,0.12797,0.021922,0.10605,0.32063,0.27699,0.15523,-0.039992
tierA_empirical,B: crust depth 5 cm,46,0.036083,0.090379,0.11465,-0.05612,0.038961,0.013959,0.025002,0.089961,0.084436,0.056244,0.0034416
tierA_empirical,B: no dust,46,0.15159,0.17212,0.18846,-0.018461,0.14273,0.020055,0.12267,0.32592,0.28513,0.17835,0.0045882
tierA_empirical,B: dust prior 90%,46,0.065975,0.11424,0.13424,-0.049143,0.065814,0.01737,0.048444,0.17646,0.15448,0.081348,-0.039778
tierA_empirical,B: f_n = 0 (all A. alaskanum),46,0.10091,0.13206,0.15283,-0.036611,0.097202,0.018492,0.07871,0.237,0.20786,0.12154,-0.021018
tierA_empirical,B: f_n = 1 (all A. nordenskioeldii),46,0.10091,0.13206,0.15283,-0.036611,0.097202,0.018492,0.07871,0.237,0.20786,0.12154,-0.021018
tierA_empirical,B: algae in 1 mm film,46,0.09947,0.13084,0.15171,-0.036751,0.095905,0.018341,0.077564,0.23528,0.20504,0.11752,-0.022091
tierA_empirical,B: granular ice (r 1500 um),46,0.24611,0.25647,0.27252,0.026211,0.22764,0.026307,0.20133,0.36799,0.35939,0.32117,0.22478
tierA_empirical,D: SZA -5 deg,46,0.09625,0.12876,0.14972,-0.041229,0.093012,0.018226,0.074786,0.23419,0.2044,0.11648,-0.028764
tierA_empirical,D: SZA +5 deg,46,0.10694,0.13654,0.15699,-0.029959,0.10262,0.018846,0.083774,0.24072,0.21233,0.12783,-0.011508
tierA_empirical,D: fully diffuse,46,0.19216,0.208,0.22315,0.0055088,0.17917,0.022597,0.15658,0.26102,0.23624,0.16029,0.037526
tierA_empirical,D: mid-latitude summer spectrum,46,0.10509,0.13484,0.15546,-0.036611,0.10095,0.01863,0.082321,0.23699,0.20787,0.12152,-0.021091
measured_mac_C,reference,46,0.10282,0.13396,0.15466,-0.035925,0.098918,0.018753,0.080166,0.24523,0.21109,0.10839,-0.021054
measured_mac_C,B: radius prior 10%,46,0.13738,0.16096,0.17903,-0.014735,0.12996,0.020289,0.10968,0.26194,0.23622,0.1534,0.052345
measured_mac_C,B: radius prior 90%,46,0.067579,0.11453,0.13473,-0.05552,0.067255,0.017277,0.049978,0.22345,0.1814,0.059071,-0.091783
measured_mac_C,B: crust density 330,46,0.13878,0.16341,0.18241,-0.015867,0.13122,0.021329,0.10989,0.28693,0.25013,0.14432,0.015255
measured_mac_C,B: crust density 560,46,0.073274,0.11411,0.1352,-0.051692,0.072371,0.016713,0.055658,0.21134,0.17892,0.077832,-0.053765
measured_mac_C,B: crust depth 1 cm,46,0.13666,0.16304,0.18329,-0.027241,0.12932,0.022151,0.10717,0.32616,0.27912,0.14712,-0.040037
measured_mac_C,B: crust depth 5 cm,46,0.03726,0.091358,0.11554,-0.055742,0.040018,0.014048,0.02597,0.099129,0.088112,0.038235,0.0034868
measured_mac_C,B: no dust,46,0.15409,0.17462,0.19099,-0.017543,0.14497,0.020393,0.12458,0.33586,0.28896,0.16312,0.0045675
measured_mac_C,B: dust prior 90%,46,0.067526,0.11565,0.13558,-0.048597,0.067208,0.017582,0.049626,0.1836,0.1573,0.069615,-0.039824
measured_mac_C,B: f_n = 0 (all A. alaskanum),46,0.11677,0.14783,0.16826,-0.031213,0.11145,0.020925,0.09052,0.27223,0.23538,0.12563,-0.021107
measured_mac_C,B: f_n = 1 (all A. nordenskioeldii),46,0.094652,0.12583,0.14724,-0.038685,0.091577,0.017519,0.074058,0.2295,0.19685,0.098103,-0.021019
measured_mac_C,B: algae in 1 mm film,46,0.10112,0.13248,0.15329,-0.03632,0.097386,0.018561,0.078825,0.24355,0.20828,0.10349,-0.022095
measured_mac_C,B: granular ice (r 1500 um),46,0.24723,0.2576,0.27374,0.026536,0.22865,0.026463,0.20218,0.37525,0.36239,0.3072,0.22496
measured_mac_C,D: SZA -5 deg,46,0.098219,0.1307,0.15159,-0.040532,0.094781,0.018495,0.076286,0.24247,0.20764,0.10332,-0.028801
measured_mac_C,D: SZA +5 deg,46,0.10878,0.13836,0.15878,-0.029285,0.10427,0.019095,0.085175,0.24889,0.21553,0.11473,-0.011542
measured_mac_C,D: fully diffuse,46,0.19427,0.21012,0.22537,0.0061205,0.18107,0.022886,0.15819,0.26878,0.23929,0.14756,0.037526
measured_mac_C,D: mid-latitude summer spectrum,46,0.10708,0.13682,0.15738,-0.035925,0.10274,0.018901,0.083836,0.24523,0.21109,0.10836,-0.021124
tddft_C,reference,46,0.11583,0.1469,0.16728,-0.031588,0.1106,0.020843,0.089762,0.24894,0.25516,0.14517,-0.021065
tddft_D,reference,46,0.10295,0.13408,0.15481,-0.036061,0.09903,0.018759,0.080271,0.24646,0.21624,0.11198,-0.02574
tddft_D,B: radius prior 10%,46,0.13737,0.16095,0.17905,-0.014942,0.12996,0.020272,0.10969,0.2632,0.24156,0.15729,0.04678
tddft_D,B: radius prior 90%,46,0.067818,0.11475,0.13495,-0.055589,0.06747,0.017304,0.050166,0.22462,0.18624,0.062285,-0.095552
tddft_D,B: crust density 330,46,0.13892,0.16355,0.18255,-0.015968,0.13134,0.021342,0.11,0.28797,0.25447,0.14732,0.011423
tddft_D,B: crust density 560,46,0.073388,0.1142,0.13534,-0.051854,0.072474,0.016713,0.055761,0.21269,0.18464,0.081848,-0.059044
tddft_D,B: crust depth 1 cm,46,0.13684,0.16322,0.18349,-0.027282,0.12948,0.022176,0.1073,0.32696,0.28246,0.14937,-0.042609
tddft_D,B: crust depth 5 cm,46,0.036881,0.090992,0.11543,-0.056159,0.039678,0.013953,0.025724,0.10056,0.094345,0.042994,-0.0046664
tddft_D,B: no dust,46,0.15429,0.17482,0.19122,-0.01768,0.14515,0.020407,0.12474,0.33733,0.29508,0.16728,-0.00070578
tddft_D,B: dust prior 90%,46,0.067606,0.11572,0.13567,-0.048731,0.06728,0.017583,0.049697,0.18466,0.16181,0.072822,-0.044096
tddft_D,B: f_n = 0 (all A. alaskanum),46,0.11651,0.14757,0.168,-0.031418,0.11122,0.020878,0.090338,0.27283,0.23768,0.12715,-0.024419
tddft_D,B: f_n = 1 (all A. nordenskioeldii),46,0.09495,0.12613,0.14755,-0.038799,0.091844,0.017545,0.074299,0.23104,0.2035,0.10283,-0.026564
tddft_D,B: algae in 1 mm film,46,0.10109,0.13244,0.1533,-0.036534,0.09736,0.018542,0.078818,0.24479,0.21355,0.10731,-0.027715
tddft_D,B: granular ice (r 1500 um),46,0.24698,0.25735,0.27349,0.026234,0.22843,0.026412,0.20201,0.37633,0.36717,0.31105,0.21861
tddft_D,D: SZA -5 deg,46,0.098354,0.13083,0.15174,-0.040666,0.094903,0.018503,0.0764,0.2437,0.21281,0.10692,-0.033461
tddft_D,D: SZA +5 deg,46,0.10889,0.13847,0.15891,-0.029424,0.10437,0.019099,0.08527,0.2501,0.22065,0.11831,-0.016245
tddft_D,D: fully diffuse,46,0.19444,0.21028,0.22557,0.0059717,0.18122,0.022896,0.15832,0.26995,0.2442,0.15103,0.032634
tddft_D,D: mid-latitude summer spectrum,46,0.1072,0.13694,0.15752,-0.036061,0.10285,0.018907,0.083942,0.24646,0.21624,0.11195,-0.025848
tddft_D_iid,reference,46,0.10132,0.13246,0.15331,-0.036659,0.097564,0.018504,0.07906,0.24635,0.21215,0.10734,-0.02689
